video_annotation_label_id,label_name,label_hierarchy,video_id,video_filename,frames,annotation_id
3244280,Undulated (Gymnothorax undulatus),Eels > Morays (Muraenidae) > Undulated (Gymnothorax undulatus),35475,25.10.Milimani_C10_Makarel_ganz.mp4,[215.353004291],2748756
3244285,Sixbar (Thalassoma hardwicke),Wrasses > Wrasses (Labridae) > Sixbar (Thalassoma hardwicke),35475,25.10.Milimani_C10_Makarel_ganz.mp4,[9.418792359],2748761
3244292,Scissortail Sergeant (Abudefduf sexfasciatus),Small Ovals - Damselfishes > Damselfishes (Pomacentridae) > Scissortail Sergeant (Abudefduf sexfasciatus),35475,25.10.Milimani_C10_Makarel_ganz.mp4,[1.2109272],2748768
3244318,Green (Amblyglyphidodon indicus),Small Ovals - Damselfishes > Damselfishes (Pomacentridae) > Green (Amblyglyphidodon indicus),35475,25.10.Milimani_C10_Makarel_ganz.mp4,[1.6253823],2748794
3244339,Moon (Thalassoma lunare),Wrasses > Wrasses (Labridae) > Moon (Thalassoma lunare),35475,25.10.Milimani_C10_Makarel_ganz.mp4,[9.779700038666752],2748815
3244347,Longbarbel (Parupeneus macronemus),Odd-shaped Swimmers > Goatfishes (Mullidae) > Longbarbel (Parupeneus macronemus),35475,25.10.Milimani_C10_Makarel_ganz.mp4,[33.165782984],2748823
3244349,Longbarbel (Parupeneus macronemus),Odd-shaped Swimmers > Goatfishes (Mullidae) > Longbarbel (Parupeneus macronemus),35475,25.10.Milimani_C10_Makarel_ganz.mp4,[33.165782984],2748825
3244389,Goldbar (Thalassoma hebraicum),Wrasses > Wrasses (Labridae) > Goldbar (Thalassoma hebraicum),35475,25.10.Milimani_C10_Makarel_ganz.mp4,[21.958253479],2748865
3244391,Scissortail Sergeant (Abudefduf sexfasciatus),Small Ovals - Damselfishes > Damselfishes (Pomacentridae) > Scissortail Sergeant (Abudefduf sexfasciatus),35475,25.10.Milimani_C10_Makarel_ganz.mp4,[19.933390495],2748867
3244392,Scissortail Sergeant (Abudefduf sexfasciatus),Small Ovals - Damselfishes > Damselfishes (Pomacentridae) > Scissortail Sergeant (Abudefduf sexfasciatus),35475,25.10.Milimani_C10_Makarel_ganz.mp4,[19.933390495],2748868
3244393,Scissortail Sergeant (Abudefduf sexfasciatus),Small Ovals - Damselfishes > Damselfishes (Pomacentridae) > Scissortail Sergeant (Abudefduf sexfasciatus),35475,25.10.Milimani_C10_Makarel_ganz.mp4,[19.933390495],2748869
3244394,Scissortail Sergeant (Abudefduf sexfasciatus),Small Ovals - Damselfishes > Damselfishes (Pomacentridae) > Scissortail Sergeant (Abudefduf sexfasciatus),35475,25.10.Milimani_C10_Makarel_ganz.mp4,[19.933390495],2748870
3244395,Scissortail Sergeant (Abudefduf sexfasciatus),Small Ovals - Damselfishes > Damselfishes (Pomacentridae) > Scissortail Sergeant (Abudefduf sexfasciatus),35475,25.10.Milimani_C10_Makarel_ganz.mp4,[19.933390495],2748871
3244408,Ternate (Chromis ternatensis),Small Ovals - Damselfishes > Damselfishes (Pomacentridae) > Ternate (Chromis ternatensis),35475,25.10.Milimani_C10_Makarel_ganz.mp4,[33.0746420283326],2748884
3244409,Ternate (Chromis ternatensis),Small Ovals - Damselfishes > Damselfishes (Pomacentridae) > Ternate (Chromis ternatensis),35475,25.10.Milimani_C10_Makarel_ganz.mp4,[656.218610457],2748885
3244410,Ternate (Chromis ternatensis),Small Ovals - Damselfishes > Damselfishes (Pomacentridae) > Ternate (Chromis ternatensis),35475,25.10.Milimani_C10_Makarel_ganz.mp4,[656.218610457],2748886
3244411,Ternate (Chromis ternatensis),Small Ovals - Damselfishes > Damselfishes (Pomacentridae) > Ternate (Chromis ternatensis),35475,25.10.Milimani_C10_Makarel_ganz.mp4,[656.218610457],2748887
3244412,Ternate (Chromis ternatensis),Small Ovals - Damselfishes > Damselfishes (Pomacentridae) > Ternate (Chromis ternatensis),35475,25.10.Milimani_C10_Makarel_ganz.mp4,[656.218610457],2748888
3244413,Ternate (Chromis ternatensis),Small Ovals - Damselfishes > Damselfishes (Pomacentridae) > Ternate (Chromis ternatensis),35475,25.10.Milimani_C10_Makarel_ganz.mp4,[656.218610457],2748889
3244414,Ternate (Chromis ternatensis),Small Ovals - Damselfishes > Damselfishes (Pomacentridae) > Ternate (Chromis ternatensis),35475,25.10.Milimani_C10_Makarel_ganz.mp4,[656.218610457],2748890
3244415,Ternate (Chromis ternatensis),Small Ovals - Damselfishes > Damselfishes (Pomacentridae) > Ternate (Chromis ternatensis),35475,25.10.Milimani_C10_Makarel_ganz.mp4,[656.218610457],2748891
3244416,Ternate (Chromis ternatensis),Small Ovals - Damselfishes > Damselfishes (Pomacentridae) > Ternate (Chromis ternatensis),35475,25.10.Milimani_C10_Makarel_ganz.mp4,[656.218610457],2748892
3244417,Ternate (Chromis ternatensis),Small Ovals - Damselfishes > Damselfishes (Pomacentridae) > Ternate (Chromis ternatensis),35475,25.10.Milimani_C10_Makarel_ganz.mp4,[656.218610457],2748893
3244418,Ternate (Chromis ternatensis),Small Ovals - Damselfishes > Damselfishes (Pomacentridae) > Ternate (Chromis ternatensis),35475,25.10.Milimani_C10_Makarel_ganz.mp4,[656.218610457],2748894
3244419,Ternate (Chromis ternatensis),Small Ovals - Damselfishes > Damselfishes (Pomacentridae) > Ternate (Chromis ternatensis),35475,25.10.Milimani_C10_Makarel_ganz.mp4,[656.218610457],2748895
3244420,Ternate (Chromis ternatensis),Small Ovals - Damselfishes > Damselfishes (Pomacentridae) > Ternate (Chromis ternatensis),35475,25.10.Milimani_C10_Makarel_ganz.mp4,[656.218610457],2748896
3244421,Ternate (Chromis ternatensis),Small Ovals - Damselfishes > Damselfishes (Pomacentridae) > Ternate (Chromis ternatensis),35475,25.10.Milimani_C10_Makarel_ganz.mp4,[656.218610457],2748897
3244422,Ternate (Chromis ternatensis),Small Ovals - Damselfishes > Damselfishes (Pomacentridae) > Ternate (Chromis ternatensis),35475,25.10.Milimani_C10_Makarel_ganz.mp4,[656.218610457],2748898
3244423,Ternate (Chromis ternatensis),Small Ovals - Damselfishes > Damselfishes (Pomacentridae) > Ternate (Chromis ternatensis),35475,25.10.Milimani_C10_Makarel_ganz.mp4,[656.218610457],2748899
3244424,Ternate (Chromis ternatensis),Small Ovals - Damselfishes > Damselfishes (Pomacentridae) > Ternate (Chromis ternatensis),35475,25.10.Milimani_C10_Makarel_ganz.mp4,[656.218610457],2748900
3244425,Ternate (Chromis ternatensis),Small Ovals - Damselfishes > Damselfishes (Pomacentridae) > Ternate (Chromis ternatensis),35475,25.10.Milimani_C10_Makarel_ganz.mp4,[656.218610457],2748901
3244426,Ternate (Chromis ternatensis),Small Ovals - Damselfishes > Damselfishes (Pomacentridae) > Ternate (Chromis ternatensis),35475,25.10.Milimani_C10_Makarel_ganz.mp4,[656.218610457],2748902
3244427,Ternate (Chromis ternatensis),Small Ovals - Damselfishes > Damselfishes (Pomacentridae) > Ternate (Chromis ternatensis),35475,25.10.Milimani_C10_Makarel_ganz.mp4,[656.218610457],2748903
3244428,Ternate (Chromis ternatensis),Small Ovals - Damselfishes > Damselfishes (Pomacentridae) > Ternate (Chromis ternatensis),35475,25.10.Milimani_C10_Makarel_ganz.mp4,[656.218610457],2748904
3244429,Ternate (Chromis ternatensis),Small Ovals - Damselfishes > Damselfishes (Pomacentridae) > Ternate (Chromis ternatensis),35475,25.10.Milimani_C10_Makarel_ganz.mp4,[656.218610457],2748905
3244430,Ternate (Chromis ternatensis),Small Ovals - Damselfishes > Damselfishes (Pomacentridae) > Ternate (Chromis ternatensis),35475,25.10.Milimani_C10_Makarel_ganz.mp4,[656.218610457],2748906
3244431,Ternate (Chromis ternatensis),Small Ovals - Damselfishes > Damselfishes (Pomacentridae) > Ternate (Chromis ternatensis),35475,25.10.Milimani_C10_Makarel_ganz.mp4,[656.218610457],2748907
3244432,Ternate (Chromis ternatensis),Small Ovals - Damselfishes > Damselfishes (Pomacentridae) > Ternate (Chromis ternatensis),35475,25.10.Milimani_C10_Makarel_ganz.mp4,[656.218610457],2748908
3244433,Ternate (Chromis ternatensis),Small Ovals - Damselfishes > Damselfishes (Pomacentridae) > Ternate (Chromis ternatensis),35475,25.10.Milimani_C10_Makarel_ganz.mp4,[656.218610457],2748909
3244434,Ternate (Chromis ternatensis),Small Ovals - Damselfishes > Damselfishes (Pomacentridae) > Ternate (Chromis ternatensis),35475,25.10.Milimani_C10_Makarel_ganz.mp4,[656.218610457],2748910
3244435,Ternate (Chromis ternatensis),Small Ovals - Damselfishes > Damselfishes (Pomacentridae) > Ternate (Chromis ternatensis),35475,25.10.Milimani_C10_Makarel_ganz.mp4,[656.218610457],2748911
3244436,Ternate (Chromis ternatensis),Small Ovals - Damselfishes > Damselfishes (Pomacentridae) > Ternate (Chromis ternatensis),35475,25.10.Milimani_C10_Makarel_ganz.mp4,[656.218610457],2748912
3244437,Ternate (Chromis ternatensis),Small Ovals - Damselfishes > Damselfishes (Pomacentridae) > Ternate (Chromis ternatensis),35475,25.10.Milimani_C10_Makarel_ganz.mp4,[656.218610457],2748913
3244438,Ternate (Chromis ternatensis),Small Ovals - Damselfishes > Damselfishes (Pomacentridae) > Ternate (Chromis ternatensis),35475,25.10.Milimani_C10_Makarel_ganz.mp4,[656.218610457],2748914
3244439,Ternate (Chromis ternatensis),Small Ovals - Damselfishes > Damselfishes (Pomacentridae) > Ternate (Chromis ternatensis),35475,25.10.Milimani_C10_Makarel_ganz.mp4,[656.218610457],2748915
3244440,Ternate (Chromis ternatensis),Small Ovals - Damselfishes > Damselfishes (Pomacentridae) > Ternate (Chromis ternatensis),35475,25.10.Milimani_C10_Makarel_ganz.mp4,[656.218610457],2748916
3244441,Ternate (Chromis ternatensis),Small Ovals - Damselfishes > Damselfishes (Pomacentridae) > Ternate (Chromis ternatensis),35475,25.10.Milimani_C10_Makarel_ganz.mp4,[656.218610457],2748917
3244442,Ternate (Chromis ternatensis),Small Ovals - Damselfishes > Damselfishes (Pomacentridae) > Ternate (Chromis ternatensis),35475,25.10.Milimani_C10_Makarel_ganz.mp4,[656.218610457],2748918
3244443,Ternate (Chromis ternatensis),Small Ovals - Damselfishes > Damselfishes (Pomacentridae) > Ternate (Chromis ternatensis),35475,25.10.Milimani_C10_Makarel_ganz.mp4,[656.218610457],2748919
3244444,Ternate (Chromis ternatensis),Small Ovals - Damselfishes > Damselfishes (Pomacentridae) > Ternate (Chromis ternatensis),35475,25.10.Milimani_C10_Makarel_ganz.mp4,[656.218610457],2748920
3244445,Ternate (Chromis ternatensis),Small Ovals - Damselfishes > Damselfishes (Pomacentridae) > Ternate (Chromis ternatensis),35475,25.10.Milimani_C10_Makarel_ganz.mp4,[656.218610457],2748921
3244446,Ternate (Chromis ternatensis),Small Ovals - Damselfishes > Damselfishes (Pomacentridae) > Ternate (Chromis ternatensis),35475,25.10.Milimani_C10_Makarel_ganz.mp4,[656.218610457],2748922
3244447,Ternate (Chromis ternatensis),Small Ovals - Damselfishes > Damselfishes (Pomacentridae) > Ternate (Chromis ternatensis),35475,25.10.Milimani_C10_Makarel_ganz.mp4,[656.218610457],2748923
3244448,Ternate (Chromis ternatensis),Small Ovals - Damselfishes > Damselfishes (Pomacentridae) > Ternate (Chromis ternatensis),35475,25.10.Milimani_C10_Makarel_ganz.mp4,[656.218610457],2748924
3244449,Ternate (Chromis ternatensis),Small Ovals - Damselfishes > Damselfishes (Pomacentridae) > Ternate (Chromis ternatensis),35475,25.10.Milimani_C10_Makarel_ganz.mp4,[656.218610457],2748925
3244450,Ternate (Chromis ternatensis),Small Ovals - Damselfishes > Damselfishes (Pomacentridae) > Ternate (Chromis ternatensis),35475,25.10.Milimani_C10_Makarel_ganz.mp4,[656.218610457],2748926
3244451,Ternate (Chromis ternatensis),Small Ovals - Damselfishes > Damselfishes (Pomacentridae) > Ternate (Chromis ternatensis),35475,25.10.Milimani_C10_Makarel_ganz.mp4,[656.218610457],2748927
3244452,Ternate (Chromis ternatensis),Small Ovals - Damselfishes > Damselfishes (Pomacentridae) > Ternate (Chromis ternatensis),35475,25.10.Milimani_C10_Makarel_ganz.mp4,[656.218610457],2748928
3244453,Ternate (Chromis ternatensis),Small Ovals - Damselfishes > Damselfishes (Pomacentridae) > Ternate (Chromis ternatensis),35475,25.10.Milimani_C10_Makarel_ganz.mp4,[656.218610457],2748929
3244454,Ternate (Chromis ternatensis),Small Ovals - Damselfishes > Damselfishes (Pomacentridae) > Ternate (Chromis ternatensis),35475,25.10.Milimani_C10_Makarel_ganz.mp4,[656.218610457],2748930
3244455,Ternate (Chromis ternatensis),Small Ovals - Damselfishes > Damselfishes (Pomacentridae) > Ternate (Chromis ternatensis),35475,25.10.Milimani_C10_Makarel_ganz.mp4,[656.218610457],2748931
3244456,Ternate (Chromis ternatensis),Small Ovals - Damselfishes > Damselfishes (Pomacentridae) > Ternate (Chromis ternatensis),35475,25.10.Milimani_C10_Makarel_ganz.mp4,[656.218610457],2748932
3244457,Ternate (Chromis ternatensis),Small Ovals - Damselfishes > Damselfishes (Pomacentridae) > Ternate (Chromis ternatensis),35475,25.10.Milimani_C10_Makarel_ganz.mp4,[656.218610457],2748933
3244458,Ternate (Chromis ternatensis),Small Ovals - Damselfishes > Damselfishes (Pomacentridae) > Ternate (Chromis ternatensis),35475,25.10.Milimani_C10_Makarel_ganz.mp4,[656.218610457],2748934
3244459,Ternate (Chromis ternatensis),Small Ovals - Damselfishes > Damselfishes (Pomacentridae) > Ternate (Chromis ternatensis),35475,25.10.Milimani_C10_Makarel_ganz.mp4,[656.218610457],2748935
3244460,Ternate (Chromis ternatensis),Small Ovals - Damselfishes > Damselfishes (Pomacentridae) > Ternate (Chromis ternatensis),35475,25.10.Milimani_C10_Makarel_ganz.mp4,[656.218610457],2748936
3244462,Ternate (Chromis ternatensis),Small Ovals - Damselfishes > Damselfishes (Pomacentridae) > Ternate (Chromis ternatensis),35475,25.10.Milimani_C10_Makarel_ganz.mp4,[656.218610457],2748938
3244463,Ternate (Chromis ternatensis),Small Ovals - Damselfishes > Damselfishes (Pomacentridae) > Ternate (Chromis ternatensis),35475,25.10.Milimani_C10_Makarel_ganz.mp4,[656.218610457],2748939
3244464,Ternate (Chromis ternatensis),Small Ovals - Damselfishes > Damselfishes (Pomacentridae) > Ternate (Chromis ternatensis),35475,25.10.Milimani_C10_Makarel_ganz.mp4,[656.218610457],2748940
3244465,Ternate (Chromis ternatensis),Small Ovals - Damselfishes > Damselfishes (Pomacentridae) > Ternate (Chromis ternatensis),35475,25.10.Milimani_C10_Makarel_ganz.mp4,[656.218610457],2748941
3244466,Ternate (Chromis ternatensis),Small Ovals - Damselfishes > Damselfishes (Pomacentridae) > Ternate (Chromis ternatensis),35475,25.10.Milimani_C10_Makarel_ganz.mp4,[656.218610457],2748942
3244467,Ternate (Chromis ternatensis),Small Ovals - Damselfishes > Damselfishes (Pomacentridae) > Ternate (Chromis ternatensis),35475,25.10.Milimani_C10_Makarel_ganz.mp4,[656.218610457],2748943
3244468,Ternate (Chromis ternatensis),Small Ovals - Damselfishes > Damselfishes (Pomacentridae) > Ternate (Chromis ternatensis),35475,25.10.Milimani_C10_Makarel_ganz.mp4,[656.218610457],2748944
3244469,Ternate (Chromis ternatensis),Small Ovals - Damselfishes > Damselfishes (Pomacentridae) > Ternate (Chromis ternatensis),35475,25.10.Milimani_C10_Makarel_ganz.mp4,[656.218610457],2748945
3244470,Ternate (Chromis ternatensis),Small Ovals - Damselfishes > Damselfishes (Pomacentridae) > Ternate (Chromis ternatensis),35475,25.10.Milimani_C10_Makarel_ganz.mp4,[656.218610457],2748946
3244471,Ternate (Chromis ternatensis),Small Ovals - Damselfishes > Damselfishes (Pomacentridae) > Ternate (Chromis ternatensis),35475,25.10.Milimani_C10_Makarel_ganz.mp4,[656.218610457],2748947
3244472,Ternate (Chromis ternatensis),Small Ovals - Damselfishes > Damselfishes (Pomacentridae) > Ternate (Chromis ternatensis),35475,25.10.Milimani_C10_Makarel_ganz.mp4,[656.218610457],2748948
3244473,Ternate (Chromis ternatensis),Small Ovals - Damselfishes > Damselfishes (Pomacentridae) > Ternate (Chromis ternatensis),35475,25.10.Milimani_C10_Makarel_ganz.mp4,[656.218610457],2748949
3244474,Ternate (Chromis ternatensis),Small Ovals - Damselfishes > Damselfishes (Pomacentridae) > Ternate (Chromis ternatensis),35475,25.10.Milimani_C10_Makarel_ganz.mp4,[656.218610457],2748950
3244475,Ternate (Chromis ternatensis),Small Ovals - Damselfishes > Damselfishes (Pomacentridae) > Ternate (Chromis ternatensis),35475,25.10.Milimani_C10_Makarel_ganz.mp4,[656.218610457],2748951
3244476,Ternate (Chromis ternatensis),Small Ovals - Damselfishes > Damselfishes (Pomacentridae) > Ternate (Chromis ternatensis),35475,25.10.Milimani_C10_Makarel_ganz.mp4,[656.218610457],2748952
3244477,Ternate (Chromis ternatensis),Small Ovals - Damselfishes > Damselfishes (Pomacentridae) > Ternate (Chromis ternatensis),35475,25.10.Milimani_C10_Makarel_ganz.mp4,[656.218610457],2748953
3244478,Ternate (Chromis ternatensis),Small Ovals - Damselfishes > Damselfishes (Pomacentridae) > Ternate (Chromis ternatensis),35475,25.10.Milimani_C10_Makarel_ganz.mp4,[656.218610457],2748954
3244479,Ternate (Chromis ternatensis),Small Ovals - Damselfishes > Damselfishes (Pomacentridae) > Ternate (Chromis ternatensis),35475,25.10.Milimani_C10_Makarel_ganz.mp4,[656.218610457],2748955
3244480,Ternate (Chromis ternatensis),Small Ovals - Damselfishes > Damselfishes (Pomacentridae) > Ternate (Chromis ternatensis),35475,25.10.Milimani_C10_Makarel_ganz.mp4,[656.218610457],2748956
3244481,Ternate (Chromis ternatensis),Small Ovals - Damselfishes > Damselfishes (Pomacentridae) > Ternate (Chromis ternatensis),35475,25.10.Milimani_C10_Makarel_ganz.mp4,[656.218610457],2748957
3244482,Ternate (Chromis ternatensis),Small Ovals - Damselfishes > Damselfishes (Pomacentridae) > Ternate (Chromis ternatensis),35475,25.10.Milimani_C10_Makarel_ganz.mp4,[656.218610457],2748958
3244483,Ternate (Chromis ternatensis),Small Ovals - Damselfishes > Damselfishes (Pomacentridae) > Ternate (Chromis ternatensis),35475,25.10.Milimani_C10_Makarel_ganz.mp4,[656.218610457],2748959
3244484,Ternate (Chromis ternatensis),Small Ovals - Damselfishes > Damselfishes (Pomacentridae) > Ternate (Chromis ternatensis),35475,25.10.Milimani_C10_Makarel_ganz.mp4,[656.218610457],2748960
3244485,Ternate (Chromis ternatensis),Small Ovals - Damselfishes > Damselfishes (Pomacentridae) > Ternate (Chromis ternatensis),35475,25.10.Milimani_C10_Makarel_ganz.mp4,[656.218610457],2748961
3244486,Ternate (Chromis ternatensis),Small Ovals - Damselfishes > Damselfishes (Pomacentridae) > Ternate (Chromis ternatensis),35475,25.10.Milimani_C10_Makarel_ganz.mp4,[656.218610457],2748962
3244487,Ternate (Chromis ternatensis),Small Ovals - Damselfishes > Damselfishes (Pomacentridae) > Ternate (Chromis ternatensis),35475,25.10.Milimani_C10_Makarel_ganz.mp4,[656.218610457],2748963
3244488,Ternate (Chromis ternatensis),Small Ovals - Damselfishes > Damselfishes (Pomacentridae) > Ternate (Chromis ternatensis),35475,25.10.Milimani_C10_Makarel_ganz.mp4,[656.218610457],2748964
3244489,Ternate (Chromis ternatensis),Small Ovals - Damselfishes > Damselfishes (Pomacentridae) > Ternate (Chromis ternatensis),35475,25.10.Milimani_C10_Makarel_ganz.mp4,[656.218610457],2748965
3244490,Ternate (Chromis ternatensis),Small Ovals - Damselfishes > Damselfishes (Pomacentridae) > Ternate (Chromis ternatensis),35475,25.10.Milimani_C10_Makarel_ganz.mp4,[656.218610457],2748966
3244491,Ternate (Chromis ternatensis),Small Ovals - Damselfishes > Damselfishes (Pomacentridae) > Ternate (Chromis ternatensis),35475,25.10.Milimani_C10_Makarel_ganz.mp4,[656.218610457],2748967
3244511,Lined Bristletooth (Ctenochaetus striatus),Large Ovals > Surgeonfishes (Acanthuridae) > Lined Bristletooth (Ctenochaetus striatus),35475,25.10.Milimani_C10_Makarel_ganz.mp4,[27.163632529],2748987
3244537,Black-lipped (Chaetodon kleinii),Disk-shaped/Colourful > Butterflyfishes (Chaetodontidae) > Black-lipped (Chaetodon kleinii),35475,25.10.Milimani_C10_Makarel_ganz.mp4,[31.891023132666437],2749013
3244542,Sixbar (Thalassoma hardwicke),Wrasses > Wrasses (Labridae) > Sixbar (Thalassoma hardwicke),35475,25.10.Milimani_C10_Makarel_ganz.mp4,[68.274861041],2749018
3244543,Sixbar (Thalassoma hardwicke),Wrasses > Wrasses (Labridae) > Sixbar (Thalassoma hardwicke),35475,25.10.Milimani_C10_Makarel_ganz.mp4,[68.274861041],2749019
3244544,Sixbar (Thalassoma hardwicke),Wrasses > Wrasses (Labridae) > Sixbar (Thalassoma hardwicke),35475,25.10.Milimani_C10_Makarel_ganz.mp4,[68.274861041],2749020
3244545,Sixbar (Thalassoma hardwicke),Wrasses > Wrasses (Labridae) > Sixbar (Thalassoma hardwicke),35475,25.10.Milimani_C10_Makarel_ganz.mp4,[68.274861041],2749021
3244546,Sixbar (Thalassoma hardwicke),Wrasses > Wrasses (Labridae) > Sixbar (Thalassoma hardwicke),35475,25.10.Milimani_C10_Makarel_ganz.mp4,[68.274861041],2749022
3244550,Regal (Pygoplites diacanthus),Disk-shaped/Colourful > Angelfishes (Pomacanthidae) > Regal (Pygoplites diacanthus),35475,25.10.Milimani_C10_Makarel_ganz.mp4,[81.41455547466668],2749026
3244553,Goldbar (Thalassoma hebraicum),Wrasses > Wrasses (Labridae) > Goldbar (Thalassoma hebraicum),35475,25.10.Milimani_C10_Makarel_ganz.mp4,[134.4120136],2749029
3244554,Goldbar (Thalassoma hebraicum),Wrasses > Wrasses (Labridae) > Goldbar (Thalassoma hebraicum),35475,25.10.Milimani_C10_Makarel_ganz.mp4,[134.4120136],2749030
3244568,Bluefin (Caranx melampygus),Silvery > Jacks/Trevallyes (Carangidae) > Bluefin (Caranx melampygus),35475,25.10.Milimani_C10_Makarel_ganz.mp4,[156.704114333],2749044
3244571,Indian Longnose (Hipposcarus harid),Parrotfishes > Parrotfishes (Scaridae) > Indian Longnose (Hipposcarus harid),35475,25.10.Milimani_C10_Makarel_ganz.mp4,[205.396255364],2749047
3244572,Indian Longnose (Hipposcarus harid),Parrotfishes > Parrotfishes (Scaridae) > Indian Longnose (Hipposcarus harid),35475,25.10.Milimani_C10_Makarel_ganz.mp4,[205.396255364],2749048
3244573,Indian Longnose (Hipposcarus harid),Parrotfishes > Parrotfishes (Scaridae) > Indian Longnose (Hipposcarus harid),35475,25.10.Milimani_C10_Makarel_ganz.mp4,[81.76003713599852],2749049
3244576,Parrotfishes (Scaridae),Parrotfishes > Parrotfishes (Scaridae),35475,25.10.Milimani_C10_Makarel_ganz.mp4,[221.66291445933336],2749052
3244577,Parrotfishes (Scaridae),Parrotfishes > Parrotfishes (Scaridae),35475,25.10.Milimani_C10_Makarel_ganz.mp4,[222.30121652833296],2749053
3244578,Parrotfishes (Scaridae),Parrotfishes > Parrotfishes (Scaridae),35475,25.10.Milimani_C10_Makarel_ganz.mp4,[222.30121652833296],2749054
3244579,Parrotfishes (Scaridae),Parrotfishes > Parrotfishes (Scaridae),35475,25.10.Milimani_C10_Makarel_ganz.mp4,[222.30121652833296],2749055
3244580,Parrotfishes (Scaridae),Parrotfishes > Parrotfishes (Scaridae),35475,25.10.Milimani_C10_Makarel_ganz.mp4,[222.70457865800094],2749056
3244581,Parrotfishes (Scaridae),Parrotfishes > Parrotfishes (Scaridae),35475,25.10.Milimani_C10_Makarel_ganz.mp4,[224.14827578033487],2749057
3244585,Bird wrasse (Gomphosus caeruleus),Wrasses > Wrasses (Labridae) > Bird wrasse (Gomphosus caeruleus),35475,25.10.Milimani_C10_Makarel_ganz.mp4,[227.36940184066754],2749061
3244586,Bird wrasse (Gomphosus caeruleus),Wrasses > Wrasses (Labridae) > Bird wrasse (Gomphosus caeruleus),35475,25.10.Milimani_C10_Makarel_ganz.mp4,[232.9773311249167],2749062
3244594,Brown Tang (Zebrasoma scopas),Large Ovals > Surgeonfishes (Acanthuridae) > Brown Tang (Zebrasoma scopas),35475,25.10.Milimani_C10_Makarel_ganz.mp4,[234.247354386],2749070
3244657,Threadfin (Chaetodon auriga),Disk-shaped/Colourful > Butterflyfishes (Chaetodontidae) > Threadfin (Chaetodon auriga),35475,25.10.Milimani_C10_Makarel_ganz.mp4,[325.432430107],2749131
3244659,Peacock (Cephalopholis argus),Heavy Bodies/Large Lips > Groupers (Serranidae) > Peacock (Cephalopholis argus),35475,25.10.Milimani_C10_Makarel_ganz.mp4,[331.344018788],2749133
3244661,Threadfin (Chaetodon auriga),Disk-shaped/Colourful > Butterflyfishes (Chaetodontidae) > Threadfin (Chaetodon auriga),35475,25.10.Milimani_C10_Makarel_ganz.mp4,[334.7245453914996],2749135
3244662,Threadfin (Chaetodon auriga),Disk-shaped/Colourful > Butterflyfishes (Chaetodontidae) > Threadfin (Chaetodon auriga),35475,25.10.Milimani_C10_Makarel_ganz.mp4,[334.7245453914996],2749136
3244664,Orange-lined (Balistapus undulatus),Odd-shaped Swimmers > Triggerfishes (Balistidae) > Orange-lined (Balistapus undulatus),35475,25.10.Milimani_C10_Makarel_ganz.mp4,[358.7685423511653],2749138
3244668,Regal (Pygoplites diacanthus),Disk-shaped/Colourful > Angelfishes (Pomacanthidae) > Regal (Pygoplites diacanthus),35475,25.10.Milimani_C10_Makarel_ganz.mp4,[407.231893713],2749142
3244669,Regal (Pygoplites diacanthus),Disk-shaped/Colourful > Angelfishes (Pomacanthidae) > Regal (Pygoplites diacanthus),35475,25.10.Milimani_C10_Makarel_ganz.mp4,[407.231893713],2749143
3244671,Trumpetfish (Aulostomus chinensis),Odd-shaped Swimmers > Trumpetfishes (Aulostomidae) > Trumpetfish (Aulostomus chinensis),35475,25.10.Milimani_C10_Makarel_ganz.mp4,[413.897027418],2749145
3244676,Red (Lutjanus bohar),Sloping Heads > Snappers (Lutjanidae) > Red (Lutjanus bohar),35475,25.10.Milimani_C10_Makarel_ganz.mp4,[434.287024718],2749150
3244677,Red (Lutjanus bohar),Sloping Heads > Snappers (Lutjanidae) > Red (Lutjanus bohar),35475,25.10.Milimani_C10_Makarel_ganz.mp4,[434.287024718],2749151
3244684,Red (Lutjanus bohar),Sloping Heads > Snappers (Lutjanidae) > Red (Lutjanus bohar),35475,25.10.Milimani_C10_Makarel_ganz.mp4,[494.450237998],2749158
3244685,Red (Lutjanus bohar),Sloping Heads > Snappers (Lutjanidae) > Red (Lutjanus bohar),35475,25.10.Milimani_C10_Makarel_ganz.mp4,[494.450237998],2749159
3244686,Red (Lutjanus bohar),Sloping Heads > Snappers (Lutjanidae) > Red (Lutjanus bohar),35475,25.10.Milimani_C10_Makarel_ganz.mp4,[494.450237998],2749160
3244688,Bird wrasse (Gomphosus caeruleus),Wrasses > Wrasses (Labridae) > Bird wrasse (Gomphosus caeruleus),35475,25.10.Milimani_C10_Makarel_ganz.mp4,[554.1897753418335],2749162
3244689,Bird wrasse (Gomphosus caeruleus),Wrasses > Wrasses (Labridae) > Bird wrasse (Gomphosus caeruleus),35475,25.10.Milimani_C10_Makarel_ganz.mp4,[554.1897753418335],2749163
3244692,Spotted (Chaetodon guttatissimus),Disk-shaped/Colourful > Butterflyfishes (Chaetodontidae) > Spotted (Chaetodon guttatissimus),35475,25.10.Milimani_C10_Makarel_ganz.mp4,[1023.876565479],2749166
3244693,Spotted (Chaetodon guttatissimus),Disk-shaped/Colourful > Butterflyfishes (Chaetodontidae) > Spotted (Chaetodon guttatissimus),35475,25.10.Milimani_C10_Makarel_ganz.mp4,[1026.087331158333],2749167
3244694,Spotted (Chaetodon guttatissimus),Disk-shaped/Colourful > Butterflyfishes (Chaetodontidae) > Spotted (Chaetodon guttatissimus),35475,25.10.Milimani_C10_Makarel_ganz.mp4,[1026.087331158333],2749168
3244695,Lined Bristletooth (Ctenochaetus striatus),Large Ovals > Surgeonfishes (Acanthuridae) > Lined Bristletooth (Ctenochaetus striatus),35475,25.10.Milimani_C10_Makarel_ganz.mp4,[243.4038819530006],2749169
3244696,Lined Bristletooth (Ctenochaetus striatus),Large Ovals > Surgeonfishes (Acanthuridae) > Lined Bristletooth (Ctenochaetus striatus),35475,25.10.Milimani_C10_Makarel_ganz.mp4,[243.4038819530006],2749170
3244697,Lined Bristletooth (Ctenochaetus striatus),Large Ovals > Surgeonfishes (Acanthuridae) > Lined Bristletooth (Ctenochaetus striatus),35475,25.10.Milimani_C10_Makarel_ganz.mp4,[243.4038819530006],2749171
3244809,Paletail Unicorn (Naso brevirostris),Large Ovals > Surgeonfishes (Acanthuridae) > Paletail Unicorn (Naso brevirostris),35475,25.10.Milimani_C10_Makarel_ganz.mp4,[233.6444778],2749283
3244810,Paletail Unicorn (Naso brevirostris),Large Ovals > Surgeonfishes (Acanthuridae) > Paletail Unicorn (Naso brevirostris),35475,25.10.Milimani_C10_Makarel_ganz.mp4,[239.37264625800006],2749284
3244811,Paletail Unicorn (Naso brevirostris),Large Ovals > Surgeonfishes (Acanthuridae) > Paletail Unicorn (Naso brevirostris),35475,25.10.Milimani_C10_Makarel_ganz.mp4,[239.37264625800006],2749285
3244812,Brown Tang (Zebrasoma scopas),Large Ovals > Surgeonfishes (Acanthuridae) > Brown Tang (Zebrasoma scopas),35475,25.10.Milimani_C10_Makarel_ganz.mp4,[258.64870204666545],2749286
3244813,Brown Tang (Zebrasoma scopas),Large Ovals > Surgeonfishes (Acanthuridae) > Brown Tang (Zebrasoma scopas),35475,25.10.Milimani_C10_Makarel_ganz.mp4,[258.64870204666545],2749287
3244814,Brown Tang (Zebrasoma scopas),Large Ovals > Surgeonfishes (Acanthuridae) > Brown Tang (Zebrasoma scopas),35475,25.10.Milimani_C10_Makarel_ganz.mp4,[258.64870204666545],2749288
3244815,Brown Tang (Zebrasoma scopas),Large Ovals > Surgeonfishes (Acanthuridae) > Brown Tang (Zebrasoma scopas),35475,25.10.Milimani_C10_Makarel_ganz.mp4,[258.64870204666545],2749289
3244816,Brown Tang (Zebrasoma scopas),Large Ovals > Surgeonfishes (Acanthuridae) > Brown Tang (Zebrasoma scopas),35475,25.10.Milimani_C10_Makarel_ganz.mp4,[258.64870204666545],2749290
3244817,Brown Tang (Zebrasoma scopas),Large Ovals > Surgeonfishes (Acanthuridae) > Brown Tang (Zebrasoma scopas),35475,25.10.Milimani_C10_Makarel_ganz.mp4,[258.64870204666545],2749291
3244818,Brown Tang (Zebrasoma scopas),Large Ovals > Surgeonfishes (Acanthuridae) > Brown Tang (Zebrasoma scopas),35475,25.10.Milimani_C10_Makarel_ganz.mp4,[258.64870204666545],2749292
3244819,Brown Tang (Zebrasoma scopas),Large Ovals > Surgeonfishes (Acanthuridae) > Brown Tang (Zebrasoma scopas),35475,25.10.Milimani_C10_Makarel_ganz.mp4,[258.64870204666545],2749293
3248255,Lined Bristletooth (Ctenochaetus striatus),Large Ovals > Surgeonfishes (Acanthuridae) > Lined Bristletooth (Ctenochaetus striatus),35475,25.10.Milimani_C10_Makarel_ganz.mp4,[602.759720736],2752588
3248256,Lined Bristletooth (Ctenochaetus striatus),Large Ovals > Surgeonfishes (Acanthuridae) > Lined Bristletooth (Ctenochaetus striatus),35475,25.10.Milimani_C10_Makarel_ganz.mp4,[602.759720736],2752589
3248257,Lined Bristletooth (Ctenochaetus striatus),Large Ovals > Surgeonfishes (Acanthuridae) > Lined Bristletooth (Ctenochaetus striatus),35475,25.10.Milimani_C10_Makarel_ganz.mp4,[602.759720736],2752590
3248258,Lined Bristletooth (Ctenochaetus striatus),Large Ovals > Surgeonfishes (Acanthuridae) > Lined Bristletooth (Ctenochaetus striatus),35475,25.10.Milimani_C10_Makarel_ganz.mp4,[602.759720736],2752591
3248259,Lined Bristletooth (Ctenochaetus striatus),Large Ovals > Surgeonfishes (Acanthuridae) > Lined Bristletooth (Ctenochaetus striatus),35475,25.10.Milimani_C10_Makarel_ganz.mp4,[602.9902301674999],2752592
3248268,Black-backed (Chaetodon melannotus),Disk-shaped/Colourful > Butterflyfishes (Chaetodontidae) > Black-backed (Chaetodon melannotus),35475,25.10.Milimani_C10_Makarel_ganz.mp4,[691.019733218],2752601
3248270,Black-backed (Chaetodon melannotus),Disk-shaped/Colourful > Butterflyfishes (Chaetodontidae) > Black-backed (Chaetodon melannotus),35475,25.10.Milimani_C10_Makarel_ganz.mp4,[709.909453746],2752603
3248271,Black-backed (Chaetodon melannotus),Disk-shaped/Colourful > Butterflyfishes (Chaetodontidae) > Black-backed (Chaetodon melannotus),35475,25.10.Milimani_C10_Makarel_ganz.mp4,[709.909453746],2752604
3248283,Moon (Thalassoma lunare),Wrasses > Wrasses (Labridae) > Moon (Thalassoma lunare),35475,25.10.Milimani_C10_Makarel_ganz.mp4,[913.4708562810001],2752615
3248284,Moon (Thalassoma lunare),Wrasses > Wrasses (Labridae) > Moon (Thalassoma lunare),35475,25.10.Milimani_C10_Makarel_ganz.mp4,[913.4708562810001],2752616
3248285,Moon (Thalassoma lunare),Wrasses > Wrasses (Labridae) > Moon (Thalassoma lunare),35475,25.10.Milimani_C10_Makarel_ganz.mp4,[913.4708562810001],2752617
3248287,Parrotfishes (Scaridae),Parrotfishes > Parrotfishes (Scaridae),35475,25.10.Milimani_C10_Makarel_ganz.mp4,[1059.461813166],2752619
3248324,Sailfin Tang (Zebrasoma desjardinii),Large Ovals > Surgeonfishes (Acanthuridae) > Sailfin Tang (Zebrasoma desjardinii),35475,25.10.Milimani_C10_Makarel_ganz.mp4,[1275.7082366747493],2752653
3248325,Sailfin Tang (Zebrasoma desjardinii),Large Ovals > Surgeonfishes (Acanthuridae) > Sailfin Tang (Zebrasoma desjardinii),35475,25.10.Milimani_C10_Makarel_ganz.mp4,[1289.6306950435003],2752654
3248326,Sailfin Tang (Zebrasoma desjardinii),Large Ovals > Surgeonfishes (Acanthuridae) > Sailfin Tang (Zebrasoma desjardinii),35475,25.10.Milimani_C10_Makarel_ganz.mp4,[1289.6306950435003],2752655
3248327,Sailfin Tang (Zebrasoma desjardinii),Large Ovals > Surgeonfishes (Acanthuridae) > Sailfin Tang (Zebrasoma desjardinii),35475,25.10.Milimani_C10_Makarel_ganz.mp4,[1289.6306950435003],2752656
3248328,Sailfin Tang (Zebrasoma desjardinii),Large Ovals > Surgeonfishes (Acanthuridae) > Sailfin Tang (Zebrasoma desjardinii),35475,25.10.Milimani_C10_Makarel_ganz.mp4,[1289.6306950435003],2752657
3248329,Sailfin Tang (Zebrasoma desjardinii),Large Ovals > Surgeonfishes (Acanthuridae) > Sailfin Tang (Zebrasoma desjardinii),35475,25.10.Milimani_C10_Makarel_ganz.mp4,[1289.6306950435003],2752658
3248330,Sailfin Tang (Zebrasoma desjardinii),Large Ovals > Surgeonfishes (Acanthuridae) > Sailfin Tang (Zebrasoma desjardinii),35475,25.10.Milimani_C10_Makarel_ganz.mp4,[1289.6306950435003],2752659
3248331,Sailfin Tang (Zebrasoma desjardinii),Large Ovals > Surgeonfishes (Acanthuridae) > Sailfin Tang (Zebrasoma desjardinii),35475,25.10.Milimani_C10_Makarel_ganz.mp4,[1289.6306950435003],2752660
3248332,Sailfin Tang (Zebrasoma desjardinii),Large Ovals > Surgeonfishes (Acanthuridae) > Sailfin Tang (Zebrasoma desjardinii),35475,25.10.Milimani_C10_Makarel_ganz.mp4,[1289.6306950435003],2752661
3248334,Sailfin Tang (Zebrasoma desjardinii),Large Ovals > Surgeonfishes (Acanthuridae) > Sailfin Tang (Zebrasoma desjardinii),35475,25.10.Milimani_C10_Makarel_ganz.mp4,[1289.6306950435003],2752663
3248335,Sailfin Tang (Zebrasoma desjardinii),Large Ovals > Surgeonfishes (Acanthuridae) > Sailfin Tang (Zebrasoma desjardinii),35475,25.10.Milimani_C10_Makarel_ganz.mp4,[1289.6306950435003],2752664
3248336,Sailfin Tang (Zebrasoma desjardinii),Large Ovals > Surgeonfishes (Acanthuridae) > Sailfin Tang (Zebrasoma desjardinii),35475,25.10.Milimani_C10_Makarel_ganz.mp4,[1289.6306950435003],2752665
3248337,Sailfin Tang (Zebrasoma desjardinii),Large Ovals > Surgeonfishes (Acanthuridae) > Sailfin Tang (Zebrasoma desjardinii),35475,25.10.Milimani_C10_Makarel_ganz.mp4,[1289.6306950435003],2752666
3248338,Sailfin Tang (Zebrasoma desjardinii),Large Ovals > Surgeonfishes (Acanthuridae) > Sailfin Tang (Zebrasoma desjardinii),35475,25.10.Milimani_C10_Makarel_ganz.mp4,[1289.6306950435003],2752667
3248339,Sailfin Tang (Zebrasoma desjardinii),Large Ovals > Surgeonfishes (Acanthuridae) > Sailfin Tang (Zebrasoma desjardinii),35475,25.10.Milimani_C10_Makarel_ganz.mp4,[1289.6306950435003],2752668
3248340,Sailfin Tang (Zebrasoma desjardinii),Large Ovals > Surgeonfishes (Acanthuridae) > Sailfin Tang (Zebrasoma desjardinii),35475,25.10.Milimani_C10_Makarel_ganz.mp4,[1289.6306950435003],2752669
3248341,Sailfin Tang (Zebrasoma desjardinii),Large Ovals > Surgeonfishes (Acanthuridae) > Sailfin Tang (Zebrasoma desjardinii),35475,25.10.Milimani_C10_Makarel_ganz.mp4,[1289.6306950435003],2752670
3248342,Sailfin Tang (Zebrasoma desjardinii),Large Ovals > Surgeonfishes (Acanthuridae) > Sailfin Tang (Zebrasoma desjardinii),35475,25.10.Milimani_C10_Makarel_ganz.mp4,[1289.6306950435003],2752671
3248343,Sailfin Tang (Zebrasoma desjardinii),Large Ovals > Surgeonfishes (Acanthuridae) > Sailfin Tang (Zebrasoma desjardinii),35475,25.10.Milimani_C10_Makarel_ganz.mp4,[1289.6306950435003],2752672
3248344,Sailfin Tang (Zebrasoma desjardinii),Large Ovals > Surgeonfishes (Acanthuridae) > Sailfin Tang (Zebrasoma desjardinii),35475,25.10.Milimani_C10_Makarel_ganz.mp4,[1289.6306950435003],2752673
3248345,Sailfin Tang (Zebrasoma desjardinii),Large Ovals > Surgeonfishes (Acanthuridae) > Sailfin Tang (Zebrasoma desjardinii),35475,25.10.Milimani_C10_Makarel_ganz.mp4,[1289.6306950435003],2752674
3248346,Sailfin Tang (Zebrasoma desjardinii),Large Ovals > Surgeonfishes (Acanthuridae) > Sailfin Tang (Zebrasoma desjardinii),35475,25.10.Milimani_C10_Makarel_ganz.mp4,[1289.6306950435003],2752675
3248347,Sailfin Tang (Zebrasoma desjardinii),Large Ovals > Surgeonfishes (Acanthuridae) > Sailfin Tang (Zebrasoma desjardinii),35475,25.10.Milimani_C10_Makarel_ganz.mp4,[1289.6306950435003],2752676
3248348,Sailfin Tang (Zebrasoma desjardinii),Large Ovals > Surgeonfishes (Acanthuridae) > Sailfin Tang (Zebrasoma desjardinii),35475,25.10.Milimani_C10_Makarel_ganz.mp4,[1289.6306950435003],2752677
3248349,Sailfin Tang (Zebrasoma desjardinii),Large Ovals > Surgeonfishes (Acanthuridae) > Sailfin Tang (Zebrasoma desjardinii),35475,25.10.Milimani_C10_Makarel_ganz.mp4,[1289.6306950435003],2752678
3248350,Sailfin Tang (Zebrasoma desjardinii),Large Ovals > Surgeonfishes (Acanthuridae) > Sailfin Tang (Zebrasoma desjardinii),35475,25.10.Milimani_C10_Makarel_ganz.mp4,[1289.6306950435003],2752679
3248351,Sailfin Tang (Zebrasoma desjardinii),Large Ovals > Surgeonfishes (Acanthuridae) > Sailfin Tang (Zebrasoma desjardinii),35475,25.10.Milimani_C10_Makarel_ganz.mp4,[1289.6306950435003],2752680
3248352,Sailfin Tang (Zebrasoma desjardinii),Large Ovals > Surgeonfishes (Acanthuridae) > Sailfin Tang (Zebrasoma desjardinii),35475,25.10.Milimani_C10_Makarel_ganz.mp4,[1289.6306950435003],2752681
3248353,Sailfin Tang (Zebrasoma desjardinii),Large Ovals > Surgeonfishes (Acanthuridae) > Sailfin Tang (Zebrasoma desjardinii),35475,25.10.Milimani_C10_Makarel_ganz.mp4,[1289.6306950435003],2752682
3248354,Sailfin Tang (Zebrasoma desjardinii),Large Ovals > Surgeonfishes (Acanthuridae) > Sailfin Tang (Zebrasoma desjardinii),35475,25.10.Milimani_C10_Makarel_ganz.mp4,[1289.6306950435003],2752683
3248355,Sailfin Tang (Zebrasoma desjardinii),Large Ovals > Surgeonfishes (Acanthuridae) > Sailfin Tang (Zebrasoma desjardinii),35475,25.10.Milimani_C10_Makarel_ganz.mp4,[1289.6306950435003],2752684
3248356,Sailfin Tang (Zebrasoma desjardinii),Large Ovals > Surgeonfishes (Acanthuridae) > Sailfin Tang (Zebrasoma desjardinii),35475,25.10.Milimani_C10_Makarel_ganz.mp4,[1289.6306950435003],2752685
3248357,Sailfin Tang (Zebrasoma desjardinii),Large Ovals > Surgeonfishes (Acanthuridae) > Sailfin Tang (Zebrasoma desjardinii),35475,25.10.Milimani_C10_Makarel_ganz.mp4,[1289.6306950435003],2752686
3248358,Sailfin Tang (Zebrasoma desjardinii),Large Ovals > Surgeonfishes (Acanthuridae) > Sailfin Tang (Zebrasoma desjardinii),35475,25.10.Milimani_C10_Makarel_ganz.mp4,[1289.6306950435003],2752687
3248359,Sailfin Tang (Zebrasoma desjardinii),Large Ovals > Surgeonfishes (Acanthuridae) > Sailfin Tang (Zebrasoma desjardinii),35475,25.10.Milimani_C10_Makarel_ganz.mp4,[1289.6306950435003],2752688
3248361,Sailfin Tang (Zebrasoma desjardinii),Large Ovals > Surgeonfishes (Acanthuridae) > Sailfin Tang (Zebrasoma desjardinii),35475,25.10.Milimani_C10_Makarel_ganz.mp4,[1289.6306950435003],2752690
3248362,Sailfin Tang (Zebrasoma desjardinii),Large Ovals > Surgeonfishes (Acanthuridae) > Sailfin Tang (Zebrasoma desjardinii),35475,25.10.Milimani_C10_Makarel_ganz.mp4,[1289.6306950435003],2752691
3248363,Sailfin Tang (Zebrasoma desjardinii),Large Ovals > Surgeonfishes (Acanthuridae) > Sailfin Tang (Zebrasoma desjardinii),35475,25.10.Milimani_C10_Makarel_ganz.mp4,[1289.6306950435003],2752692
3248364,Sailfin Tang (Zebrasoma desjardinii),Large Ovals > Surgeonfishes (Acanthuridae) > Sailfin Tang (Zebrasoma desjardinii),35475,25.10.Milimani_C10_Makarel_ganz.mp4,[1289.6306950435003],2752693
3248365,Sailfin Tang (Zebrasoma desjardinii),Large Ovals > Surgeonfishes (Acanthuridae) > Sailfin Tang (Zebrasoma desjardinii),35475,25.10.Milimani_C10_Makarel_ganz.mp4,[1289.6306950435003],2752694
3248366,Sailfin Tang (Zebrasoma desjardinii),Large Ovals > Surgeonfishes (Acanthuridae) > Sailfin Tang (Zebrasoma desjardinii),35475,25.10.Milimani_C10_Makarel_ganz.mp4,[1289.6306950435003],2752695
3248367,Sailfin Tang (Zebrasoma desjardinii),Large Ovals > Surgeonfishes (Acanthuridae) > Sailfin Tang (Zebrasoma desjardinii),35475,25.10.Milimani_C10_Makarel_ganz.mp4,[1289.6306950435003],2752696
3248368,Sailfin Tang (Zebrasoma desjardinii),Large Ovals > Surgeonfishes (Acanthuridae) > Sailfin Tang (Zebrasoma desjardinii),35475,25.10.Milimani_C10_Makarel_ganz.mp4,[1289.6306950435003],2752697
3248369,Sailfin Tang (Zebrasoma desjardinii),Large Ovals > Surgeonfishes (Acanthuridae) > Sailfin Tang (Zebrasoma desjardinii),35475,25.10.Milimani_C10_Makarel_ganz.mp4,[1289.6306950435003],2752698
3248370,Sailfin Tang (Zebrasoma desjardinii),Large Ovals > Surgeonfishes (Acanthuridae) > Sailfin Tang (Zebrasoma desjardinii),35475,25.10.Milimani_C10_Makarel_ganz.mp4,[1289.6306950435003],2752699
3248371,Sailfin Tang (Zebrasoma desjardinii),Large Ovals > Surgeonfishes (Acanthuridae) > Sailfin Tang (Zebrasoma desjardinii),35475,25.10.Milimani_C10_Makarel_ganz.mp4,[1289.6306950435003],2752700
3248372,Sailfin Tang (Zebrasoma desjardinii),Large Ovals > Surgeonfishes (Acanthuridae) > Sailfin Tang (Zebrasoma desjardinii),35475,25.10.Milimani_C10_Makarel_ganz.mp4,[1289.6306950435003],2752701
3248373,Sailfin Tang (Zebrasoma desjardinii),Large Ovals > Surgeonfishes (Acanthuridae) > Sailfin Tang (Zebrasoma desjardinii),35475,25.10.Milimani_C10_Makarel_ganz.mp4,[1289.6306950435003],2752702
3248374,Sailfin Tang (Zebrasoma desjardinii),Large Ovals > Surgeonfishes (Acanthuridae) > Sailfin Tang (Zebrasoma desjardinii),35475,25.10.Milimani_C10_Makarel_ganz.mp4,[1289.6306950435003],2752703
3248375,Sailfin Tang (Zebrasoma desjardinii),Large Ovals > Surgeonfishes (Acanthuridae) > Sailfin Tang (Zebrasoma desjardinii),35475,25.10.Milimani_C10_Makarel_ganz.mp4,[1289.6306950435003],2752704
3248377,Sailfin Tang (Zebrasoma desjardinii),Large Ovals > Surgeonfishes (Acanthuridae) > Sailfin Tang (Zebrasoma desjardinii),35475,25.10.Milimani_C10_Makarel_ganz.mp4,[1289.630984481],2752706
3248378,Sailfin Tang (Zebrasoma desjardinii),Large Ovals > Surgeonfishes (Acanthuridae) > Sailfin Tang (Zebrasoma desjardinii),35475,25.10.Milimani_C10_Makarel_ganz.mp4,[1289.630984481],2752707
3248379,Sailfin Tang (Zebrasoma desjardinii),Large Ovals > Surgeonfishes (Acanthuridae) > Sailfin Tang (Zebrasoma desjardinii),35475,25.10.Milimani_C10_Makarel_ganz.mp4,[1289.630984481],2752708
3248380,Sailfin Tang (Zebrasoma desjardinii),Large Ovals > Surgeonfishes (Acanthuridae) > Sailfin Tang (Zebrasoma desjardinii),35475,25.10.Milimani_C10_Makarel_ganz.mp4,[1289.630984481],2752709
3248381,Sailfin Tang (Zebrasoma desjardinii),Large Ovals > Surgeonfishes (Acanthuridae) > Sailfin Tang (Zebrasoma desjardinii),35475,25.10.Milimani_C10_Makarel_ganz.mp4,[1289.630984481],2752710
3248382,Sailfin Tang (Zebrasoma desjardinii),Large Ovals > Surgeonfishes (Acanthuridae) > Sailfin Tang (Zebrasoma desjardinii),35475,25.10.Milimani_C10_Makarel_ganz.mp4,[1289.630984481],2752711
3248383,Sailfin Tang (Zebrasoma desjardinii),Large Ovals > Surgeonfishes (Acanthuridae) > Sailfin Tang (Zebrasoma desjardinii),35475,25.10.Milimani_C10_Makarel_ganz.mp4,[1289.630984481],2752712
3248384,Sailfin Tang (Zebrasoma desjardinii),Large Ovals > Surgeonfishes (Acanthuridae) > Sailfin Tang (Zebrasoma desjardinii),35475,25.10.Milimani_C10_Makarel_ganz.mp4,[1289.630984481],2752713
3248385,Sailfin Tang (Zebrasoma desjardinii),Large Ovals > Surgeonfishes (Acanthuridae) > Sailfin Tang (Zebrasoma desjardinii),35475,25.10.Milimani_C10_Makarel_ganz.mp4,[1289.630984481],2752714
3248386,Sailfin Tang (Zebrasoma desjardinii),Large Ovals > Surgeonfishes (Acanthuridae) > Sailfin Tang (Zebrasoma desjardinii),35475,25.10.Milimani_C10_Makarel_ganz.mp4,[1289.630984481],2752715
3248387,Sailfin Tang (Zebrasoma desjardinii),Large Ovals > Surgeonfishes (Acanthuridae) > Sailfin Tang (Zebrasoma desjardinii),35475,25.10.Milimani_C10_Makarel_ganz.mp4,[1289.630984481],2752716
3248388,Sailfin Tang (Zebrasoma desjardinii),Large Ovals > Surgeonfishes (Acanthuridae) > Sailfin Tang (Zebrasoma desjardinii),35475,25.10.Milimani_C10_Makarel_ganz.mp4,[1289.630984481],2752717
3248389,Sailfin Tang (Zebrasoma desjardinii),Large Ovals > Surgeonfishes (Acanthuridae) > Sailfin Tang (Zebrasoma desjardinii),35475,25.10.Milimani_C10_Makarel_ganz.mp4,[1289.630984481],2752718
3248391,Sailfin Tang (Zebrasoma desjardinii),Large Ovals > Surgeonfishes (Acanthuridae) > Sailfin Tang (Zebrasoma desjardinii),35475,25.10.Milimani_C10_Makarel_ganz.mp4,[1289.630984481],2752720
3248392,Sailfin Tang (Zebrasoma desjardinii),Large Ovals > Surgeonfishes (Acanthuridae) > Sailfin Tang (Zebrasoma desjardinii),35475,25.10.Milimani_C10_Makarel_ganz.mp4,[1289.630984481],2752721
3248393,Sailfin Tang (Zebrasoma desjardinii),Large Ovals > Surgeonfishes (Acanthuridae) > Sailfin Tang (Zebrasoma desjardinii),35475,25.10.Milimani_C10_Makarel_ganz.mp4,[1289.630984481],2752722
3248394,Sailfin Tang (Zebrasoma desjardinii),Large Ovals > Surgeonfishes (Acanthuridae) > Sailfin Tang (Zebrasoma desjardinii),35475,25.10.Milimani_C10_Makarel_ganz.mp4,[1289.630984481],2752723
3248395,Sailfin Tang (Zebrasoma desjardinii),Large Ovals > Surgeonfishes (Acanthuridae) > Sailfin Tang (Zebrasoma desjardinii),35475,25.10.Milimani_C10_Makarel_ganz.mp4,[1289.630984481],2752724
3248400,Parrotfishes (Scaridae),Parrotfishes > Parrotfishes (Scaridae),35475,25.10.Milimani_C10_Makarel_ganz.mp4,[1323.3325487],2752729
3248412,Checkerboard (Halichoeres hortulanus),Wrasses > Wrasses (Labridae) > Checkerboard (Halichoeres hortulanus),35475,25.10.Milimani_C10_Makarel_ganz.mp4,[1354.796285031],2752740
3248469,Indian Redfin (Chaetodon trifasciatus),Disk-shaped/Colourful > Butterflyfishes (Chaetodontidae) > Indian Redfin (Chaetodon trifasciatus),35475,25.10.Milimani_C10_Makarel_ganz.mp4,[1685.4459081483335],2752779
3248471,Indian Redfin (Chaetodon trifasciatus),Disk-shaped/Colourful > Butterflyfishes (Chaetodontidae) > Indian Redfin (Chaetodon trifasciatus),35475,25.10.Milimani_C10_Makarel_ganz.mp4,[1687.7450210623333],2752780
3248472,Indian Redfin (Chaetodon trifasciatus),Disk-shaped/Colourful > Butterflyfishes (Chaetodontidae) > Indian Redfin (Chaetodon trifasciatus),35475,25.10.Milimani_C10_Makarel_ganz.mp4,[1687.7450210623333],2752781
3248502,Moorish Idol (Zanclus cornutus),Large Ovals > Moorish Idol (Zanclidae) > Moorish Idol (Zanclus cornutus),35475,25.10.Milimani_C10_Makarel_ganz.mp4,[1839.2618102046679],2752801
3248503,Moorish Idol (Zanclus cornutus),Large Ovals > Moorish Idol (Zanclidae) > Moorish Idol (Zanclus cornutus),35475,25.10.Milimani_C10_Makarel_ganz.mp4,[1839.2618102046679],2752802
3248508,Moorish Idol (Zanclus cornutus),Large Ovals > Moorish Idol (Zanclidae) > Moorish Idol (Zanclus cornutus),35475,25.10.Milimani_C10_Makarel_ganz.mp4,[1855.0543686586677],2752807
3248509,Moorish Idol (Zanclus cornutus),Large Ovals > Moorish Idol (Zanclidae) > Moorish Idol (Zanclus cornutus),35475,25.10.Milimani_C10_Makarel_ganz.mp4,[1855.0543686586677],2752808
3248510,Moorish Idol (Zanclus cornutus),Large Ovals > Moorish Idol (Zanclidae) > Moorish Idol (Zanclus cornutus),35475,25.10.Milimani_C10_Makarel_ganz.mp4,[1857.0458181323322],2752809
3248511,Moorish Idol (Zanclus cornutus),Large Ovals > Moorish Idol (Zanclidae) > Moorish Idol (Zanclus cornutus),35475,25.10.Milimani_C10_Makarel_ganz.mp4,[1857.0458181323322],2752810
3248512,Moorish Idol (Zanclus cornutus),Large Ovals > Moorish Idol (Zanclidae) > Moorish Idol (Zanclus cornutus),35475,25.10.Milimani_C10_Makarel_ganz.mp4,[1857.0458181323322],2752811
3248537,Titan (Balistoides viridescens),Odd-shaped Swimmers > Triggerfishes (Balistidae) > Titan (Balistoides viridescens),35475,25.10.Milimani_C10_Makarel_ganz.mp4,[1966.654139776],2752836
3248551,Red-breasted (Cheilinus fasciatus),Wrasses > Wrasses (Labridae) > Red-breasted (Cheilinus fasciatus),35475,25.10.Milimani_C10_Makarel_ganz.mp4,[1990.2494060583322],2752847
3248556,Barred (Hemigymnus fasciatus),Wrasses > Wrasses (Labridae) > Barred (Hemigymnus fasciatus),35475,25.10.Milimani_C10_Makarel_ganz.mp4,[1999.2584596996676],2752852
3248581,Parrotfishes (Scaridae),Parrotfishes > Parrotfishes (Scaridae),35475,25.10.Milimani_C10_Makarel_ganz.mp4,[2152.2104604653337],2752877
3248582,Parrotfishes (Scaridae),Parrotfishes > Parrotfishes (Scaridae),35475,25.10.Milimani_C10_Makarel_ganz.mp4,[2149.4659513400006],2752878
3248598,Blue-streak (Labroides dimidiatus),Wrasses > Wrasses (Labridae) > Blue-streak (Labroides dimidiatus),35475,25.10.Milimani_C10_Makarel_ganz.mp4,[2147.0859477],2752894
3248616,Bluefin (Caranx melampygus),Silvery > Jacks/Trevallyes (Carangidae) > Bluefin (Caranx melampygus),35475,25.10.Milimani_C10_Makarel_ganz.mp4,[2429.8426453049983],2752911
3248617,Bluefin (Caranx melampygus),Silvery > Jacks/Trevallyes (Carangidae) > Bluefin (Caranx melampygus),35475,25.10.Milimani_C10_Makarel_ganz.mp4,[2429.8426453049983],2752912
3248620,Orange-lined (Balistapus undulatus),Odd-shaped Swimmers > Triggerfishes (Balistidae) > Orange-lined (Balistapus undulatus),35475,25.10.Milimani_C10_Makarel_ganz.mp4,[2580.193422052],2752915
3248621,Orange-lined (Balistapus undulatus),Odd-shaped Swimmers > Triggerfishes (Balistidae) > Orange-lined (Balistapus undulatus),35475,25.10.Milimani_C10_Makarel_ganz.mp4,[2580.193422052],2752916
3248633,Redmouth (Aethaloperca rogaa),Heavy Bodies/Large Lips > Groupers (Serranidae) > Redmouth (Aethaloperca rogaa),35475,25.10.Milimani_C10_Makarel_ganz.mp4,[2777.2701229103354],2752926
3248634,Redmouth (Aethaloperca rogaa),Heavy Bodies/Large Lips > Groupers (Serranidae) > Redmouth (Aethaloperca rogaa),35475,25.10.Milimani_C10_Makarel_ganz.mp4,[2777.2701229103354],2752927
3248644,Parrotfishes (Scaridae),Parrotfishes > Parrotfishes (Scaridae),35475,25.10.Milimani_C10_Makarel_ganz.mp4,[3202.944849942],2752937
3248649,Humpback Unicorn (Naso brachycentron),Large Ovals > Surgeonfishes (Acanthuridae) > Humpback Unicorn (Naso brachycentron),35475,25.10.Milimani_C10_Makarel_ganz.mp4,[3211.247473741],2752942
3248652,Parrotfishes (Scaridae),Parrotfishes > Parrotfishes (Scaridae),35475,25.10.Milimani_C10_Makarel_ganz.mp4,[3322.0587100839975],2752945
3248996,Indian Half-and-Half (Pycnochromis dimidiatus),Small Ovals - Damselfishes > Damselfishes (Pomacentridae) > Indian Half-and-Half (Pycnochromis dimidiatus),35475,25.10.Milimani_C10_Makarel_ganz.mp4,[408.610140957],2753245
3248998,Indian Half-and-Half (Pycnochromis dimidiatus),Small Ovals - Damselfishes > Damselfishes (Pomacentridae) > Indian Half-and-Half (Pycnochromis dimidiatus),35475,25.10.Milimani_C10_Makarel_ganz.mp4,[409.19896405766764],2753247
3248999,Indian Half-and-Half (Pycnochromis dimidiatus),Small Ovals - Damselfishes > Damselfishes (Pomacentridae) > Indian Half-and-Half (Pycnochromis dimidiatus),35475,25.10.Milimani_C10_Makarel_ganz.mp4,[410.1906887769993],2753248
3249000,Indian Half-and-Half (Pycnochromis dimidiatus),Small Ovals - Damselfishes > Damselfishes (Pomacentridae) > Indian Half-and-Half (Pycnochromis dimidiatus),35475,25.10.Milimani_C10_Makarel_ganz.mp4,[410.74354582866823],2753249
3249002,Indian Half-and-Half (Pycnochromis dimidiatus),Small Ovals - Damselfishes > Damselfishes (Pomacentridae) > Indian Half-and-Half (Pycnochromis dimidiatus),35475,25.10.Milimani_C10_Makarel_ganz.mp4,"[411.2527816379998,412.5006984536656]",2753251
3249004,Indian Half-and-Half (Pycnochromis dimidiatus),Small Ovals - Damselfishes > Damselfishes (Pomacentridae) > Indian Half-and-Half (Pycnochromis dimidiatus),35475,25.10.Milimani_C10_Makarel_ganz.mp4,[412.922084424],2753253
3249005,Indian Half-and-Half (Pycnochromis dimidiatus),Small Ovals - Damselfishes > Damselfishes (Pomacentridae) > Indian Half-and-Half (Pycnochromis dimidiatus),35475,25.10.Milimani_C10_Makarel_ganz.mp4,[412.922084424],2753254
3249006,Indian Half-and-Half (Pycnochromis dimidiatus),Small Ovals - Damselfishes > Damselfishes (Pomacentridae) > Indian Half-and-Half (Pycnochromis dimidiatus),35475,25.10.Milimani_C10_Makarel_ganz.mp4,[412.922084424],2753255
3249007,Indian Half-and-Half (Pycnochromis dimidiatus),Small Ovals - Damselfishes > Damselfishes (Pomacentridae) > Indian Half-and-Half (Pycnochromis dimidiatus),35475,25.10.Milimani_C10_Makarel_ganz.mp4,[412.922084424],2753256
3249008,Indian Half-and-Half (Pycnochromis dimidiatus),Small Ovals - Damselfishes > Damselfishes (Pomacentridae) > Indian Half-and-Half (Pycnochromis dimidiatus),35475,25.10.Milimani_C10_Makarel_ganz.mp4,[413.14008845633236],2753257
3249010,Indian Half-and-Half (Pycnochromis dimidiatus),Small Ovals - Damselfishes > Damselfishes (Pomacentridae) > Indian Half-and-Half (Pycnochromis dimidiatus),35475,25.10.Milimani_C10_Makarel_ganz.mp4,[415.0048822170001],2753259
3249011,Indian Half-and-Half (Pycnochromis dimidiatus),Small Ovals - Damselfishes > Damselfishes (Pomacentridae) > Indian Half-and-Half (Pycnochromis dimidiatus),35475,25.10.Milimani_C10_Makarel_ganz.mp4,[415.0048822170001],2753260
3249012,Indian Half-and-Half (Pycnochromis dimidiatus),Small Ovals - Damselfishes > Damselfishes (Pomacentridae) > Indian Half-and-Half (Pycnochromis dimidiatus),35475,25.10.Milimani_C10_Makarel_ganz.mp4,[415.0048822170001],2753261
3249013,Indian Half-and-Half (Pycnochromis dimidiatus),Small Ovals - Damselfishes > Damselfishes (Pomacentridae) > Indian Half-and-Half (Pycnochromis dimidiatus),35475,25.10.Milimani_C10_Makarel_ganz.mp4,[415.5702482933323],2753262
3249014,Indian Half-and-Half (Pycnochromis dimidiatus),Small Ovals - Damselfishes > Damselfishes (Pomacentridae) > Indian Half-and-Half (Pycnochromis dimidiatus),35475,25.10.Milimani_C10_Makarel_ganz.mp4,[416.28812480733313],2753263
3249015,Indian Half-and-Half (Pycnochromis dimidiatus),Small Ovals - Damselfishes > Damselfishes (Pomacentridae) > Indian Half-and-Half (Pycnochromis dimidiatus),35475,25.10.Milimani_C10_Makarel_ganz.mp4,[416.5775572890004],2753264
3249016,Indian Half-and-Half (Pycnochromis dimidiatus),Small Ovals - Damselfishes > Damselfishes (Pomacentridae) > Indian Half-and-Half (Pycnochromis dimidiatus),35475,25.10.Milimani_C10_Makarel_ganz.mp4,[416.9859835756659],2753265
3249017,Indian Half-and-Half (Pycnochromis dimidiatus),Small Ovals - Damselfishes > Damselfishes (Pomacentridae) > Indian Half-and-Half (Pycnochromis dimidiatus),35475,25.10.Milimani_C10_Makarel_ganz.mp4,[416.9859835756659],2753266
3249018,Indian Half-and-Half (Pycnochromis dimidiatus),Small Ovals - Damselfishes > Damselfishes (Pomacentridae) > Indian Half-and-Half (Pycnochromis dimidiatus),35475,25.10.Milimani_C10_Makarel_ganz.mp4,[416.9859835756659],2753267
3249019,Indian Half-and-Half (Pycnochromis dimidiatus),Small Ovals - Damselfishes > Damselfishes (Pomacentridae) > Indian Half-and-Half (Pycnochromis dimidiatus),35475,25.10.Milimani_C10_Makarel_ganz.mp4,[417.2298343836668],2753268
3249023,Indian Half-and-Half (Pycnochromis dimidiatus),Small Ovals - Damselfishes > Damselfishes (Pomacentridae) > Indian Half-and-Half (Pycnochromis dimidiatus),35475,25.10.Milimani_C10_Makarel_ganz.mp4,[418.8730381936661],2753272
3249024,Indian Half-and-Half (Pycnochromis dimidiatus),Small Ovals - Damselfishes > Damselfishes (Pomacentridae) > Indian Half-and-Half (Pycnochromis dimidiatus),35475,25.10.Milimani_C10_Makarel_ganz.mp4,[418.8730381936661],2753273
3249025,Indian Half-and-Half (Pycnochromis dimidiatus),Small Ovals - Damselfishes > Damselfishes (Pomacentridae) > Indian Half-and-Half (Pycnochromis dimidiatus),35475,25.10.Milimani_C10_Makarel_ganz.mp4,[418.8730381936661],2753274
3249026,Indian Half-and-Half (Pycnochromis dimidiatus),Small Ovals - Damselfishes > Damselfishes (Pomacentridae) > Indian Half-and-Half (Pycnochromis dimidiatus),35475,25.10.Milimani_C10_Makarel_ganz.mp4,[418.8730381936661],2753275
3249027,Indian Half-and-Half (Pycnochromis dimidiatus),Small Ovals - Damselfishes > Damselfishes (Pomacentridae) > Indian Half-and-Half (Pycnochromis dimidiatus),35475,25.10.Milimani_C10_Makarel_ganz.mp4,[418.8730381936661],2753276
3249028,Indian Half-and-Half (Pycnochromis dimidiatus),Small Ovals - Damselfishes > Damselfishes (Pomacentridae) > Indian Half-and-Half (Pycnochromis dimidiatus),35475,25.10.Milimani_C10_Makarel_ganz.mp4,[418.8730381936661],2753277
3249029,Indian Half-and-Half (Pycnochromis dimidiatus),Small Ovals - Damselfishes > Damselfishes (Pomacentridae) > Indian Half-and-Half (Pycnochromis dimidiatus),35475,25.10.Milimani_C10_Makarel_ganz.mp4,[418.8730381936661],2753278
3249031,Indian Half-and-Half (Pycnochromis dimidiatus),Small Ovals - Damselfishes > Damselfishes (Pomacentridae) > Indian Half-and-Half (Pycnochromis dimidiatus),35475,25.10.Milimani_C10_Makarel_ganz.mp4,[419.18114254300053],2753280
3249032,Indian Half-and-Half (Pycnochromis dimidiatus),Small Ovals - Damselfishes > Damselfishes (Pomacentridae) > Indian Half-and-Half (Pycnochromis dimidiatus),35475,25.10.Milimani_C10_Makarel_ganz.mp4,[419.18114254300053],2753281
3249033,Indian Half-and-Half (Pycnochromis dimidiatus),Small Ovals - Damselfishes > Damselfishes (Pomacentridae) > Indian Half-and-Half (Pycnochromis dimidiatus),35475,25.10.Milimani_C10_Makarel_ganz.mp4,[419.18114254300053],2753282
3249034,Indian Half-and-Half (Pycnochromis dimidiatus),Small Ovals - Damselfishes > Damselfishes (Pomacentridae) > Indian Half-and-Half (Pycnochromis dimidiatus),35475,25.10.Milimani_C10_Makarel_ganz.mp4,[419.18114254300053],2753283
3249035,Indian Half-and-Half (Pycnochromis dimidiatus),Small Ovals - Damselfishes > Damselfishes (Pomacentridae) > Indian Half-and-Half (Pycnochromis dimidiatus),35475,25.10.Milimani_C10_Makarel_ganz.mp4,[419.18114254300053],2753284
3249037,Indian Half-and-Half (Pycnochromis dimidiatus),Small Ovals - Damselfishes > Damselfishes (Pomacentridae) > Indian Half-and-Half (Pycnochromis dimidiatus),35475,25.10.Milimani_C10_Makarel_ganz.mp4,[419.81389228900014],2753286
3249038,Indian Half-and-Half (Pycnochromis dimidiatus),Small Ovals - Damselfishes > Damselfishes (Pomacentridae) > Indian Half-and-Half (Pycnochromis dimidiatus),35475,25.10.Milimani_C10_Makarel_ganz.mp4,[419.81389228900014],2753287
3249039,Indian Half-and-Half (Pycnochromis dimidiatus),Small Ovals - Damselfishes > Damselfishes (Pomacentridae) > Indian Half-and-Half (Pycnochromis dimidiatus),35475,25.10.Milimani_C10_Makarel_ganz.mp4,[420.1459323833336],2753288
3249040,Indian Half-and-Half (Pycnochromis dimidiatus),Small Ovals - Damselfishes > Damselfishes (Pomacentridae) > Indian Half-and-Half (Pycnochromis dimidiatus),35475,25.10.Milimani_C10_Makarel_ganz.mp4,[420.1459323833336],2753289
3249041,Indian Half-and-Half (Pycnochromis dimidiatus),Small Ovals - Damselfishes > Damselfishes (Pomacentridae) > Indian Half-and-Half (Pycnochromis dimidiatus),35475,25.10.Milimani_C10_Makarel_ganz.mp4,[420.1459323833336],2753290
3249042,Indian Half-and-Half (Pycnochromis dimidiatus),Small Ovals - Damselfishes > Damselfishes (Pomacentridae) > Indian Half-and-Half (Pycnochromis dimidiatus),35475,25.10.Milimani_C10_Makarel_ganz.mp4,[420.50027839033385],2753291
3249043,Indian Half-and-Half (Pycnochromis dimidiatus),Small Ovals - Damselfishes > Damselfishes (Pomacentridae) > Indian Half-and-Half (Pycnochromis dimidiatus),35475,25.10.Milimani_C10_Makarel_ganz.mp4,[420.50027839033385],2753292
3249044,Indian Half-and-Half (Pycnochromis dimidiatus),Small Ovals - Damselfishes > Damselfishes (Pomacentridae) > Indian Half-and-Half (Pycnochromis dimidiatus),35475,25.10.Milimani_C10_Makarel_ganz.mp4,[420.50027839033385],2753293
3249045,Indian Half-and-Half (Pycnochromis dimidiatus),Small Ovals - Damselfishes > Damselfishes (Pomacentridae) > Indian Half-and-Half (Pycnochromis dimidiatus),35475,25.10.Milimani_C10_Makarel_ganz.mp4,[420.8110392716657],2753294
3249046,Indian Half-and-Half (Pycnochromis dimidiatus),Small Ovals - Damselfishes > Damselfishes (Pomacentridae) > Indian Half-and-Half (Pycnochromis dimidiatus),35475,25.10.Milimani_C10_Makarel_ganz.mp4,[420.8110392716657],2753295
3249047,Indian Half-and-Half (Pycnochromis dimidiatus),Small Ovals - Damselfishes > Damselfishes (Pomacentridae) > Indian Half-and-Half (Pycnochromis dimidiatus),35475,25.10.Milimani_C10_Makarel_ganz.mp4,[421.14617483433324],2753296
3249049,Indian Half-and-Half (Pycnochromis dimidiatus),Small Ovals - Damselfishes > Damselfishes (Pomacentridae) > Indian Half-and-Half (Pycnochromis dimidiatus),35475,25.10.Milimani_C10_Makarel_ganz.mp4,[421.4497821026657],2753298
3249050,Indian Half-and-Half (Pycnochromis dimidiatus),Small Ovals - Damselfishes > Damselfishes (Pomacentridae) > Indian Half-and-Half (Pycnochromis dimidiatus),35475,25.10.Milimani_C10_Makarel_ganz.mp4,[421.4497821026657],2753299
3249052,Indian Half-and-Half (Pycnochromis dimidiatus),Small Ovals - Damselfishes > Damselfishes (Pomacentridae) > Indian Half-and-Half (Pycnochromis dimidiatus),35475,25.10.Milimani_C10_Makarel_ganz.mp4,[422.34850331966703],2753301
3249064,Ternate (Chromis ternatensis),Small Ovals - Damselfishes > Damselfishes (Pomacentridae) > Ternate (Chromis ternatensis),35475,25.10.Milimani_C10_Makarel_ganz.mp4,[1060.1680433440008],2753312
3249065,Ternate (Chromis ternatensis),Small Ovals - Damselfishes > Damselfishes (Pomacentridae) > Ternate (Chromis ternatensis),35475,25.10.Milimani_C10_Makarel_ganz.mp4,[1060.1680433440008],2753313
3249066,Ternate (Chromis ternatensis),Small Ovals - Damselfishes > Damselfishes (Pomacentridae) > Ternate (Chromis ternatensis),35475,25.10.Milimani_C10_Makarel_ganz.mp4,[1060.1680433440008],2753314
3249068,Ternate (Chromis ternatensis),Small Ovals - Damselfishes > Damselfishes (Pomacentridae) > Ternate (Chromis ternatensis),35475,25.10.Milimani_C10_Makarel_ganz.mp4,[1060.1680433440008],2753316
3249069,Ternate (Chromis ternatensis),Small Ovals - Damselfishes > Damselfishes (Pomacentridae) > Ternate (Chromis ternatensis),35475,25.10.Milimani_C10_Makarel_ganz.mp4,[1060.1680433440008],2753317
3249070,Ternate (Chromis ternatensis),Small Ovals - Damselfishes > Damselfishes (Pomacentridae) > Ternate (Chromis ternatensis),35475,25.10.Milimani_C10_Makarel_ganz.mp4,[1060.1680433440008],2753318
3249071,Ternate (Chromis ternatensis),Small Ovals - Damselfishes > Damselfishes (Pomacentridae) > Ternate (Chromis ternatensis),35475,25.10.Milimani_C10_Makarel_ganz.mp4,[1060.1680433440008],2753319
3249072,Ternate (Chromis ternatensis),Small Ovals - Damselfishes > Damselfishes (Pomacentridae) > Ternate (Chromis ternatensis),35475,25.10.Milimani_C10_Makarel_ganz.mp4,[1060.1680433440008],2753320
3249073,Ternate (Chromis ternatensis),Small Ovals - Damselfishes > Damselfishes (Pomacentridae) > Ternate (Chromis ternatensis),35475,25.10.Milimani_C10_Makarel_ganz.mp4,[1060.1680433440008],2753321
3249074,Ternate (Chromis ternatensis),Small Ovals - Damselfishes > Damselfishes (Pomacentridae) > Ternate (Chromis ternatensis),35475,25.10.Milimani_C10_Makarel_ganz.mp4,[1060.483032108333],2753322
3249075,Ternate (Chromis ternatensis),Small Ovals - Damselfishes > Damselfishes (Pomacentridae) > Ternate (Chromis ternatensis),35475,25.10.Milimani_C10_Makarel_ganz.mp4,[1060.483032108333],2753323
3249077,Ternate (Chromis ternatensis),Small Ovals - Damselfishes > Damselfishes (Pomacentridae) > Ternate (Chromis ternatensis),35475,25.10.Milimani_C10_Makarel_ganz.mp4,[1060.483032108333],2753325
3249078,Ternate (Chromis ternatensis),Small Ovals - Damselfishes > Damselfishes (Pomacentridae) > Ternate (Chromis ternatensis),35475,25.10.Milimani_C10_Makarel_ganz.mp4,[1060.483032108333],2753326
3249079,Ternate (Chromis ternatensis),Small Ovals - Damselfishes > Damselfishes (Pomacentridae) > Ternate (Chromis ternatensis),35475,25.10.Milimani_C10_Makarel_ganz.mp4,[1060.483032108333],2753327
3249081,Ternate (Chromis ternatensis),Small Ovals - Damselfishes > Damselfishes (Pomacentridae) > Ternate (Chromis ternatensis),35475,25.10.Milimani_C10_Makarel_ganz.mp4,[1060.483032108333],2753329
3249082,Ternate (Chromis ternatensis),Small Ovals - Damselfishes > Damselfishes (Pomacentridae) > Ternate (Chromis ternatensis),35475,25.10.Milimani_C10_Makarel_ganz.mp4,[1060.483032108333],2753330
3249083,Ternate (Chromis ternatensis),Small Ovals - Damselfishes > Damselfishes (Pomacentridae) > Ternate (Chromis ternatensis),35475,25.10.Milimani_C10_Makarel_ganz.mp4,[1060.483032108333],2753331
3249084,Ternate (Chromis ternatensis),Small Ovals - Damselfishes > Damselfishes (Pomacentridae) > Ternate (Chromis ternatensis),35475,25.10.Milimani_C10_Makarel_ganz.mp4,[1060.8512642320009],2753332
3249085,Ternate (Chromis ternatensis),Small Ovals - Damselfishes > Damselfishes (Pomacentridae) > Ternate (Chromis ternatensis),35475,25.10.Milimani_C10_Makarel_ganz.mp4,[1060.8512642320009],2753333
3249086,Ternate (Chromis ternatensis),Small Ovals - Damselfishes > Damselfishes (Pomacentridae) > Ternate (Chromis ternatensis),35475,25.10.Milimani_C10_Makarel_ganz.mp4,[1060.8512642320009],2753334
3249087,Ternate (Chromis ternatensis),Small Ovals - Damselfishes > Damselfishes (Pomacentridae) > Ternate (Chromis ternatensis),35475,25.10.Milimani_C10_Makarel_ganz.mp4,[1060.8512642320009],2753335
3249088,Ternate (Chromis ternatensis),Small Ovals - Damselfishes > Damselfishes (Pomacentridae) > Ternate (Chromis ternatensis),35475,25.10.Milimani_C10_Makarel_ganz.mp4,[1061.615885068667],2753336
3249089,Ternate (Chromis ternatensis),Small Ovals - Damselfishes > Damselfishes (Pomacentridae) > Ternate (Chromis ternatensis),35475,25.10.Milimani_C10_Makarel_ganz.mp4,[1061.615885068667],2753337
3249090,Ternate (Chromis ternatensis),Small Ovals - Damselfishes > Damselfishes (Pomacentridae) > Ternate (Chromis ternatensis),35475,25.10.Milimani_C10_Makarel_ganz.mp4,[1061.615885068667],2753338
3249091,Ternate (Chromis ternatensis),Small Ovals - Damselfishes > Damselfishes (Pomacentridae) > Ternate (Chromis ternatensis),35475,25.10.Milimani_C10_Makarel_ganz.mp4,[1061.615885068667],2753339
3249092,Ternate (Chromis ternatensis),Small Ovals - Damselfishes > Damselfishes (Pomacentridae) > Ternate (Chromis ternatensis),35475,25.10.Milimani_C10_Makarel_ganz.mp4,[1061.615885068667],2753340
3249093,Ternate (Chromis ternatensis),Small Ovals - Damselfishes > Damselfishes (Pomacentridae) > Ternate (Chromis ternatensis),35475,25.10.Milimani_C10_Makarel_ganz.mp4,[1061.615885068667],2753341
3249095,Ternate (Chromis ternatensis),Small Ovals - Damselfishes > Damselfishes (Pomacentridae) > Ternate (Chromis ternatensis),35475,25.10.Milimani_C10_Makarel_ganz.mp4,[1061.615885068667],2753343
3249096,Ternate (Chromis ternatensis),Small Ovals - Damselfishes > Damselfishes (Pomacentridae) > Ternate (Chromis ternatensis),35475,25.10.Milimani_C10_Makarel_ganz.mp4,[1061.615885068667],2753344
3249097,Ternate (Chromis ternatensis),Small Ovals - Damselfishes > Damselfishes (Pomacentridae) > Ternate (Chromis ternatensis),35475,25.10.Milimani_C10_Makarel_ganz.mp4,[1061.615885068667],2753345
3249098,Ternate (Chromis ternatensis),Small Ovals - Damselfishes > Damselfishes (Pomacentridae) > Ternate (Chromis ternatensis),35475,25.10.Milimani_C10_Makarel_ganz.mp4,[1061.615885068667],2753346
3249100,Ternate (Chromis ternatensis),Small Ovals - Damselfishes > Damselfishes (Pomacentridae) > Ternate (Chromis ternatensis),35475,25.10.Milimani_C10_Makarel_ganz.mp4,[1061.615885068667],2753348
3249104,Ternate (Chromis ternatensis),Small Ovals - Damselfishes > Damselfishes (Pomacentridae) > Ternate (Chromis ternatensis),35475,25.10.Milimani_C10_Makarel_ganz.mp4,[1061.615885068667],2753352
3249106,Ternate (Chromis ternatensis),Small Ovals - Damselfishes > Damselfishes (Pomacentridae) > Ternate (Chromis ternatensis),35475,25.10.Milimani_C10_Makarel_ganz.mp4,[1061.615885068667],2753354
3249107,Ternate (Chromis ternatensis),Small Ovals - Damselfishes > Damselfishes (Pomacentridae) > Ternate (Chromis ternatensis),35475,25.10.Milimani_C10_Makarel_ganz.mp4,[1062.312678255],2753355
3249108,Ternate (Chromis ternatensis),Small Ovals - Damselfishes > Damselfishes (Pomacentridae) > Ternate (Chromis ternatensis),35475,25.10.Milimani_C10_Makarel_ganz.mp4,[1062.312678255],2753356
3249109,Ternate (Chromis ternatensis),Small Ovals - Damselfishes > Damselfishes (Pomacentridae) > Ternate (Chromis ternatensis),35475,25.10.Milimani_C10_Makarel_ganz.mp4,[1062.312678255],2753357
3249110,Ternate (Chromis ternatensis),Small Ovals - Damselfishes > Damselfishes (Pomacentridae) > Ternate (Chromis ternatensis),35475,25.10.Milimani_C10_Makarel_ganz.mp4,[1062.312678255],2753358
3249111,Ternate (Chromis ternatensis),Small Ovals - Damselfishes > Damselfishes (Pomacentridae) > Ternate (Chromis ternatensis),35475,25.10.Milimani_C10_Makarel_ganz.mp4,[1062.312678255],2753359
3254607,Brown Tang (Zebrasoma scopas),Large Ovals > Surgeonfishes (Acanthuridae) > Brown Tang (Zebrasoma scopas),35475,25.10.Milimani_C10_Makarel_ganz.mp4,[79.451747958],2758582
3256370,Monk (Acanthurus gahhm),Large Ovals > Surgeonfishes (Acanthuridae) > Monk (Acanthurus gahhm),35475,25.10.Milimani_C10_Makarel_ganz.mp4,[1903.8774891],2760310
3256372,Monk (Acanthurus gahhm),Large Ovals > Surgeonfishes (Acanthuridae) > Monk (Acanthurus gahhm),35475,25.10.Milimani_C10_Makarel_ganz.mp4,[1909.5965262],2760312
3256373,Monk (Acanthurus gahhm),Large Ovals > Surgeonfishes (Acanthuridae) > Monk (Acanthurus gahhm),35475,25.10.Milimani_C10_Makarel_ganz.mp4,[1909.5965262],2760313
3256444,Swarthy (Scarus niger),Parrotfishes > Parrotfishes (Scaridae) > Swarthy (Scarus niger),35475,25.10.Milimani_C10_Makarel_ganz.mp4,[385.8885797],2760384
3256446,Swarthy (Scarus niger),Parrotfishes > Parrotfishes (Scaridae) > Swarthy (Scarus niger),35475,25.10.Milimani_C10_Makarel_ganz.mp4,[385.8885797],2760386
3256533,Axilspot Hogfish (Bodianus axillaris),Wrasses > Wrasses (Labridae) > Axilspot Hogfish (Bodianus axillaris),35475,25.10.Milimani_C10_Makarel_ganz.mp4,[146.2740832],2760472
3256556,Barred (Hemigymnus fasciatus),Wrasses > Wrasses (Labridae) > Barred (Hemigymnus fasciatus),35475,25.10.Milimani_C10_Makarel_ganz.mp4,[232.16520894099983],2760495
3256574,Humpnose Bigeye (Monotaxis grandoculis),Sloping Heads > Emperors (Lethrinidae) > Humpnose Bigeye (Monotaxis grandoculis),35475,25.10.Milimani_C10_Makarel_ganz.mp4,[440.922375128],2760513
3256625,Humpnose Bigeye (Monotaxis grandoculis),Sloping Heads > Emperors (Lethrinidae) > Humpnose Bigeye (Monotaxis grandoculis),35475,25.10.Milimani_C10_Makarel_ganz.mp4,[2022.1003382],2760564
3256626,Humpnose Bigeye (Monotaxis grandoculis),Sloping Heads > Emperors (Lethrinidae) > Humpnose Bigeye (Monotaxis grandoculis),35475,25.10.Milimani_C10_Makarel_ganz.mp4,[2022.1003382],2760565
3265011,Disappearing (Pseudocheilinus evanidus),Wrasses > Wrasses (Labridae) > Disappearing (Pseudocheilinus evanidus),35475,25.10.Milimani_C10_Makarel_ganz.mp4,[561.579842592],2767539
3265037,Bridled (Scarus frenatus),Parrotfishes > Parrotfishes (Scaridae) > Bridled (Scarus frenatus),35475,25.10.Milimani_C10_Makarel_ganz.mp4,[316.7348048150007],2767565
3265048,Blackeye (Hemigymnus melapterus),Wrasses > Wrasses (Labridae) > Blackeye (Hemigymnus melapterus),35475,25.10.Milimani_C10_Makarel_ganz.mp4,[1532.0288363239983],2767576
3265055,Groupers (Serranidae),Heavy Bodies/Large Lips > Groupers (Serranidae),35475,25.10.Milimani_C10_Makarel_ganz.mp4,[7.101168],2767583
3265056,Brown Pigmy (Centropyge multispinis),Disk-shaped/Colourful > Angelfishes (Pomacanthidae) > Brown Pigmy (Centropyge multispinis),35475,25.10.Milimani_C10_Makarel_ganz.mp4,[764.844909],2767584
3265057,Brown Pigmy (Centropyge multispinis),Disk-shaped/Colourful > Angelfishes (Pomacanthidae) > Brown Pigmy (Centropyge multispinis),35475,25.10.Milimani_C10_Makarel_ganz.mp4,[764.844909],2767585
3265058,Linedcheeked (Oxycheilinus digramma),Wrasses > Wrasses (Labridae) > Linedcheeked (Oxycheilinus digramma),35475,25.10.Milimani_C10_Makarel_ganz.mp4,[1084.5055193],2767586
3265092,Bird wrasse (Gomphosus caeruleus),Wrasses > Wrasses (Labridae) > Bird wrasse (Gomphosus caeruleus),35475,25.10.Milimani_C10_Makarel_ganz.mp4,[1353.395217],2767620
3265093,Bird wrasse (Gomphosus caeruleus),Wrasses > Wrasses (Labridae) > Bird wrasse (Gomphosus caeruleus),35475,25.10.Milimani_C10_Makarel_ganz.mp4,[1353.395217],2767621
3265094,Bird wrasse (Gomphosus caeruleus),Wrasses > Wrasses (Labridae) > Bird wrasse (Gomphosus caeruleus),35475,25.10.Milimani_C10_Makarel_ganz.mp4,[1353.395217],2767622
3265099,Bullethead (Chlorurus sordidus),Parrotfishes > Parrotfishes (Scaridae) > Bullethead (Chlorurus sordidus),35475,25.10.Milimani_C10_Makarel_ganz.mp4,[1713.8202788],2767627
3265100,Bullethead (Chlorurus sordidus),Parrotfishes > Parrotfishes (Scaridae) > Bullethead (Chlorurus sordidus),35475,25.10.Milimani_C10_Makarel_ganz.mp4,[1713.8202788],2767628
3265102,Disappearing (Pseudocheilinus evanidus),Wrasses > Wrasses (Labridae) > Disappearing (Pseudocheilinus evanidus),35475,25.10.Milimani_C10_Makarel_ganz.mp4,[3460.7512239],2767630
3265103,Disappearing (Pseudocheilinus evanidus),Wrasses > Wrasses (Labridae) > Disappearing (Pseudocheilinus evanidus),35475,25.10.Milimani_C10_Makarel_ganz.mp4,[3460.7512239],2767631
3265115,Blennies (Blenniidae),Blennies > Blennies (Blenniidae),35475,25.10.Milimani_C10_Makarel_ganz.mp4,[3289.50143363],2767641
3438618,Thumbprint (Lethrinus harak),Sloping Heads > Emperors (Lethrinidae) > Thumbprint (Lethrinus harak),35475,25.10.Milimani_C10_Makarel_ganz.mp4,[486.007241],2931032
3438619,Thumbprint (Lethrinus harak),Sloping Heads > Emperors (Lethrinidae) > Thumbprint (Lethrinus harak),35475,25.10.Milimani_C10_Makarel_ganz.mp4,[497.282269],2931033
3438620,Thumbprint (Lethrinus harak),Sloping Heads > Emperors (Lethrinidae) > Thumbprint (Lethrinus harak),35475,25.10.Milimani_C10_Makarel_ganz.mp4,[497.282269],2931034
3438621,Thumbprint (Lethrinus harak),Sloping Heads > Emperors (Lethrinidae) > Thumbprint (Lethrinus harak),35475,25.10.Milimani_C10_Makarel_ganz.mp4,[497.282269],2931035
3438636,Linedcheeked (Oxycheilinus digramma),Wrasses > Wrasses (Labridae) > Linedcheeked (Oxycheilinus digramma),35475,25.10.Milimani_C10_Makarel_ganz.mp4,[3531.226579],2931050
3438639,Genus Canthigaster,Odd-shaped Swimmers > Puffers (Tetraodontidae) > Genus Canthigaster,35475,25.10.Milimani_C10_Makarel_ganz.mp4,[1577.0619],2931053
3438640,Genus Canthigaster,Odd-shaped Swimmers > Puffers (Tetraodontidae) > Genus Canthigaster,35475,25.10.Milimani_C10_Makarel_ganz.mp4,[1577.0619],2931054
3438642,Spotted (Diodon hystrix),Odd-shaped Swimmers > Porcupinefishes (Diodontidae) > Spotted (Diodon hystrix),35475,25.10.Milimani_C10_Makarel_ganz.mp4,[2390.579322],2931056
3438643,Whiteline (Stethojulis albovittata),Wrasses > Wrasses (Labridae) > Whiteline (Stethojulis albovittata),35475,25.10.Milimani_C10_Makarel_ganz.mp4,[75.540606],2931057
3438644,Indian Longnose (Hipposcarus harid),Parrotfishes > Parrotfishes (Scaridae) > Indian Longnose (Hipposcarus harid),35475,25.10.Milimani_C10_Makarel_ganz.mp4,[931.460898],2931058
3438645,Bullethead (Chlorurus sordidus),Parrotfishes > Parrotfishes (Scaridae) > Bullethead (Chlorurus sordidus),35475,25.10.Milimani_C10_Makarel_ganz.mp4,[2682.328234],2931059
3438646,Bullethead (Chlorurus sordidus),Parrotfishes > Parrotfishes (Scaridae) > Bullethead (Chlorurus sordidus),35475,25.10.Milimani_C10_Makarel_ganz.mp4,[2682.328234],2931060
3438647,Bullethead (Chlorurus sordidus),Parrotfishes > Parrotfishes (Scaridae) > Bullethead (Chlorurus sordidus),35475,25.10.Milimani_C10_Makarel_ganz.mp4,[2682.328234],2931061
3438648,Bullethead (Chlorurus sordidus),Parrotfishes > Parrotfishes (Scaridae) > Bullethead (Chlorurus sordidus),35475,25.10.Milimani_C10_Makarel_ganz.mp4,[2682.328234],2931062
3558934,Groupers (Serranidae),Heavy Bodies/Large Lips > Groupers (Serranidae),35475,25.10.Milimani_C10_Makarel_ganz.mp4,[7.101168],3041710
3558965,Leopard (Cephalopholis leopardus),Heavy Bodies/Large Lips > Groupers (Serranidae) > Leopard (Cephalopholis leopardus),35475,25.10.Milimani_C10_Makarel_ganz.mp4,[50.786223],3041741
3620510,Wrasses (Labridae),Wrasses > Wrasses (Labridae),35475,25.10.Milimani_C10_Makarel_ganz.mp4,[1725.539325],3079851
3620511,Wrasses (Labridae),Wrasses > Wrasses (Labridae),35475,25.10.Milimani_C10_Makarel_ganz.mp4,[1725.539325],3079852
3620512,Wrasses (Labridae),Wrasses > Wrasses (Labridae),35475,25.10.Milimani_C10_Makarel_ganz.mp4,[1725.539325],3079853
3620513,Wrasses (Labridae),Wrasses > Wrasses (Labridae),35475,25.10.Milimani_C10_Makarel_ganz.mp4,[1725.539325],3079854
4425894,Undulated Feeding,Eels > Morays (Muraenidae) > Undulated (Gymnothorax undulatus) > Undulated Feeding,35475,25.10.Milimani_C10_Makarel_ganz.mp4,[276.168525],3677450
4425990,Indian Half-and-Half (Pycnochromis dimidiatus),Small Ovals - Damselfishes > Damselfishes (Pomacentridae) > Indian Half-and-Half (Pycnochromis dimidiatus),35475,25.10.Milimani_C10_Makarel_ganz.mp4,[422.934367],3677546
4425991,Indian Half-and-Half (Pycnochromis dimidiatus),Small Ovals - Damselfishes > Damselfishes (Pomacentridae) > Indian Half-and-Half (Pycnochromis dimidiatus),35475,25.10.Milimani_C10_Makarel_ganz.mp4,[422.934367],3677547
4425992,Indian Half-and-Half (Pycnochromis dimidiatus),Small Ovals - Damselfishes > Damselfishes (Pomacentridae) > Indian Half-and-Half (Pycnochromis dimidiatus),35475,25.10.Milimani_C10_Makarel_ganz.mp4,[422.934367],3677548
4425993,Indian Half-and-Half (Pycnochromis dimidiatus),Small Ovals - Damselfishes > Damselfishes (Pomacentridae) > Indian Half-and-Half (Pycnochromis dimidiatus),35475,25.10.Milimani_C10_Makarel_ganz.mp4,[422.934367],3677549
4425994,Indian Half-and-Half (Pycnochromis dimidiatus),Small Ovals - Damselfishes > Damselfishes (Pomacentridae) > Indian Half-and-Half (Pycnochromis dimidiatus),35475,25.10.Milimani_C10_Makarel_ganz.mp4,[422.934367],3677550
4425995,Indian Half-and-Half (Pycnochromis dimidiatus),Small Ovals - Damselfishes > Damselfishes (Pomacentridae) > Indian Half-and-Half (Pycnochromis dimidiatus),35475,25.10.Milimani_C10_Makarel_ganz.mp4,[422.934367],3677551
4425996,Indian Half-and-Half (Pycnochromis dimidiatus),Small Ovals - Damselfishes > Damselfishes (Pomacentridae) > Indian Half-and-Half (Pycnochromis dimidiatus),35475,25.10.Milimani_C10_Makarel_ganz.mp4,[422.934367],3677552
4425997,Indian Half-and-Half (Pycnochromis dimidiatus),Small Ovals - Damselfishes > Damselfishes (Pomacentridae) > Indian Half-and-Half (Pycnochromis dimidiatus),35475,25.10.Milimani_C10_Makarel_ganz.mp4,[422.934367],3677553
4425998,Indian Half-and-Half (Pycnochromis dimidiatus),Small Ovals - Damselfishes > Damselfishes (Pomacentridae) > Indian Half-and-Half (Pycnochromis dimidiatus),35475,25.10.Milimani_C10_Makarel_ganz.mp4,[422.934367],3677554
4425999,Indian Half-and-Half (Pycnochromis dimidiatus),Small Ovals - Damselfishes > Damselfishes (Pomacentridae) > Indian Half-and-Half (Pycnochromis dimidiatus),35475,25.10.Milimani_C10_Makarel_ganz.mp4,[422.934367],3677555
4426001,Indian Half-and-Half (Pycnochromis dimidiatus),Small Ovals - Damselfishes > Damselfishes (Pomacentridae) > Indian Half-and-Half (Pycnochromis dimidiatus),35475,25.10.Milimani_C10_Makarel_ganz.mp4,[422.934367],3677557
4426004,Indian Half-and-Half (Pycnochromis dimidiatus),Small Ovals - Damselfishes > Damselfishes (Pomacentridae) > Indian Half-and-Half (Pycnochromis dimidiatus),35475,25.10.Milimani_C10_Makarel_ganz.mp4,[422.934367],3677560
4426007,Indian Half-and-Half (Pycnochromis dimidiatus),Small Ovals - Damselfishes > Damselfishes (Pomacentridae) > Indian Half-and-Half (Pycnochromis dimidiatus),35475,25.10.Milimani_C10_Makarel_ganz.mp4,[422.934367],3677563
4426009,Indian Half-and-Half (Pycnochromis dimidiatus),Small Ovals - Damselfishes > Damselfishes (Pomacentridae) > Indian Half-and-Half (Pycnochromis dimidiatus),35475,25.10.Milimani_C10_Makarel_ganz.mp4,[422.934367],3677565
4426010,Indian Half-and-Half (Pycnochromis dimidiatus),Small Ovals - Damselfishes > Damselfishes (Pomacentridae) > Indian Half-and-Half (Pycnochromis dimidiatus),35475,25.10.Milimani_C10_Makarel_ganz.mp4,[422.934367],3677566
4426012,Indian Half-and-Half (Pycnochromis dimidiatus),Small Ovals - Damselfishes > Damselfishes (Pomacentridae) > Indian Half-and-Half (Pycnochromis dimidiatus),35475,25.10.Milimani_C10_Makarel_ganz.mp4,[422.934367],3677568
4426013,Indian Half-and-Half (Pycnochromis dimidiatus),Small Ovals - Damselfishes > Damselfishes (Pomacentridae) > Indian Half-and-Half (Pycnochromis dimidiatus),35475,25.10.Milimani_C10_Makarel_ganz.mp4,[422.934367],3677569
4426014,Indian Half-and-Half (Pycnochromis dimidiatus),Small Ovals - Damselfishes > Damselfishes (Pomacentridae) > Indian Half-and-Half (Pycnochromis dimidiatus),35475,25.10.Milimani_C10_Makarel_ganz.mp4,[422.934367],3677570
4426015,Indian Half-and-Half (Pycnochromis dimidiatus),Small Ovals - Damselfishes > Damselfishes (Pomacentridae) > Indian Half-and-Half (Pycnochromis dimidiatus),35475,25.10.Milimani_C10_Makarel_ganz.mp4,[422.934367],3677571
4426016,Indian Half-and-Half (Pycnochromis dimidiatus),Small Ovals - Damselfishes > Damselfishes (Pomacentridae) > Indian Half-and-Half (Pycnochromis dimidiatus),35475,25.10.Milimani_C10_Makarel_ganz.mp4,[422.934367],3677572
4426017,Indian Half-and-Half (Pycnochromis dimidiatus),Small Ovals - Damselfishes > Damselfishes (Pomacentridae) > Indian Half-and-Half (Pycnochromis dimidiatus),35475,25.10.Milimani_C10_Makarel_ganz.mp4,[422.934367],3677573
4426018,Indian Half-and-Half (Pycnochromis dimidiatus),Small Ovals - Damselfishes > Damselfishes (Pomacentridae) > Indian Half-and-Half (Pycnochromis dimidiatus),35475,25.10.Milimani_C10_Makarel_ganz.mp4,[422.934367],3677574
4426019,Indian Half-and-Half (Pycnochromis dimidiatus),Small Ovals - Damselfishes > Damselfishes (Pomacentridae) > Indian Half-and-Half (Pycnochromis dimidiatus),35475,25.10.Milimani_C10_Makarel_ganz.mp4,[422.934367],3677575
4426023,Indian Half-and-Half (Pycnochromis dimidiatus),Small Ovals - Damselfishes > Damselfishes (Pomacentridae) > Indian Half-and-Half (Pycnochromis dimidiatus),35475,25.10.Milimani_C10_Makarel_ganz.mp4,[422.934367],3677579
4426024,Indian Half-and-Half (Pycnochromis dimidiatus),Small Ovals - Damselfishes > Damselfishes (Pomacentridae) > Indian Half-and-Half (Pycnochromis dimidiatus),35475,25.10.Milimani_C10_Makarel_ganz.mp4,[422.934367],3677580
4426025,Indian Half-and-Half (Pycnochromis dimidiatus),Small Ovals - Damselfishes > Damselfishes (Pomacentridae) > Indian Half-and-Half (Pycnochromis dimidiatus),35475,25.10.Milimani_C10_Makarel_ganz.mp4,[422.934367],3677581
4426026,Indian Half-and-Half (Pycnochromis dimidiatus),Small Ovals - Damselfishes > Damselfishes (Pomacentridae) > Indian Half-and-Half (Pycnochromis dimidiatus),35475,25.10.Milimani_C10_Makarel_ganz.mp4,[422.934367],3677582
4426027,Indian Half-and-Half (Pycnochromis dimidiatus),Small Ovals - Damselfishes > Damselfishes (Pomacentridae) > Indian Half-and-Half (Pycnochromis dimidiatus),35475,25.10.Milimani_C10_Makarel_ganz.mp4,[422.934367],3677583
4426028,Indian Half-and-Half (Pycnochromis dimidiatus),Small Ovals - Damselfishes > Damselfishes (Pomacentridae) > Indian Half-and-Half (Pycnochromis dimidiatus),35475,25.10.Milimani_C10_Makarel_ganz.mp4,[422.934367],3677584
4426029,Indian Half-and-Half (Pycnochromis dimidiatus),Small Ovals - Damselfishes > Damselfishes (Pomacentridae) > Indian Half-and-Half (Pycnochromis dimidiatus),35475,25.10.Milimani_C10_Makarel_ganz.mp4,[422.934367],3677585
4426030,Indian Half-and-Half (Pycnochromis dimidiatus),Small Ovals - Damselfishes > Damselfishes (Pomacentridae) > Indian Half-and-Half (Pycnochromis dimidiatus),35475,25.10.Milimani_C10_Makarel_ganz.mp4,[422.934367],3677586
4426031,Indian Half-and-Half (Pycnochromis dimidiatus),Small Ovals - Damselfishes > Damselfishes (Pomacentridae) > Indian Half-and-Half (Pycnochromis dimidiatus),35475,25.10.Milimani_C10_Makarel_ganz.mp4,[422.934367],3677587
4426032,Indian Half-and-Half (Pycnochromis dimidiatus),Small Ovals - Damselfishes > Damselfishes (Pomacentridae) > Indian Half-and-Half (Pycnochromis dimidiatus),35475,25.10.Milimani_C10_Makarel_ganz.mp4,[422.934367],3677588
4426033,Indian Half-and-Half (Pycnochromis dimidiatus),Small Ovals - Damselfishes > Damselfishes (Pomacentridae) > Indian Half-and-Half (Pycnochromis dimidiatus),35475,25.10.Milimani_C10_Makarel_ganz.mp4,[422.934367],3677589
4426035,Indian Half-and-Half (Pycnochromis dimidiatus),Small Ovals - Damselfishes > Damselfishes (Pomacentridae) > Indian Half-and-Half (Pycnochromis dimidiatus),35475,25.10.Milimani_C10_Makarel_ganz.mp4,[422.934367],3677591
4426036,Indian Half-and-Half (Pycnochromis dimidiatus),Small Ovals - Damselfishes > Damselfishes (Pomacentridae) > Indian Half-and-Half (Pycnochromis dimidiatus),35475,25.10.Milimani_C10_Makarel_ganz.mp4,[422.934367],3677592
4426037,Indian Half-and-Half (Pycnochromis dimidiatus),Small Ovals - Damselfishes > Damselfishes (Pomacentridae) > Indian Half-and-Half (Pycnochromis dimidiatus),35475,25.10.Milimani_C10_Makarel_ganz.mp4,[422.934367],3677593
4426038,Indian Half-and-Half (Pycnochromis dimidiatus),Small Ovals - Damselfishes > Damselfishes (Pomacentridae) > Indian Half-and-Half (Pycnochromis dimidiatus),35475,25.10.Milimani_C10_Makarel_ganz.mp4,[422.934367],3677594
4426039,Indian Half-and-Half (Pycnochromis dimidiatus),Small Ovals - Damselfishes > Damselfishes (Pomacentridae) > Indian Half-and-Half (Pycnochromis dimidiatus),35475,25.10.Milimani_C10_Makarel_ganz.mp4,[422.934367],3677595
4426040,Indian Half-and-Half (Pycnochromis dimidiatus),Small Ovals - Damselfishes > Damselfishes (Pomacentridae) > Indian Half-and-Half (Pycnochromis dimidiatus),35475,25.10.Milimani_C10_Makarel_ganz.mp4,[422.934367],3677596
4426041,Indian Half-and-Half (Pycnochromis dimidiatus),Small Ovals - Damselfishes > Damselfishes (Pomacentridae) > Indian Half-and-Half (Pycnochromis dimidiatus),35475,25.10.Milimani_C10_Makarel_ganz.mp4,[422.934367],3677597
4426045,Indian Half-and-Half (Pycnochromis dimidiatus),Small Ovals - Damselfishes > Damselfishes (Pomacentridae) > Indian Half-and-Half (Pycnochromis dimidiatus),35475,25.10.Milimani_C10_Makarel_ganz.mp4,[422.934367],3677598
4426046,Indian Half-and-Half (Pycnochromis dimidiatus),Small Ovals - Damselfishes > Damselfishes (Pomacentridae) > Indian Half-and-Half (Pycnochromis dimidiatus),35475,25.10.Milimani_C10_Makarel_ganz.mp4,[422.934367],3677599
4426047,Indian Half-and-Half (Pycnochromis dimidiatus),Small Ovals - Damselfishes > Damselfishes (Pomacentridae) > Indian Half-and-Half (Pycnochromis dimidiatus),35475,25.10.Milimani_C10_Makarel_ganz.mp4,[422.934367],3677600
4426048,Indian Half-and-Half (Pycnochromis dimidiatus),Small Ovals - Damselfishes > Damselfishes (Pomacentridae) > Indian Half-and-Half (Pycnochromis dimidiatus),35475,25.10.Milimani_C10_Makarel_ganz.mp4,[422.934367],3677601
4426049,Indian Half-and-Half (Pycnochromis dimidiatus),Small Ovals - Damselfishes > Damselfishes (Pomacentridae) > Indian Half-and-Half (Pycnochromis dimidiatus),35475,25.10.Milimani_C10_Makarel_ganz.mp4,[422.934367],3677602
4426050,Indian Half-and-Half (Pycnochromis dimidiatus),Small Ovals - Damselfishes > Damselfishes (Pomacentridae) > Indian Half-and-Half (Pycnochromis dimidiatus),35475,25.10.Milimani_C10_Makarel_ganz.mp4,[422.934367],3677603
4426051,Indian Half-and-Half (Pycnochromis dimidiatus),Small Ovals - Damselfishes > Damselfishes (Pomacentridae) > Indian Half-and-Half (Pycnochromis dimidiatus),35475,25.10.Milimani_C10_Makarel_ganz.mp4,[422.934367],3677604
4426052,Indian Half-and-Half (Pycnochromis dimidiatus),Small Ovals - Damselfishes > Damselfishes (Pomacentridae) > Indian Half-and-Half (Pycnochromis dimidiatus),35475,25.10.Milimani_C10_Makarel_ganz.mp4,[422.934367],3677605
4426053,Indian Half-and-Half (Pycnochromis dimidiatus),Small Ovals - Damselfishes > Damselfishes (Pomacentridae) > Indian Half-and-Half (Pycnochromis dimidiatus),35475,25.10.Milimani_C10_Makarel_ganz.mp4,[422.934367],3677606
4426054,Indian Half-and-Half (Pycnochromis dimidiatus),Small Ovals - Damselfishes > Damselfishes (Pomacentridae) > Indian Half-and-Half (Pycnochromis dimidiatus),35475,25.10.Milimani_C10_Makarel_ganz.mp4,[422.934367],3677607
4426055,Indian Half-and-Half (Pycnochromis dimidiatus),Small Ovals - Damselfishes > Damselfishes (Pomacentridae) > Indian Half-and-Half (Pycnochromis dimidiatus),35475,25.10.Milimani_C10_Makarel_ganz.mp4,[422.934367],3677608
4426057,Indian Half-and-Half (Pycnochromis dimidiatus),Small Ovals - Damselfishes > Damselfishes (Pomacentridae) > Indian Half-and-Half (Pycnochromis dimidiatus),35475,25.10.Milimani_C10_Makarel_ganz.mp4,[422.934367],3677610
4426058,Indian Half-and-Half (Pycnochromis dimidiatus),Small Ovals - Damselfishes > Damselfishes (Pomacentridae) > Indian Half-and-Half (Pycnochromis dimidiatus),35475,25.10.Milimani_C10_Makarel_ganz.mp4,[422.934367],3677611
4426059,Indian Half-and-Half (Pycnochromis dimidiatus),Small Ovals - Damselfishes > Damselfishes (Pomacentridae) > Indian Half-and-Half (Pycnochromis dimidiatus),35475,25.10.Milimani_C10_Makarel_ganz.mp4,[422.934367],3677612
4426060,Indian Half-and-Half (Pycnochromis dimidiatus),Small Ovals - Damselfishes > Damselfishes (Pomacentridae) > Indian Half-and-Half (Pycnochromis dimidiatus),35475,25.10.Milimani_C10_Makarel_ganz.mp4,[422.934367],3677613
4426061,Indian Half-and-Half (Pycnochromis dimidiatus),Small Ovals - Damselfishes > Damselfishes (Pomacentridae) > Indian Half-and-Half (Pycnochromis dimidiatus),35475,25.10.Milimani_C10_Makarel_ganz.mp4,[422.934367],3677614
4426062,Indian Half-and-Half (Pycnochromis dimidiatus),Small Ovals - Damselfishes > Damselfishes (Pomacentridae) > Indian Half-and-Half (Pycnochromis dimidiatus),35475,25.10.Milimani_C10_Makarel_ganz.mp4,[422.934367],3677615
4426063,Indian Half-and-Half (Pycnochromis dimidiatus),Small Ovals - Damselfishes > Damselfishes (Pomacentridae) > Indian Half-and-Half (Pycnochromis dimidiatus),35475,25.10.Milimani_C10_Makarel_ganz.mp4,[422.934367],3677616
4426064,Indian Half-and-Half (Pycnochromis dimidiatus),Small Ovals - Damselfishes > Damselfishes (Pomacentridae) > Indian Half-and-Half (Pycnochromis dimidiatus),35475,25.10.Milimani_C10_Makarel_ganz.mp4,[422.934367],3677617
4426066,Indian Half-and-Half (Pycnochromis dimidiatus),Small Ovals - Damselfishes > Damselfishes (Pomacentridae) > Indian Half-and-Half (Pycnochromis dimidiatus),35475,25.10.Milimani_C10_Makarel_ganz.mp4,[422.934367],3677619
4426067,Indian Half-and-Half (Pycnochromis dimidiatus),Small Ovals - Damselfishes > Damselfishes (Pomacentridae) > Indian Half-and-Half (Pycnochromis dimidiatus),35475,25.10.Milimani_C10_Makarel_ganz.mp4,[422.934367],3677620
4426068,Indian Half-and-Half (Pycnochromis dimidiatus),Small Ovals - Damselfishes > Damselfishes (Pomacentridae) > Indian Half-and-Half (Pycnochromis dimidiatus),35475,25.10.Milimani_C10_Makarel_ganz.mp4,[422.934367],3677621
4426070,Indian Half-and-Half (Pycnochromis dimidiatus),Small Ovals - Damselfishes > Damselfishes (Pomacentridae) > Indian Half-and-Half (Pycnochromis dimidiatus),35475,25.10.Milimani_C10_Makarel_ganz.mp4,[422.934367],3677623
4426071,Indian Half-and-Half (Pycnochromis dimidiatus),Small Ovals - Damselfishes > Damselfishes (Pomacentridae) > Indian Half-and-Half (Pycnochromis dimidiatus),35475,25.10.Milimani_C10_Makarel_ganz.mp4,[422.934367],3677624
4426072,Indian Half-and-Half (Pycnochromis dimidiatus),Small Ovals - Damselfishes > Damselfishes (Pomacentridae) > Indian Half-and-Half (Pycnochromis dimidiatus),35475,25.10.Milimani_C10_Makarel_ganz.mp4,[422.934367],3677625
4426073,Indian Half-and-Half (Pycnochromis dimidiatus),Small Ovals - Damselfishes > Damselfishes (Pomacentridae) > Indian Half-and-Half (Pycnochromis dimidiatus),35475,25.10.Milimani_C10_Makarel_ganz.mp4,[422.934367],3677626
4426074,Indian Half-and-Half (Pycnochromis dimidiatus),Small Ovals - Damselfishes > Damselfishes (Pomacentridae) > Indian Half-and-Half (Pycnochromis dimidiatus),35475,25.10.Milimani_C10_Makarel_ganz.mp4,[422.934367],3677627
4426075,Indian Half-and-Half (Pycnochromis dimidiatus),Small Ovals - Damselfishes > Damselfishes (Pomacentridae) > Indian Half-and-Half (Pycnochromis dimidiatus),35475,25.10.Milimani_C10_Makarel_ganz.mp4,[422.934367],3677628
4426077,Indian Half-and-Half (Pycnochromis dimidiatus),Small Ovals - Damselfishes > Damselfishes (Pomacentridae) > Indian Half-and-Half (Pycnochromis dimidiatus),35475,25.10.Milimani_C10_Makarel_ganz.mp4,[422.934367],3677630
4426078,Indian Half-and-Half (Pycnochromis dimidiatus),Small Ovals - Damselfishes > Damselfishes (Pomacentridae) > Indian Half-and-Half (Pycnochromis dimidiatus),35475,25.10.Milimani_C10_Makarel_ganz.mp4,[422.934367],3677631
4426079,Indian Half-and-Half (Pycnochromis dimidiatus),Small Ovals - Damselfishes > Damselfishes (Pomacentridae) > Indian Half-and-Half (Pycnochromis dimidiatus),35475,25.10.Milimani_C10_Makarel_ganz.mp4,[422.934367],3677632
4426080,Indian Half-and-Half (Pycnochromis dimidiatus),Small Ovals - Damselfishes > Damselfishes (Pomacentridae) > Indian Half-and-Half (Pycnochromis dimidiatus),35475,25.10.Milimani_C10_Makarel_ganz.mp4,[422.934367],3677633
4426081,Indian Half-and-Half (Pycnochromis dimidiatus),Small Ovals - Damselfishes > Damselfishes (Pomacentridae) > Indian Half-and-Half (Pycnochromis dimidiatus),35475,25.10.Milimani_C10_Makarel_ganz.mp4,[422.934367],3677634
4426082,Indian Half-and-Half (Pycnochromis dimidiatus),Small Ovals - Damselfishes > Damselfishes (Pomacentridae) > Indian Half-and-Half (Pycnochromis dimidiatus),35475,25.10.Milimani_C10_Makarel_ganz.mp4,[422.934367],3677635
4426084,Indian Half-and-Half (Pycnochromis dimidiatus),Small Ovals - Damselfishes > Damselfishes (Pomacentridae) > Indian Half-and-Half (Pycnochromis dimidiatus),35475,25.10.Milimani_C10_Makarel_ganz.mp4,[422.934367],3677637
4426085,Indian Half-and-Half (Pycnochromis dimidiatus),Small Ovals - Damselfishes > Damselfishes (Pomacentridae) > Indian Half-and-Half (Pycnochromis dimidiatus),35475,25.10.Milimani_C10_Makarel_ganz.mp4,[422.934367],3677638
4426086,Indian Half-and-Half (Pycnochromis dimidiatus),Small Ovals - Damselfishes > Damselfishes (Pomacentridae) > Indian Half-and-Half (Pycnochromis dimidiatus),35475,25.10.Milimani_C10_Makarel_ganz.mp4,[422.934367],3677639
4426087,Indian Half-and-Half (Pycnochromis dimidiatus),Small Ovals - Damselfishes > Damselfishes (Pomacentridae) > Indian Half-and-Half (Pycnochromis dimidiatus),35475,25.10.Milimani_C10_Makarel_ganz.mp4,[422.934367],3677640
4426088,Indian Half-and-Half (Pycnochromis dimidiatus),Small Ovals - Damselfishes > Damselfishes (Pomacentridae) > Indian Half-and-Half (Pycnochromis dimidiatus),35475,25.10.Milimani_C10_Makarel_ganz.mp4,[422.934367],3677641
4426089,Indian Half-and-Half (Pycnochromis dimidiatus),Small Ovals - Damselfishes > Damselfishes (Pomacentridae) > Indian Half-and-Half (Pycnochromis dimidiatus),35475,25.10.Milimani_C10_Makarel_ganz.mp4,[422.934367],3677642
4426090,Indian Half-and-Half (Pycnochromis dimidiatus),Small Ovals - Damselfishes > Damselfishes (Pomacentridae) > Indian Half-and-Half (Pycnochromis dimidiatus),35475,25.10.Milimani_C10_Makarel_ganz.mp4,[422.934367],3677643
4426105,Lined Bristletooth (Ctenochaetus striatus),Large Ovals > Surgeonfishes (Acanthuridae) > Lined Bristletooth (Ctenochaetus striatus),35475,25.10.Milimani_C10_Makarel_ganz.mp4,[602.75972],3677658
4426129,Sailfin Tang (Zebrasoma desjardinii),Large Ovals > Surgeonfishes (Acanthuridae) > Sailfin Tang (Zebrasoma desjardinii),35475,25.10.Milimani_C10_Makarel_ganz.mp4,[1289.630695],3677682
4426130,Sailfin Tang (Zebrasoma desjardinii),Large Ovals > Surgeonfishes (Acanthuridae) > Sailfin Tang (Zebrasoma desjardinii),35475,25.10.Milimani_C10_Makarel_ganz.mp4,[1289.630695],3677683
4426131,Sailfin Tang (Zebrasoma desjardinii),Large Ovals > Surgeonfishes (Acanthuridae) > Sailfin Tang (Zebrasoma desjardinii),35475,25.10.Milimani_C10_Makarel_ganz.mp4,[1289.630695],3677684
4426132,Sailfin Tang (Zebrasoma desjardinii),Large Ovals > Surgeonfishes (Acanthuridae) > Sailfin Tang (Zebrasoma desjardinii),35475,25.10.Milimani_C10_Makarel_ganz.mp4,[1289.630695],3677685
4426133,Sailfin Tang (Zebrasoma desjardinii),Large Ovals > Surgeonfishes (Acanthuridae) > Sailfin Tang (Zebrasoma desjardinii),35475,25.10.Milimani_C10_Makarel_ganz.mp4,[1289.630695],3677686
4426135,Sailfin Tang (Zebrasoma desjardinii),Large Ovals > Surgeonfishes (Acanthuridae) > Sailfin Tang (Zebrasoma desjardinii),35475,25.10.Milimani_C10_Makarel_ganz.mp4,[1289.630695],3677688
4426136,Sailfin Tang (Zebrasoma desjardinii),Large Ovals > Surgeonfishes (Acanthuridae) > Sailfin Tang (Zebrasoma desjardinii),35475,25.10.Milimani_C10_Makarel_ganz.mp4,[1289.630695],3677689
4426137,Sailfin Tang (Zebrasoma desjardinii),Large Ovals > Surgeonfishes (Acanthuridae) > Sailfin Tang (Zebrasoma desjardinii),35475,25.10.Milimani_C10_Makarel_ganz.mp4,[1289.630695],3677690
4426138,Sailfin Tang (Zebrasoma desjardinii),Large Ovals > Surgeonfishes (Acanthuridae) > Sailfin Tang (Zebrasoma desjardinii),35475,25.10.Milimani_C10_Makarel_ganz.mp4,[1289.630695],3677691
4426139,Sailfin Tang (Zebrasoma desjardinii),Large Ovals > Surgeonfishes (Acanthuridae) > Sailfin Tang (Zebrasoma desjardinii),35475,25.10.Milimani_C10_Makarel_ganz.mp4,[1289.630695],3677692
4426140,Sailfin Tang (Zebrasoma desjardinii),Large Ovals > Surgeonfishes (Acanthuridae) > Sailfin Tang (Zebrasoma desjardinii),35475,25.10.Milimani_C10_Makarel_ganz.mp4,[1289.630695],3677693
4426141,Sailfin Tang (Zebrasoma desjardinii),Large Ovals > Surgeonfishes (Acanthuridae) > Sailfin Tang (Zebrasoma desjardinii),35475,25.10.Milimani_C10_Makarel_ganz.mp4,[1289.630695],3677694
4426142,Sailfin Tang (Zebrasoma desjardinii),Large Ovals > Surgeonfishes (Acanthuridae) > Sailfin Tang (Zebrasoma desjardinii),35475,25.10.Milimani_C10_Makarel_ganz.mp4,[1289.630695],3677695
4426143,Sailfin Tang (Zebrasoma desjardinii),Large Ovals > Surgeonfishes (Acanthuridae) > Sailfin Tang (Zebrasoma desjardinii),35475,25.10.Milimani_C10_Makarel_ganz.mp4,[1289.630695],3677696
4426144,Sailfin Tang (Zebrasoma desjardinii),Large Ovals > Surgeonfishes (Acanthuridae) > Sailfin Tang (Zebrasoma desjardinii),35475,25.10.Milimani_C10_Makarel_ganz.mp4,[1289.630695],3677697
4426145,Sailfin Tang (Zebrasoma desjardinii),Large Ovals > Surgeonfishes (Acanthuridae) > Sailfin Tang (Zebrasoma desjardinii),35475,25.10.Milimani_C10_Makarel_ganz.mp4,[1289.630695],3677698
4426146,Sailfin Tang (Zebrasoma desjardinii),Large Ovals > Surgeonfishes (Acanthuridae) > Sailfin Tang (Zebrasoma desjardinii),35475,25.10.Milimani_C10_Makarel_ganz.mp4,[1289.630695],3677699
4426148,Sailfin Tang (Zebrasoma desjardinii),Large Ovals > Surgeonfishes (Acanthuridae) > Sailfin Tang (Zebrasoma desjardinii),35475,25.10.Milimani_C10_Makarel_ganz.mp4,[1289.630695],3677701
