video_annotation_label_id,label_name,label_hierarchy,video_id,video_filename,frames,annotation_id
3262975,Orange-lined (Balistapus undulatus),Odd-shaped Swimmers > Triggerfishes (Balistidae) > Orange-lined (Balistapus undulatus),36411,26.10.24_Utumbi_C10_Makarel_ganz.mp4,[0],2766307
3262976,Orange-lined (Balistapus undulatus),Odd-shaped Swimmers > Triggerfishes (Balistidae) > Orange-lined (Balistapus undulatus),36411,26.10.24_Utumbi_C10_Makarel_ganz.mp4,[0],2766308
3262977,Sulfur (Pomacentrus sulfureus),Small Ovals - Damselfishes > Damselfishes (Pomacentridae) > Sulfur (Pomacentrus sulfureus),36411,26.10.24_Utumbi_C10_Makarel_ganz.mp4,[0],2766309
3262979,Green (Amblyglyphidodon indicus),Small Ovals - Damselfishes > Damselfishes (Pomacentridae) > Green (Amblyglyphidodon indicus),36411,26.10.24_Utumbi_C10_Makarel_ganz.mp4,[0],2766310
3262980,Green (Amblyglyphidodon indicus),Small Ovals - Damselfishes > Damselfishes (Pomacentridae) > Green (Amblyglyphidodon indicus),36411,26.10.24_Utumbi_C10_Makarel_ganz.mp4,[0],2766311
3262981,Green (Amblyglyphidodon indicus),Small Ovals - Damselfishes > Damselfishes (Pomacentridae) > Green (Amblyglyphidodon indicus),36411,26.10.24_Utumbi_C10_Makarel_ganz.mp4,[0],2766312
3262982,Orange-lined (Balistapus undulatus),Odd-shaped Swimmers > Triggerfishes (Balistidae) > Orange-lined (Balistapus undulatus),36411,26.10.24_Utumbi_C10_Makarel_ganz.mp4,[0],2766313
3262983,Indian Half-and-Half (Pycnochromis dimidiatus),Small Ovals - Damselfishes > Damselfishes (Pomacentridae) > Indian Half-and-Half (Pycnochromis dimidiatus),36411,26.10.24_Utumbi_C10_Makarel_ganz.mp4,[0],2766314
3262984,Orange-lined (Balistapus undulatus),Odd-shaped Swimmers > Triggerfishes (Balistidae) > Orange-lined (Balistapus undulatus),36411,26.10.24_Utumbi_C10_Makarel_ganz.mp4,[0],2766315
3262985,Orange-lined (Balistapus undulatus),Odd-shaped Swimmers > Triggerfishes (Balistidae) > Orange-lined (Balistapus undulatus),36411,26.10.24_Utumbi_C10_Makarel_ganz.mp4,[0.7233942176656062],2766316
3262986,Orange-lined (Balistapus undulatus),Odd-shaped Swimmers > Triggerfishes (Balistidae) > Orange-lined (Balistapus undulatus),36411,26.10.24_Utumbi_C10_Makarel_ganz.mp4,[0.7233942176656062],2766317
3262987,Orange-lined (Balistapus undulatus),Odd-shaped Swimmers > Triggerfishes (Balistidae) > Orange-lined (Balistapus undulatus),36411,26.10.24_Utumbi_C10_Makarel_ganz.mp4,[0.7233942176656062],2766318
3262988,Orange-lined (Balistapus undulatus),Odd-shaped Swimmers > Triggerfishes (Balistidae) > Orange-lined (Balistapus undulatus),36411,26.10.24_Utumbi_C10_Makarel_ganz.mp4,[0.7233942176656062],2766319
3262989,Orange-lined (Balistapus undulatus),Odd-shaped Swimmers > Triggerfishes (Balistidae) > Orange-lined (Balistapus undulatus),36411,26.10.24_Utumbi_C10_Makarel_ganz.mp4,[0.7233942176656062],2766320
3262990,Swarthy (Scarus niger),Parrotfishes > Parrotfishes (Scaridae) > Swarthy (Scarus niger),36411,26.10.24_Utumbi_C10_Makarel_ganz.mp4,[0.843687591010807],2766321
3262991,Red (Lutjanus bohar),Sloping Heads > Snappers (Lutjanidae) > Red (Lutjanus bohar),36411,26.10.24_Utumbi_C10_Makarel_ganz.mp4,[2.556932524327653],2766322
3262992,Goldbar (Thalassoma hebraicum),Wrasses > Wrasses (Labridae) > Goldbar (Thalassoma hebraicum),36411,26.10.24_Utumbi_C10_Makarel_ganz.mp4,[3.6006283679970004],2766323
3262993,Goldbar (Thalassoma hebraicum),Wrasses > Wrasses (Labridae) > Goldbar (Thalassoma hebraicum),36411,26.10.24_Utumbi_C10_Makarel_ganz.mp4,[3.6006283679970004],2766324
3262994,Redmouth (Aethaloperca rogaa),Heavy Bodies/Large Lips > Groupers (Serranidae) > Redmouth (Aethaloperca rogaa),36411,26.10.24_Utumbi_C10_Makarel_ganz.mp4,[5.372260107331449],2766325
3263000,Moon (Thalassoma lunare),Wrasses > Wrasses (Labridae) > Moon (Thalassoma lunare),36411,26.10.24_Utumbi_C10_Makarel_ganz.mp4,[14.708505034996628],2766331
3263001,Moon (Thalassoma lunare),Wrasses > Wrasses (Labridae) > Moon (Thalassoma lunare),36411,26.10.24_Utumbi_C10_Makarel_ganz.mp4,[14.708505034996628],2766332
3263003,Green (Amblyglyphidodon indicus),Small Ovals - Damselfishes > Damselfishes (Pomacentridae) > Green (Amblyglyphidodon indicus),36411,26.10.24_Utumbi_C10_Makarel_ganz.mp4,[19.6569887886667],2766334
3263004,Green (Amblyglyphidodon indicus),Small Ovals - Damselfishes > Damselfishes (Pomacentridae) > Green (Amblyglyphidodon indicus),36411,26.10.24_Utumbi_C10_Makarel_ganz.mp4,[19.6569887886667],2766335
3263005,Green (Amblyglyphidodon indicus),Small Ovals - Damselfishes > Damselfishes (Pomacentridae) > Green (Amblyglyphidodon indicus),36411,26.10.24_Utumbi_C10_Makarel_ganz.mp4,[19.6569887886667],2766336
3263006,Green (Amblyglyphidodon indicus),Small Ovals - Damselfishes > Damselfishes (Pomacentridae) > Green (Amblyglyphidodon indicus),36411,26.10.24_Utumbi_C10_Makarel_ganz.mp4,[19.6569887886667],2766337
3263007,Five-saddle (Scarus saber),Parrotfishes > Parrotfishes (Scaridae) > Five-saddle (Scarus saber),36411,26.10.24_Utumbi_C10_Makarel_ganz.mp4,[17.554427541],2766338
3263009,Indian Half-and-Half (Pycnochromis dimidiatus),Small Ovals - Damselfishes > Damselfishes (Pomacentridae) > Indian Half-and-Half (Pycnochromis dimidiatus),36411,26.10.24_Utumbi_C10_Makarel_ganz.mp4,[17.575829635328553],2766340
3263010,Indian Half-and-Half (Pycnochromis dimidiatus),Small Ovals - Damselfishes > Damselfishes (Pomacentridae) > Indian Half-and-Half (Pycnochromis dimidiatus),36411,26.10.24_Utumbi_C10_Makarel_ganz.mp4,[17.575829635328553],2766341
3263011,Indian Half-and-Half (Pycnochromis dimidiatus),Small Ovals - Damselfishes > Damselfishes (Pomacentridae) > Indian Half-and-Half (Pycnochromis dimidiatus),36411,26.10.24_Utumbi_C10_Makarel_ganz.mp4,[17.575829635328553],2766342
3263012,Indian Half-and-Half (Pycnochromis dimidiatus),Small Ovals - Damselfishes > Damselfishes (Pomacentridae) > Indian Half-and-Half (Pycnochromis dimidiatus),36411,26.10.24_Utumbi_C10_Makarel_ganz.mp4,[17.575829635328553],2766343
3263013,Indian Half-and-Half (Pycnochromis dimidiatus),Small Ovals - Damselfishes > Damselfishes (Pomacentridae) > Indian Half-and-Half (Pycnochromis dimidiatus),36411,26.10.24_Utumbi_C10_Makarel_ganz.mp4,[17.575829635328553],2766344
3263014,Indian Half-and-Half (Pycnochromis dimidiatus),Small Ovals - Damselfishes > Damselfishes (Pomacentridae) > Indian Half-and-Half (Pycnochromis dimidiatus),36411,26.10.24_Utumbi_C10_Makarel_ganz.mp4,[17.575829635328553],2766345
3263015,Indian Half-and-Half (Pycnochromis dimidiatus),Small Ovals - Damselfishes > Damselfishes (Pomacentridae) > Indian Half-and-Half (Pycnochromis dimidiatus),36411,26.10.24_Utumbi_C10_Makarel_ganz.mp4,[17.575829635328553],2766346
3263016,Indian Half-and-Half (Pycnochromis dimidiatus),Small Ovals - Damselfishes > Damselfishes (Pomacentridae) > Indian Half-and-Half (Pycnochromis dimidiatus),36411,26.10.24_Utumbi_C10_Makarel_ganz.mp4,[17.575829635328553],2766347
3263017,Indian Half-and-Half (Pycnochromis dimidiatus),Small Ovals - Damselfishes > Damselfishes (Pomacentridae) > Indian Half-and-Half (Pycnochromis dimidiatus),36411,26.10.24_Utumbi_C10_Makarel_ganz.mp4,[17.575829635328553],2766348
3263018,Indian Half-and-Half (Pycnochromis dimidiatus),Small Ovals - Damselfishes > Damselfishes (Pomacentridae) > Indian Half-and-Half (Pycnochromis dimidiatus),36411,26.10.24_Utumbi_C10_Makarel_ganz.mp4,[17.575829635328553],2766349
3263019,Indian Half-and-Half (Pycnochromis dimidiatus),Small Ovals - Damselfishes > Damselfishes (Pomacentridae) > Indian Half-and-Half (Pycnochromis dimidiatus),36411,26.10.24_Utumbi_C10_Makarel_ganz.mp4,[17.575829635328553],2766350
3263020,Indian Half-and-Half (Pycnochromis dimidiatus),Small Ovals - Damselfishes > Damselfishes (Pomacentridae) > Indian Half-and-Half (Pycnochromis dimidiatus),36411,26.10.24_Utumbi_C10_Makarel_ganz.mp4,[17.575829635328553],2766351
3263021,Indian Half-and-Half (Pycnochromis dimidiatus),Small Ovals - Damselfishes > Damselfishes (Pomacentridae) > Indian Half-and-Half (Pycnochromis dimidiatus),36411,26.10.24_Utumbi_C10_Makarel_ganz.mp4,[17.575829635328553],2766352
3263022,Indian Half-and-Half (Pycnochromis dimidiatus),Small Ovals - Damselfishes > Damselfishes (Pomacentridae) > Indian Half-and-Half (Pycnochromis dimidiatus),36411,26.10.24_Utumbi_C10_Makarel_ganz.mp4,[17.575829635328553],2766353
3263023,Indian Half-and-Half (Pycnochromis dimidiatus),Small Ovals - Damselfishes > Damselfishes (Pomacentridae) > Indian Half-and-Half (Pycnochromis dimidiatus),36411,26.10.24_Utumbi_C10_Makarel_ganz.mp4,[17.575829635328553],2766354
3263024,Indian Half-and-Half (Pycnochromis dimidiatus),Small Ovals - Damselfishes > Damselfishes (Pomacentridae) > Indian Half-and-Half (Pycnochromis dimidiatus),36411,26.10.24_Utumbi_C10_Makarel_ganz.mp4,[17.575829635328553],2766355
3263025,Indian Half-and-Half (Pycnochromis dimidiatus),Small Ovals - Damselfishes > Damselfishes (Pomacentridae) > Indian Half-and-Half (Pycnochromis dimidiatus),36411,26.10.24_Utumbi_C10_Makarel_ganz.mp4,[17.575829635328553],2766356
3263026,Indian Half-and-Half (Pycnochromis dimidiatus),Small Ovals - Damselfishes > Damselfishes (Pomacentridae) > Indian Half-and-Half (Pycnochromis dimidiatus),36411,26.10.24_Utumbi_C10_Makarel_ganz.mp4,[17.575829635328553],2766357
3263027,Indian Half-and-Half (Pycnochromis dimidiatus),Small Ovals - Damselfishes > Damselfishes (Pomacentridae) > Indian Half-and-Half (Pycnochromis dimidiatus),36411,26.10.24_Utumbi_C10_Makarel_ganz.mp4,[17.575829635328553],2766358
3263028,Indian Half-and-Half (Pycnochromis dimidiatus),Small Ovals - Damselfishes > Damselfishes (Pomacentridae) > Indian Half-and-Half (Pycnochromis dimidiatus),36411,26.10.24_Utumbi_C10_Makarel_ganz.mp4,[17.575829635328553],2766359
3263029,Indian Half-and-Half (Pycnochromis dimidiatus),Small Ovals - Damselfishes > Damselfishes (Pomacentridae) > Indian Half-and-Half (Pycnochromis dimidiatus),36411,26.10.24_Utumbi_C10_Makarel_ganz.mp4,[17.575829635328553],2766360
3263030,Indian Half-and-Half (Pycnochromis dimidiatus),Small Ovals - Damselfishes > Damselfishes (Pomacentridae) > Indian Half-and-Half (Pycnochromis dimidiatus),36411,26.10.24_Utumbi_C10_Makarel_ganz.mp4,[17.575829635328553],2766361
3263031,Indian Half-and-Half (Pycnochromis dimidiatus),Small Ovals - Damselfishes > Damselfishes (Pomacentridae) > Indian Half-and-Half (Pycnochromis dimidiatus),36411,26.10.24_Utumbi_C10_Makarel_ganz.mp4,[17.575829635328553],2766362
3263032,Indian Half-and-Half (Pycnochromis dimidiatus),Small Ovals - Damselfishes > Damselfishes (Pomacentridae) > Indian Half-and-Half (Pycnochromis dimidiatus),36411,26.10.24_Utumbi_C10_Makarel_ganz.mp4,[17.575829635328553],2766363
3263033,Indian Half-and-Half (Pycnochromis dimidiatus),Small Ovals - Damselfishes > Damselfishes (Pomacentridae) > Indian Half-and-Half (Pycnochromis dimidiatus),36411,26.10.24_Utumbi_C10_Makarel_ganz.mp4,[17.575829635328553],2766364
3263034,Indian Half-and-Half (Pycnochromis dimidiatus),Small Ovals - Damselfishes > Damselfishes (Pomacentridae) > Indian Half-and-Half (Pycnochromis dimidiatus),36411,26.10.24_Utumbi_C10_Makarel_ganz.mp4,[17.575829635328553],2766365
3263035,Indian Half-and-Half (Pycnochromis dimidiatus),Small Ovals - Damselfishes > Damselfishes (Pomacentridae) > Indian Half-and-Half (Pycnochromis dimidiatus),36411,26.10.24_Utumbi_C10_Makarel_ganz.mp4,[17.575829635328553],2766366
3263036,Indian Half-and-Half (Pycnochromis dimidiatus),Small Ovals - Damselfishes > Damselfishes (Pomacentridae) > Indian Half-and-Half (Pycnochromis dimidiatus),36411,26.10.24_Utumbi_C10_Makarel_ganz.mp4,[17.575829635328553],2766367
3263037,Indian Half-and-Half (Pycnochromis dimidiatus),Small Ovals - Damselfishes > Damselfishes (Pomacentridae) > Indian Half-and-Half (Pycnochromis dimidiatus),36411,26.10.24_Utumbi_C10_Makarel_ganz.mp4,[17.575829635328553],2766368
3263038,Indian Half-and-Half (Pycnochromis dimidiatus),Small Ovals - Damselfishes > Damselfishes (Pomacentridae) > Indian Half-and-Half (Pycnochromis dimidiatus),36411,26.10.24_Utumbi_C10_Makarel_ganz.mp4,[17.575829635328553],2766369
3263039,Indian Half-and-Half (Pycnochromis dimidiatus),Small Ovals - Damselfishes > Damselfishes (Pomacentridae) > Indian Half-and-Half (Pycnochromis dimidiatus),36411,26.10.24_Utumbi_C10_Makarel_ganz.mp4,[17.575829635328553],2766370
3263040,Indian Half-and-Half (Pycnochromis dimidiatus),Small Ovals - Damselfishes > Damselfishes (Pomacentridae) > Indian Half-and-Half (Pycnochromis dimidiatus),36411,26.10.24_Utumbi_C10_Makarel_ganz.mp4,[17.575829635328553],2766371
3263041,Indian Half-and-Half (Pycnochromis dimidiatus),Small Ovals - Damselfishes > Damselfishes (Pomacentridae) > Indian Half-and-Half (Pycnochromis dimidiatus),36411,26.10.24_Utumbi_C10_Makarel_ganz.mp4,[17.575829635328553],2766372
3263042,Indian Half-and-Half (Pycnochromis dimidiatus),Small Ovals - Damselfishes > Damselfishes (Pomacentridae) > Indian Half-and-Half (Pycnochromis dimidiatus),36411,26.10.24_Utumbi_C10_Makarel_ganz.mp4,[17.575829635328553],2766373
3263043,Indian Half-and-Half (Pycnochromis dimidiatus),Small Ovals - Damselfishes > Damselfishes (Pomacentridae) > Indian Half-and-Half (Pycnochromis dimidiatus),36411,26.10.24_Utumbi_C10_Makarel_ganz.mp4,[17.575829635328553],2766374
3263044,Indian Half-and-Half (Pycnochromis dimidiatus),Small Ovals - Damselfishes > Damselfishes (Pomacentridae) > Indian Half-and-Half (Pycnochromis dimidiatus),36411,26.10.24_Utumbi_C10_Makarel_ganz.mp4,[17.575829635328553],2766375
3263045,Indian Half-and-Half (Pycnochromis dimidiatus),Small Ovals - Damselfishes > Damselfishes (Pomacentridae) > Indian Half-and-Half (Pycnochromis dimidiatus),36411,26.10.24_Utumbi_C10_Makarel_ganz.mp4,[17.575829635328553],2766376
3263046,Indian Half-and-Half (Pycnochromis dimidiatus),Small Ovals - Damselfishes > Damselfishes (Pomacentridae) > Indian Half-and-Half (Pycnochromis dimidiatus),36411,26.10.24_Utumbi_C10_Makarel_ganz.mp4,[17.575829635328553],2766377
3263047,Indian Half-and-Half (Pycnochromis dimidiatus),Small Ovals - Damselfishes > Damselfishes (Pomacentridae) > Indian Half-and-Half (Pycnochromis dimidiatus),36411,26.10.24_Utumbi_C10_Makarel_ganz.mp4,[17.575829635328553],2766378
3263048,Indian Half-and-Half (Pycnochromis dimidiatus),Small Ovals - Damselfishes > Damselfishes (Pomacentridae) > Indian Half-and-Half (Pycnochromis dimidiatus),36411,26.10.24_Utumbi_C10_Makarel_ganz.mp4,[17.575829635328553],2766379
3263049,Indian Half-and-Half (Pycnochromis dimidiatus),Small Ovals - Damselfishes > Damselfishes (Pomacentridae) > Indian Half-and-Half (Pycnochromis dimidiatus),36411,26.10.24_Utumbi_C10_Makarel_ganz.mp4,[17.575829635328553],2766380
3263050,Indian Half-and-Half (Pycnochromis dimidiatus),Small Ovals - Damselfishes > Damselfishes (Pomacentridae) > Indian Half-and-Half (Pycnochromis dimidiatus),36411,26.10.24_Utumbi_C10_Makarel_ganz.mp4,[17.575829635328553],2766381
3263051,Indian Half-and-Half (Pycnochromis dimidiatus),Small Ovals - Damselfishes > Damselfishes (Pomacentridae) > Indian Half-and-Half (Pycnochromis dimidiatus),36411,26.10.24_Utumbi_C10_Makarel_ganz.mp4,[17.575829635328553],2766382
3263052,Indian Half-and-Half (Pycnochromis dimidiatus),Small Ovals - Damselfishes > Damselfishes (Pomacentridae) > Indian Half-and-Half (Pycnochromis dimidiatus),36411,26.10.24_Utumbi_C10_Makarel_ganz.mp4,[17.575829635328553],2766383
3263053,Indian Half-and-Half (Pycnochromis dimidiatus),Small Ovals - Damselfishes > Damselfishes (Pomacentridae) > Indian Half-and-Half (Pycnochromis dimidiatus),36411,26.10.24_Utumbi_C10_Makarel_ganz.mp4,[17.575829635328553],2766384
3263054,Indian Half-and-Half (Pycnochromis dimidiatus),Small Ovals - Damselfishes > Damselfishes (Pomacentridae) > Indian Half-and-Half (Pycnochromis dimidiatus),36411,26.10.24_Utumbi_C10_Makarel_ganz.mp4,[17.575829635328553],2766385
3263055,Indian Half-and-Half (Pycnochromis dimidiatus),Small Ovals - Damselfishes > Damselfishes (Pomacentridae) > Indian Half-and-Half (Pycnochromis dimidiatus),36411,26.10.24_Utumbi_C10_Makarel_ganz.mp4,[17.575829635328553],2766386
3263056,Indian Half-and-Half (Pycnochromis dimidiatus),Small Ovals - Damselfishes > Damselfishes (Pomacentridae) > Indian Half-and-Half (Pycnochromis dimidiatus),36411,26.10.24_Utumbi_C10_Makarel_ganz.mp4,[17.575829635328553],2766387
3263057,Indian Half-and-Half (Pycnochromis dimidiatus),Small Ovals - Damselfishes > Damselfishes (Pomacentridae) > Indian Half-and-Half (Pycnochromis dimidiatus),36411,26.10.24_Utumbi_C10_Makarel_ganz.mp4,[17.575829635328553],2766388
3263058,Indian Half-and-Half (Pycnochromis dimidiatus),Small Ovals - Damselfishes > Damselfishes (Pomacentridae) > Indian Half-and-Half (Pycnochromis dimidiatus),36411,26.10.24_Utumbi_C10_Makarel_ganz.mp4,[17.575829635328553],2766389
3263059,Indian Half-and-Half (Pycnochromis dimidiatus),Small Ovals - Damselfishes > Damselfishes (Pomacentridae) > Indian Half-and-Half (Pycnochromis dimidiatus),36411,26.10.24_Utumbi_C10_Makarel_ganz.mp4,[17.575829635328553],2766390
3263060,Indian Half-and-Half (Pycnochromis dimidiatus),Small Ovals - Damselfishes > Damselfishes (Pomacentridae) > Indian Half-and-Half (Pycnochromis dimidiatus),36411,26.10.24_Utumbi_C10_Makarel_ganz.mp4,[17.575829635328553],2766391
3263061,Indian Half-and-Half (Pycnochromis dimidiatus),Small Ovals - Damselfishes > Damselfishes (Pomacentridae) > Indian Half-and-Half (Pycnochromis dimidiatus),36411,26.10.24_Utumbi_C10_Makarel_ganz.mp4,[17.575829635328553],2766392
3263062,Indian Half-and-Half (Pycnochromis dimidiatus),Small Ovals - Damselfishes > Damselfishes (Pomacentridae) > Indian Half-and-Half (Pycnochromis dimidiatus),36411,26.10.24_Utumbi_C10_Makarel_ganz.mp4,[17.575829635328553],2766393
3263063,Indian Half-and-Half (Pycnochromis dimidiatus),Small Ovals - Damselfishes > Damselfishes (Pomacentridae) > Indian Half-and-Half (Pycnochromis dimidiatus),36411,26.10.24_Utumbi_C10_Makarel_ganz.mp4,[17.575829635328553],2766394
3263064,Indian Half-and-Half (Pycnochromis dimidiatus),Small Ovals - Damselfishes > Damselfishes (Pomacentridae) > Indian Half-and-Half (Pycnochromis dimidiatus),36411,26.10.24_Utumbi_C10_Makarel_ganz.mp4,[17.575829635328553],2766395
3263065,Indian Half-and-Half (Pycnochromis dimidiatus),Small Ovals - Damselfishes > Damselfishes (Pomacentridae) > Indian Half-and-Half (Pycnochromis dimidiatus),36411,26.10.24_Utumbi_C10_Makarel_ganz.mp4,[17.575829635328553],2766396
3263066,Indian Half-and-Half (Pycnochromis dimidiatus),Small Ovals - Damselfishes > Damselfishes (Pomacentridae) > Indian Half-and-Half (Pycnochromis dimidiatus),36411,26.10.24_Utumbi_C10_Makarel_ganz.mp4,[17.575829635328553],2766397
3263067,Indian Half-and-Half (Pycnochromis dimidiatus),Small Ovals - Damselfishes > Damselfishes (Pomacentridae) > Indian Half-and-Half (Pycnochromis dimidiatus),36411,26.10.24_Utumbi_C10_Makarel_ganz.mp4,[17.575829635328553],2766398
3263068,Indian Half-and-Half (Pycnochromis dimidiatus),Small Ovals - Damselfishes > Damselfishes (Pomacentridae) > Indian Half-and-Half (Pycnochromis dimidiatus),36411,26.10.24_Utumbi_C10_Makarel_ganz.mp4,[17.575829635328553],2766399
3263069,Indian Half-and-Half (Pycnochromis dimidiatus),Small Ovals - Damselfishes > Damselfishes (Pomacentridae) > Indian Half-and-Half (Pycnochromis dimidiatus),36411,26.10.24_Utumbi_C10_Makarel_ganz.mp4,[17.575829635328553],2766400
3263070,Indian Half-and-Half (Pycnochromis dimidiatus),Small Ovals - Damselfishes > Damselfishes (Pomacentridae) > Indian Half-and-Half (Pycnochromis dimidiatus),36411,26.10.24_Utumbi_C10_Makarel_ganz.mp4,[17.575829635328553],2766401
3263071,Indian Half-and-Half (Pycnochromis dimidiatus),Small Ovals - Damselfishes > Damselfishes (Pomacentridae) > Indian Half-and-Half (Pycnochromis dimidiatus),36411,26.10.24_Utumbi_C10_Makarel_ganz.mp4,[17.575829635328553],2766402
3263072,Indian Half-and-Half (Pycnochromis dimidiatus),Small Ovals - Damselfishes > Damselfishes (Pomacentridae) > Indian Half-and-Half (Pycnochromis dimidiatus),36411,26.10.24_Utumbi_C10_Makarel_ganz.mp4,[17.575829635328553],2766403
3263073,Indian Half-and-Half (Pycnochromis dimidiatus),Small Ovals - Damselfishes > Damselfishes (Pomacentridae) > Indian Half-and-Half (Pycnochromis dimidiatus),36411,26.10.24_Utumbi_C10_Makarel_ganz.mp4,[17.575829635328553],2766404
3263074,Indian Half-and-Half (Pycnochromis dimidiatus),Small Ovals - Damselfishes > Damselfishes (Pomacentridae) > Indian Half-and-Half (Pycnochromis dimidiatus),36411,26.10.24_Utumbi_C10_Makarel_ganz.mp4,[17.575829635328553],2766405
3263075,Indian Half-and-Half (Pycnochromis dimidiatus),Small Ovals - Damselfishes > Damselfishes (Pomacentridae) > Indian Half-and-Half (Pycnochromis dimidiatus),36411,26.10.24_Utumbi_C10_Makarel_ganz.mp4,[17.575829635328553],2766406
3263076,Indian Half-and-Half (Pycnochromis dimidiatus),Small Ovals - Damselfishes > Damselfishes (Pomacentridae) > Indian Half-and-Half (Pycnochromis dimidiatus),36411,26.10.24_Utumbi_C10_Makarel_ganz.mp4,[17.575829635328553],2766407
3263077,Indian Half-and-Half (Pycnochromis dimidiatus),Small Ovals - Damselfishes > Damselfishes (Pomacentridae) > Indian Half-and-Half (Pycnochromis dimidiatus),36411,26.10.24_Utumbi_C10_Makarel_ganz.mp4,[17.575829635328553],2766408
3263078,Indian Half-and-Half (Pycnochromis dimidiatus),Small Ovals - Damselfishes > Damselfishes (Pomacentridae) > Indian Half-and-Half (Pycnochromis dimidiatus),36411,26.10.24_Utumbi_C10_Makarel_ganz.mp4,[17.575829635328553],2766409
3263079,Indian Half-and-Half (Pycnochromis dimidiatus),Small Ovals - Damselfishes > Damselfishes (Pomacentridae) > Indian Half-and-Half (Pycnochromis dimidiatus),36411,26.10.24_Utumbi_C10_Makarel_ganz.mp4,[17.575829635328553],2766410
3263080,Indian Half-and-Half (Pycnochromis dimidiatus),Small Ovals - Damselfishes > Damselfishes (Pomacentridae) > Indian Half-and-Half (Pycnochromis dimidiatus),36411,26.10.24_Utumbi_C10_Makarel_ganz.mp4,[17.575829635328553],2766411
3263081,Indian Half-and-Half (Pycnochromis dimidiatus),Small Ovals - Damselfishes > Damselfishes (Pomacentridae) > Indian Half-and-Half (Pycnochromis dimidiatus),36411,26.10.24_Utumbi_C10_Makarel_ganz.mp4,[17.575829635328553],2766412
3263082,Indian Half-and-Half (Pycnochromis dimidiatus),Small Ovals - Damselfishes > Damselfishes (Pomacentridae) > Indian Half-and-Half (Pycnochromis dimidiatus),36411,26.10.24_Utumbi_C10_Makarel_ganz.mp4,[17.575829635328553],2766413
3263083,Indian Half-and-Half (Pycnochromis dimidiatus),Small Ovals - Damselfishes > Damselfishes (Pomacentridae) > Indian Half-and-Half (Pycnochromis dimidiatus),36411,26.10.24_Utumbi_C10_Makarel_ganz.mp4,[17.575829635328553],2766414
3263084,Indian Half-and-Half (Pycnochromis dimidiatus),Small Ovals - Damselfishes > Damselfishes (Pomacentridae) > Indian Half-and-Half (Pycnochromis dimidiatus),36411,26.10.24_Utumbi_C10_Makarel_ganz.mp4,[17.575829635328553],2766415
3263085,Indian Half-and-Half (Pycnochromis dimidiatus),Small Ovals - Damselfishes > Damselfishes (Pomacentridae) > Indian Half-and-Half (Pycnochromis dimidiatus),36411,26.10.24_Utumbi_C10_Makarel_ganz.mp4,[17.575829635328553],2766416
3263086,Indian Half-and-Half (Pycnochromis dimidiatus),Small Ovals - Damselfishes > Damselfishes (Pomacentridae) > Indian Half-and-Half (Pycnochromis dimidiatus),36411,26.10.24_Utumbi_C10_Makarel_ganz.mp4,[17.575829635328553],2766417
3263087,Indian Half-and-Half (Pycnochromis dimidiatus),Small Ovals - Damselfishes > Damselfishes (Pomacentridae) > Indian Half-and-Half (Pycnochromis dimidiatus),36411,26.10.24_Utumbi_C10_Makarel_ganz.mp4,[17.575829635328553],2766418
3263088,Indian Half-and-Half (Pycnochromis dimidiatus),Small Ovals - Damselfishes > Damselfishes (Pomacentridae) > Indian Half-and-Half (Pycnochromis dimidiatus),36411,26.10.24_Utumbi_C10_Makarel_ganz.mp4,[17.575829635328553],2766419
3263089,Indian Half-and-Half (Pycnochromis dimidiatus),Small Ovals - Damselfishes > Damselfishes (Pomacentridae) > Indian Half-and-Half (Pycnochromis dimidiatus),36411,26.10.24_Utumbi_C10_Makarel_ganz.mp4,[17.575829635328553],2766420
3263090,Indian Half-and-Half (Pycnochromis dimidiatus),Small Ovals - Damselfishes > Damselfishes (Pomacentridae) > Indian Half-and-Half (Pycnochromis dimidiatus),36411,26.10.24_Utumbi_C10_Makarel_ganz.mp4,[17.575829635328553],2766421
3263091,Indian Half-and-Half (Pycnochromis dimidiatus),Small Ovals - Damselfishes > Damselfishes (Pomacentridae) > Indian Half-and-Half (Pycnochromis dimidiatus),36411,26.10.24_Utumbi_C10_Makarel_ganz.mp4,[17.575829635328553],2766422
3263092,Indian Half-and-Half (Pycnochromis dimidiatus),Small Ovals - Damselfishes > Damselfishes (Pomacentridae) > Indian Half-and-Half (Pycnochromis dimidiatus),36411,26.10.24_Utumbi_C10_Makarel_ganz.mp4,[17.575829635328553],2766423
3263093,Indian Half-and-Half (Pycnochromis dimidiatus),Small Ovals - Damselfishes > Damselfishes (Pomacentridae) > Indian Half-and-Half (Pycnochromis dimidiatus),36411,26.10.24_Utumbi_C10_Makarel_ganz.mp4,[17.575829635328553],2766424
3263094,Indian Half-and-Half (Pycnochromis dimidiatus),Small Ovals - Damselfishes > Damselfishes (Pomacentridae) > Indian Half-and-Half (Pycnochromis dimidiatus),36411,26.10.24_Utumbi_C10_Makarel_ganz.mp4,[17.575829635328553],2766425
3263095,Indian Half-and-Half (Pycnochromis dimidiatus),Small Ovals - Damselfishes > Damselfishes (Pomacentridae) > Indian Half-and-Half (Pycnochromis dimidiatus),36411,26.10.24_Utumbi_C10_Makarel_ganz.mp4,[17.575829635328553],2766426
3263096,Indian Half-and-Half (Pycnochromis dimidiatus),Small Ovals - Damselfishes > Damselfishes (Pomacentridae) > Indian Half-and-Half (Pycnochromis dimidiatus),36411,26.10.24_Utumbi_C10_Makarel_ganz.mp4,[17.575829635328553],2766427
3263097,Indian Half-and-Half (Pycnochromis dimidiatus),Small Ovals - Damselfishes > Damselfishes (Pomacentridae) > Indian Half-and-Half (Pycnochromis dimidiatus),36411,26.10.24_Utumbi_C10_Makarel_ganz.mp4,[17.575829635328553],2766428
3263098,Indian Half-and-Half (Pycnochromis dimidiatus),Small Ovals - Damselfishes > Damselfishes (Pomacentridae) > Indian Half-and-Half (Pycnochromis dimidiatus),36411,26.10.24_Utumbi_C10_Makarel_ganz.mp4,[17.575829635328553],2766429
3263099,Indian Half-and-Half (Pycnochromis dimidiatus),Small Ovals - Damselfishes > Damselfishes (Pomacentridae) > Indian Half-and-Half (Pycnochromis dimidiatus),36411,26.10.24_Utumbi_C10_Makarel_ganz.mp4,[17.575829635328553],2766430
3263100,Indian Half-and-Half (Pycnochromis dimidiatus),Small Ovals - Damselfishes > Damselfishes (Pomacentridae) > Indian Half-and-Half (Pycnochromis dimidiatus),36411,26.10.24_Utumbi_C10_Makarel_ganz.mp4,[17.575829635328553],2766431
3263101,Indian Half-and-Half (Pycnochromis dimidiatus),Small Ovals - Damselfishes > Damselfishes (Pomacentridae) > Indian Half-and-Half (Pycnochromis dimidiatus),36411,26.10.24_Utumbi_C10_Makarel_ganz.mp4,[17.575829635328553],2766432
3263102,Indian Half-and-Half (Pycnochromis dimidiatus),Small Ovals - Damselfishes > Damselfishes (Pomacentridae) > Indian Half-and-Half (Pycnochromis dimidiatus),36411,26.10.24_Utumbi_C10_Makarel_ganz.mp4,[17.575829635328553],2766433
3263103,Indian Half-and-Half (Pycnochromis dimidiatus),Small Ovals - Damselfishes > Damselfishes (Pomacentridae) > Indian Half-and-Half (Pycnochromis dimidiatus),36411,26.10.24_Utumbi_C10_Makarel_ganz.mp4,[17.575829635328553],2766434
3263104,Indian Half-and-Half (Pycnochromis dimidiatus),Small Ovals - Damselfishes > Damselfishes (Pomacentridae) > Indian Half-and-Half (Pycnochromis dimidiatus),36411,26.10.24_Utumbi_C10_Makarel_ganz.mp4,[17.575829635328553],2766435
3263105,Indian Half-and-Half (Pycnochromis dimidiatus),Small Ovals - Damselfishes > Damselfishes (Pomacentridae) > Indian Half-and-Half (Pycnochromis dimidiatus),36411,26.10.24_Utumbi_C10_Makarel_ganz.mp4,[17.575829635328553],2766436
3263106,Indian Half-and-Half (Pycnochromis dimidiatus),Small Ovals - Damselfishes > Damselfishes (Pomacentridae) > Indian Half-and-Half (Pycnochromis dimidiatus),36411,26.10.24_Utumbi_C10_Makarel_ganz.mp4,[17.575829635328553],2766437
3263107,Indian Half-and-Half (Pycnochromis dimidiatus),Small Ovals - Damselfishes > Damselfishes (Pomacentridae) > Indian Half-and-Half (Pycnochromis dimidiatus),36411,26.10.24_Utumbi_C10_Makarel_ganz.mp4,[17.575829635328553],2766438
3263108,Indian Half-and-Half (Pycnochromis dimidiatus),Small Ovals - Damselfishes > Damselfishes (Pomacentridae) > Indian Half-and-Half (Pycnochromis dimidiatus),36411,26.10.24_Utumbi_C10_Makarel_ganz.mp4,[17.575829635328553],2766439
3263109,Indian Half-and-Half (Pycnochromis dimidiatus),Small Ovals - Damselfishes > Damselfishes (Pomacentridae) > Indian Half-and-Half (Pycnochromis dimidiatus),36411,26.10.24_Utumbi_C10_Makarel_ganz.mp4,[17.575829635328553],2766440
3263110,Indian Half-and-Half (Pycnochromis dimidiatus),Small Ovals - Damselfishes > Damselfishes (Pomacentridae) > Indian Half-and-Half (Pycnochromis dimidiatus),36411,26.10.24_Utumbi_C10_Makarel_ganz.mp4,[17.575829635328553],2766441
3263111,Indian Half-and-Half (Pycnochromis dimidiatus),Small Ovals - Damselfishes > Damselfishes (Pomacentridae) > Indian Half-and-Half (Pycnochromis dimidiatus),36411,26.10.24_Utumbi_C10_Makarel_ganz.mp4,[17.575829635328553],2766442
3263112,Indian Half-and-Half (Pycnochromis dimidiatus),Small Ovals - Damselfishes > Damselfishes (Pomacentridae) > Indian Half-and-Half (Pycnochromis dimidiatus),36411,26.10.24_Utumbi_C10_Makarel_ganz.mp4,[17.575829635328553],2766443
3263113,Indian Half-and-Half (Pycnochromis dimidiatus),Small Ovals - Damselfishes > Damselfishes (Pomacentridae) > Indian Half-and-Half (Pycnochromis dimidiatus),36411,26.10.24_Utumbi_C10_Makarel_ganz.mp4,[17.575829635328553],2766444
3263114,Indian Half-and-Half (Pycnochromis dimidiatus),Small Ovals - Damselfishes > Damselfishes (Pomacentridae) > Indian Half-and-Half (Pycnochromis dimidiatus),36411,26.10.24_Utumbi_C10_Makarel_ganz.mp4,[17.575829635328553],2766445
3263115,Indian Half-and-Half (Pycnochromis dimidiatus),Small Ovals - Damselfishes > Damselfishes (Pomacentridae) > Indian Half-and-Half (Pycnochromis dimidiatus),36411,26.10.24_Utumbi_C10_Makarel_ganz.mp4,[17.575829635328553],2766446
3263116,Indian Half-and-Half (Pycnochromis dimidiatus),Small Ovals - Damselfishes > Damselfishes (Pomacentridae) > Indian Half-and-Half (Pycnochromis dimidiatus),36411,26.10.24_Utumbi_C10_Makarel_ganz.mp4,[17.575829635328553],2766447
3263117,Indian Half-and-Half (Pycnochromis dimidiatus),Small Ovals - Damselfishes > Damselfishes (Pomacentridae) > Indian Half-and-Half (Pycnochromis dimidiatus),36411,26.10.24_Utumbi_C10_Makarel_ganz.mp4,[17.575829635328553],2766448
3263118,Indian Half-and-Half (Pycnochromis dimidiatus),Small Ovals - Damselfishes > Damselfishes (Pomacentridae) > Indian Half-and-Half (Pycnochromis dimidiatus),36411,26.10.24_Utumbi_C10_Makarel_ganz.mp4,[17.575829635328553],2766449
3263119,Indian Half-and-Half (Pycnochromis dimidiatus),Small Ovals - Damselfishes > Damselfishes (Pomacentridae) > Indian Half-and-Half (Pycnochromis dimidiatus),36411,26.10.24_Utumbi_C10_Makarel_ganz.mp4,[17.575829635328553],2766450
3263120,Indian Half-and-Half (Pycnochromis dimidiatus),Small Ovals - Damselfishes > Damselfishes (Pomacentridae) > Indian Half-and-Half (Pycnochromis dimidiatus),36411,26.10.24_Utumbi_C10_Makarel_ganz.mp4,[17.575829635328553],2766451
3263121,Indian Half-and-Half (Pycnochromis dimidiatus),Small Ovals - Damselfishes > Damselfishes (Pomacentridae) > Indian Half-and-Half (Pycnochromis dimidiatus),36411,26.10.24_Utumbi_C10_Makarel_ganz.mp4,[17.575829635328553],2766452
3263122,Indian Half-and-Half (Pycnochromis dimidiatus),Small Ovals - Damselfishes > Damselfishes (Pomacentridae) > Indian Half-and-Half (Pycnochromis dimidiatus),36411,26.10.24_Utumbi_C10_Makarel_ganz.mp4,[17.575829635328553],2766453
3263123,Indian Half-and-Half (Pycnochromis dimidiatus),Small Ovals - Damselfishes > Damselfishes (Pomacentridae) > Indian Half-and-Half (Pycnochromis dimidiatus),36411,26.10.24_Utumbi_C10_Makarel_ganz.mp4,[17.575829635328553],2766454
3263124,Indian Half-and-Half (Pycnochromis dimidiatus),Small Ovals - Damselfishes > Damselfishes (Pomacentridae) > Indian Half-and-Half (Pycnochromis dimidiatus),36411,26.10.24_Utumbi_C10_Makarel_ganz.mp4,[17.575829635328553],2766455
3263125,Indian Half-and-Half (Pycnochromis dimidiatus),Small Ovals - Damselfishes > Damselfishes (Pomacentridae) > Indian Half-and-Half (Pycnochromis dimidiatus),36411,26.10.24_Utumbi_C10_Makarel_ganz.mp4,[17.575829635328553],2766456
3263126,Indian Half-and-Half (Pycnochromis dimidiatus),Small Ovals - Damselfishes > Damselfishes (Pomacentridae) > Indian Half-and-Half (Pycnochromis dimidiatus),36411,26.10.24_Utumbi_C10_Makarel_ganz.mp4,[17.575829635328553],2766457
3263127,Indian Half-and-Half (Pycnochromis dimidiatus),Small Ovals - Damselfishes > Damselfishes (Pomacentridae) > Indian Half-and-Half (Pycnochromis dimidiatus),36411,26.10.24_Utumbi_C10_Makarel_ganz.mp4,[17.575829635328553],2766458
3263128,Indian Half-and-Half (Pycnochromis dimidiatus),Small Ovals - Damselfishes > Damselfishes (Pomacentridae) > Indian Half-and-Half (Pycnochromis dimidiatus),36411,26.10.24_Utumbi_C10_Makarel_ganz.mp4,[17.575829635328553],2766459
3263129,Indian Half-and-Half (Pycnochromis dimidiatus),Small Ovals - Damselfishes > Damselfishes (Pomacentridae) > Indian Half-and-Half (Pycnochromis dimidiatus),36411,26.10.24_Utumbi_C10_Makarel_ganz.mp4,[17.575829635328553],2766460
3263130,Indian Half-and-Half (Pycnochromis dimidiatus),Small Ovals - Damselfishes > Damselfishes (Pomacentridae) > Indian Half-and-Half (Pycnochromis dimidiatus),36411,26.10.24_Utumbi_C10_Makarel_ganz.mp4,[17.575829635328553],2766461
3263131,Indian Half-and-Half (Pycnochromis dimidiatus),Small Ovals - Damselfishes > Damselfishes (Pomacentridae) > Indian Half-and-Half (Pycnochromis dimidiatus),36411,26.10.24_Utumbi_C10_Makarel_ganz.mp4,[17.575829635328553],2766462
3263132,Indian Half-and-Half (Pycnochromis dimidiatus),Small Ovals - Damselfishes > Damselfishes (Pomacentridae) > Indian Half-and-Half (Pycnochromis dimidiatus),36411,26.10.24_Utumbi_C10_Makarel_ganz.mp4,[17.575829635328553],2766463
3263133,Indian Half-and-Half (Pycnochromis dimidiatus),Small Ovals - Damselfishes > Damselfishes (Pomacentridae) > Indian Half-and-Half (Pycnochromis dimidiatus),36411,26.10.24_Utumbi_C10_Makarel_ganz.mp4,[17.575829635328553],2766464
3263134,Indian Half-and-Half (Pycnochromis dimidiatus),Small Ovals - Damselfishes > Damselfishes (Pomacentridae) > Indian Half-and-Half (Pycnochromis dimidiatus),36411,26.10.24_Utumbi_C10_Makarel_ganz.mp4,[17.575829635328553],2766465
3263135,Indian Half-and-Half (Pycnochromis dimidiatus),Small Ovals - Damselfishes > Damselfishes (Pomacentridae) > Indian Half-and-Half (Pycnochromis dimidiatus),36411,26.10.24_Utumbi_C10_Makarel_ganz.mp4,[17.575829635328553],2766466
3263136,Wrasses (Labridae),Wrasses > Wrasses (Labridae),36411,26.10.24_Utumbi_C10_Makarel_ganz.mp4,[30.33285044300035],2766467
3263142,Longbarbel (Parupeneus macronemus),Odd-shaped Swimmers > Goatfishes (Mullidae) > Longbarbel (Parupeneus macronemus),36411,26.10.24_Utumbi_C10_Makarel_ganz.mp4,[76.43882407467274],2766471
3263144,Sulfur (Pomacentrus sulfureus),Small Ovals - Damselfishes > Damselfishes (Pomacentridae) > Sulfur (Pomacentrus sulfureus),36411,26.10.24_Utumbi_C10_Makarel_ganz.mp4,[93.83210382932852],2766473
3263145,Sulfur (Pomacentrus sulfureus),Small Ovals - Damselfishes > Damselfishes (Pomacentridae) > Sulfur (Pomacentrus sulfureus),36411,26.10.24_Utumbi_C10_Makarel_ganz.mp4,[93.83210382932852],2766474
3263146,Parrotfishes (Scaridae),Parrotfishes > Parrotfishes (Scaridae),36411,26.10.24_Utumbi_C10_Makarel_ganz.mp4,[100.5308568836667],2766475
3263147,Whitetail (Acanthurus thompsoni),Large Ovals > Surgeonfishes (Acanthuridae) > Whitetail (Acanthurus thompsoni),36411,26.10.24_Utumbi_C10_Makarel_ganz.mp4,[102.25590534333435],2766476
3263338,Parrotfishes (Scaridae),Parrotfishes > Parrotfishes (Scaridae),36411,26.10.24_Utumbi_C10_Makarel_ganz.mp4,[9.725200826],2766623
3263343,Groupers (Serranidae),Heavy Bodies/Large Lips > Groupers (Serranidae),36411,26.10.24_Utumbi_C10_Makarel_ganz.mp4,[60.695197253],2766628
3263348,Groupers (Serranidae),Heavy Bodies/Large Lips > Groupers (Serranidae),36411,26.10.24_Utumbi_C10_Makarel_ganz.mp4,[109.1560035127553],2766631
3263349,Parrotfishes (Scaridae),Parrotfishes > Parrotfishes (Scaridae),36411,26.10.24_Utumbi_C10_Makarel_ganz.mp4,[112.96881284399372],2766632
3263350,Parrotfishes (Scaridae),Parrotfishes > Parrotfishes (Scaridae),36411,26.10.24_Utumbi_C10_Makarel_ganz.mp4,[112.96881284399372],2766633
3263352,Brown Tang (Zebrasoma scopas),Large Ovals > Surgeonfishes (Acanthuridae) > Brown Tang (Zebrasoma scopas),36411,26.10.24_Utumbi_C10_Makarel_ganz.mp4,[120.82019843050195],2766635
3263355,Brassy Trevally (Caranx papuensis),Silvery > Jacks/Trevallyes (Carangidae) > Brassy Trevally (Caranx papuensis),36411,26.10.24_Utumbi_C10_Makarel_ganz.mp4,[131.22659321524418],2766637
3263358,Parrotfishes (Scaridae),Parrotfishes > Parrotfishes (Scaridae),36411,26.10.24_Utumbi_C10_Makarel_ganz.mp4,[181.03346566099148],2766640
3263359,Moon (Thalassoma lunare),Wrasses > Wrasses (Labridae) > Moon (Thalassoma lunare),36411,26.10.24_Utumbi_C10_Makarel_ganz.mp4,[189.42147816673955],2766641
3263360,Moon (Thalassoma lunare),Wrasses > Wrasses (Labridae) > Moon (Thalassoma lunare),36411,26.10.24_Utumbi_C10_Makarel_ganz.mp4,[189.42147816673955],2766642
3263361,Moon (Thalassoma lunare),Wrasses > Wrasses (Labridae) > Moon (Thalassoma lunare),36411,26.10.24_Utumbi_C10_Makarel_ganz.mp4,[189.42147816673955],2766643
3263373,Bird wrasse (Gomphosus caeruleus),Wrasses > Wrasses (Labridae) > Bird wrasse (Gomphosus caeruleus),36411,26.10.24_Utumbi_C10_Makarel_ganz.mp4,[219.30188370650114],2766654
3263382,Parrotfishes (Scaridae),Parrotfishes > Parrotfishes (Scaridae),36411,26.10.24_Utumbi_C10_Makarel_ganz.mp4,[234.50427669674684],2766655
3263383,Parrotfishes (Scaridae),Parrotfishes > Parrotfishes (Scaridae),36411,26.10.24_Utumbi_C10_Makarel_ganz.mp4,[234.50427669674684],2766656
3263384,Parrotfishes (Scaridae),Parrotfishes > Parrotfishes (Scaridae),36411,26.10.24_Utumbi_C10_Makarel_ganz.mp4,[234.50427669674684],2766657
3263385,Parrotfishes (Scaridae),Parrotfishes > Parrotfishes (Scaridae),36411,26.10.24_Utumbi_C10_Makarel_ganz.mp4,[234.50427669674684],2766658
3263386,Parrotfishes (Scaridae),Parrotfishes > Parrotfishes (Scaridae),36411,26.10.24_Utumbi_C10_Makarel_ganz.mp4,[234.50427669674684],2766659
3263387,Parrotfishes (Scaridae),Parrotfishes > Parrotfishes (Scaridae),36411,26.10.24_Utumbi_C10_Makarel_ganz.mp4,[234.50427669674684],2766660
3263388,Parrotfishes (Scaridae),Parrotfishes > Parrotfishes (Scaridae),36411,26.10.24_Utumbi_C10_Makarel_ganz.mp4,[234.50427669674684],2766661
3263389,Parrotfishes (Scaridae),Parrotfishes > Parrotfishes (Scaridae),36411,26.10.24_Utumbi_C10_Makarel_ganz.mp4,[234.50427669674684],2766662
3263390,Parrotfishes (Scaridae),Parrotfishes > Parrotfishes (Scaridae),36411,26.10.24_Utumbi_C10_Makarel_ganz.mp4,[234.50427669674684],2766663
3263391,Parrotfishes (Scaridae),Parrotfishes > Parrotfishes (Scaridae),36411,26.10.24_Utumbi_C10_Makarel_ganz.mp4,[234.50427669674684],2766664
3263392,Parrotfishes (Scaridae),Parrotfishes > Parrotfishes (Scaridae),36411,26.10.24_Utumbi_C10_Makarel_ganz.mp4,[234.50427669674684],2766665
3263393,Parrotfishes (Scaridae),Parrotfishes > Parrotfishes (Scaridae),36411,26.10.24_Utumbi_C10_Makarel_ganz.mp4,[234.50427669674684],2766666
3263397,Green (Amblyglyphidodon indicus),Small Ovals - Damselfishes > Damselfishes (Pomacentridae) > Green (Amblyglyphidodon indicus),36411,26.10.24_Utumbi_C10_Makarel_ganz.mp4,[279.94311996425574],2766667
3263398,Green (Amblyglyphidodon indicus),Small Ovals - Damselfishes > Damselfishes (Pomacentridae) > Green (Amblyglyphidodon indicus),36411,26.10.24_Utumbi_C10_Makarel_ganz.mp4,[279.94311996425574],2766668
3263399,Green (Amblyglyphidodon indicus),Small Ovals - Damselfishes > Damselfishes (Pomacentridae) > Green (Amblyglyphidodon indicus),36411,26.10.24_Utumbi_C10_Makarel_ganz.mp4,[279.94311996425574],2766669
3263400,Green (Amblyglyphidodon indicus),Small Ovals - Damselfishes > Damselfishes (Pomacentridae) > Green (Amblyglyphidodon indicus),36411,26.10.24_Utumbi_C10_Makarel_ganz.mp4,[279.94311996425574],2766670
3263401,Green (Amblyglyphidodon indicus),Small Ovals - Damselfishes > Damselfishes (Pomacentridae) > Green (Amblyglyphidodon indicus),36411,26.10.24_Utumbi_C10_Makarel_ganz.mp4,[279.94311996425574],2766671
3263405,Regal (Pygoplites diacanthus),Disk-shaped/Colourful > Angelfishes (Pomacanthidae) > Regal (Pygoplites diacanthus),36411,26.10.24_Utumbi_C10_Makarel_ganz.mp4,[290.7123584987468],2766674
3263413,Bicolor (Labroides bicolor),Wrasses > Wrasses (Labridae) > Bicolor (Labroides bicolor),36411,26.10.24_Utumbi_C10_Makarel_ganz.mp4,[346.849763131],2766677
3263430,Orange-lined (Balistapus undulatus),Odd-shaped Swimmers > Triggerfishes (Balistidae) > Orange-lined (Balistapus undulatus),36411,26.10.24_Utumbi_C10_Makarel_ganz.mp4,[402.84516802300163],2766684
3263431,Orange-lined (Balistapus undulatus),Odd-shaped Swimmers > Triggerfishes (Balistidae) > Orange-lined (Balistapus undulatus),36411,26.10.24_Utumbi_C10_Makarel_ganz.mp4,[402.84516802300163],2766685
3263432,Orange-lined (Balistapus undulatus),Odd-shaped Swimmers > Triggerfishes (Balistidae) > Orange-lined (Balistapus undulatus),36411,26.10.24_Utumbi_C10_Makarel_ganz.mp4,[402.84516802300163],2766686
3263433,Orange-lined (Balistapus undulatus),Odd-shaped Swimmers > Triggerfishes (Balistidae) > Orange-lined (Balistapus undulatus),36411,26.10.24_Utumbi_C10_Makarel_ganz.mp4,[402.84516802300163],2766687
3263434,Orange-lined (Balistapus undulatus),Odd-shaped Swimmers > Triggerfishes (Balistidae) > Orange-lined (Balistapus undulatus),36411,26.10.24_Utumbi_C10_Makarel_ganz.mp4,[402.84516802300163],2766688
3263435,Orange-lined (Balistapus undulatus),Odd-shaped Swimmers > Triggerfishes (Balistidae) > Orange-lined (Balistapus undulatus),36411,26.10.24_Utumbi_C10_Makarel_ganz.mp4,[402.84516802300163],2766689
3263436,Bird wrasse (Gomphosus caeruleus),Wrasses > Wrasses (Labridae) > Bird wrasse (Gomphosus caeruleus),36411,26.10.24_Utumbi_C10_Makarel_ganz.mp4,[409.7030104237568],2766690
3263443,Parrotfishes (Scaridae),Parrotfishes > Parrotfishes (Scaridae),36411,26.10.24_Utumbi_C10_Makarel_ganz.mp4,[421.7981073830024],2766694
3263444,Parrotfishes (Scaridae),Parrotfishes > Parrotfishes (Scaridae),36411,26.10.24_Utumbi_C10_Makarel_ganz.mp4,[421.7981073830024],2766695
3263445,Parrotfishes (Scaridae),Parrotfishes > Parrotfishes (Scaridae),36411,26.10.24_Utumbi_C10_Makarel_ganz.mp4,[421.7981073830024],2766696
3263446,Parrotfishes (Scaridae),Parrotfishes > Parrotfishes (Scaridae),36411,26.10.24_Utumbi_C10_Makarel_ganz.mp4,[426.89405608799945],2766697
3263447,Bullethead (Chlorurus sordidus),Parrotfishes > Parrotfishes (Scaridae) > Bullethead (Chlorurus sordidus),36411,26.10.24_Utumbi_C10_Makarel_ganz.mp4,[429.3807010889994],2766698
3263448,Whitetail (Acanthurus thompsoni),Large Ovals > Surgeonfishes (Acanthuridae) > Whitetail (Acanthurus thompsoni),36411,26.10.24_Utumbi_C10_Makarel_ganz.mp4,[443.885628915],2766699
3263450,Blue-green (Chromis viridis),Small Ovals - Damselfishes > Damselfishes (Pomacentridae) > Blue-green (Chromis viridis),36411,26.10.24_Utumbi_C10_Makarel_ganz.mp4,[443.60048498350733],2766701
3263452,Bicolor (Labroides bicolor),Wrasses > Wrasses (Labridae) > Bicolor (Labroides bicolor),36411,26.10.24_Utumbi_C10_Makarel_ganz.mp4,[460.8081791127556],2766702
3263453,Bicolor (Labroides bicolor),Wrasses > Wrasses (Labridae) > Bicolor (Labroides bicolor),36411,26.10.24_Utumbi_C10_Makarel_ganz.mp4,[460.8081791127556],2766703
3263456,Parrotfishes (Scaridae),Parrotfishes > Parrotfishes (Scaridae),36411,26.10.24_Utumbi_C10_Makarel_ganz.mp4,[505.40096939449546],2766705
3263457,Genus Soldier (Myripristis),Reddish/Big Eyes > Soldier-&Squirrelfishes (Holocentridae) > Genus Soldier (Myripristis),36411,26.10.24_Utumbi_C10_Makarel_ganz.mp4,[515.8329498444989],2766706
3263494,Parrotfishes (Scaridae),Parrotfishes > Parrotfishes (Scaridae),36411,26.10.24_Utumbi_C10_Makarel_ganz.mp4,[624.2832642889978],2766721
3263495,Parrotfishes (Scaridae),Parrotfishes > Parrotfishes (Scaridae),36411,26.10.24_Utumbi_C10_Makarel_ganz.mp4,[624.2832642889978],2766722
3263496,Parrotfishes (Scaridae),Parrotfishes > Parrotfishes (Scaridae),36411,26.10.24_Utumbi_C10_Makarel_ganz.mp4,[624.2832642889978],2766723
3263497,Parrotfishes (Scaridae),Parrotfishes > Parrotfishes (Scaridae),36411,26.10.24_Utumbi_C10_Makarel_ganz.mp4,[624.2832642889978],2766724
3263498,Parrotfishes (Scaridae),Parrotfishes > Parrotfishes (Scaridae),36411,26.10.24_Utumbi_C10_Makarel_ganz.mp4,[625.0418779569991],2766725
3263499,Parrotfishes (Scaridae),Parrotfishes > Parrotfishes (Scaridae),36411,26.10.24_Utumbi_C10_Makarel_ganz.mp4,[662.35385349325],2766726
3263514,Parrotfishes (Scaridae),Parrotfishes > Parrotfishes (Scaridae),36411,26.10.24_Utumbi_C10_Makarel_ganz.mp4,[679.994777226],2766733
3263515,Groupers (Serranidae),Heavy Bodies/Large Lips > Groupers (Serranidae),36411,26.10.24_Utumbi_C10_Makarel_ganz.mp4,[695.4568757539939],2766734
3263516,Groupers (Serranidae),Heavy Bodies/Large Lips > Groupers (Serranidae),36411,26.10.24_Utumbi_C10_Makarel_ganz.mp4,[695.4568757539939],2766735
3263525,Green (Amblyglyphidodon indicus),Small Ovals - Damselfishes > Damselfishes (Pomacentridae) > Green (Amblyglyphidodon indicus),36411,26.10.24_Utumbi_C10_Makarel_ganz.mp4,[743.152372546],2766737
3263526,Green (Amblyglyphidodon indicus),Small Ovals - Damselfishes > Damselfishes (Pomacentridae) > Green (Amblyglyphidodon indicus),36411,26.10.24_Utumbi_C10_Makarel_ganz.mp4,[743.152372546],2766738
3263527,Green (Amblyglyphidodon indicus),Small Ovals - Damselfishes > Damselfishes (Pomacentridae) > Green (Amblyglyphidodon indicus),36411,26.10.24_Utumbi_C10_Makarel_ganz.mp4,[743.152372546],2766739
3263528,Green (Amblyglyphidodon indicus),Small Ovals - Damselfishes > Damselfishes (Pomacentridae) > Green (Amblyglyphidodon indicus),36411,26.10.24_Utumbi_C10_Makarel_ganz.mp4,[743.152372546],2766740
3263529,Green (Amblyglyphidodon indicus),Small Ovals - Damselfishes > Damselfishes (Pomacentridae) > Green (Amblyglyphidodon indicus),36411,26.10.24_Utumbi_C10_Makarel_ganz.mp4,[743.152372546],2766741
3263530,Green (Amblyglyphidodon indicus),Small Ovals - Damselfishes > Damselfishes (Pomacentridae) > Green (Amblyglyphidodon indicus),36411,26.10.24_Utumbi_C10_Makarel_ganz.mp4,[743.152372546],2766742
3263541,Genus Naso,Large Ovals > Surgeonfishes (Acanthuridae) > Genus Naso,36411,26.10.24_Utumbi_C10_Makarel_ganz.mp4,[773.5996895315079],2766747
3263548,Bluefin (Caranx melampygus),Silvery > Jacks/Trevallyes (Carangidae) > Bluefin (Caranx melampygus),36411,26.10.24_Utumbi_C10_Makarel_ganz.mp4,[786.0153944787412],2766750
3263549,Bluefin (Caranx melampygus),Silvery > Jacks/Trevallyes (Carangidae) > Bluefin (Caranx melampygus),36411,26.10.24_Utumbi_C10_Makarel_ganz.mp4,[786.0153944787412],2766751
3263550,Bluefin (Caranx melampygus),Silvery > Jacks/Trevallyes (Carangidae) > Bluefin (Caranx melampygus),36411,26.10.24_Utumbi_C10_Makarel_ganz.mp4,[786.0153944787412],2766752
3263557,Ternate (Chromis ternatensis),Small Ovals - Damselfishes > Damselfishes (Pomacentridae) > Ternate (Chromis ternatensis),36411,26.10.24_Utumbi_C10_Makarel_ganz.mp4,[806.7830243922481],2766756
3263558,Ternate (Chromis ternatensis),Small Ovals - Damselfishes > Damselfishes (Pomacentridae) > Ternate (Chromis ternatensis),36411,26.10.24_Utumbi_C10_Makarel_ganz.mp4,[806.7830243922481],2766757
3263559,Ternate (Chromis ternatensis),Small Ovals - Damselfishes > Damselfishes (Pomacentridae) > Ternate (Chromis ternatensis),36411,26.10.24_Utumbi_C10_Makarel_ganz.mp4,[806.7830243922481],2766758
3263560,Ternate (Chromis ternatensis),Small Ovals - Damselfishes > Damselfishes (Pomacentridae) > Ternate (Chromis ternatensis),36411,26.10.24_Utumbi_C10_Makarel_ganz.mp4,[806.7830243922481],2766759
3263561,Ternate (Chromis ternatensis),Small Ovals - Damselfishes > Damselfishes (Pomacentridae) > Ternate (Chromis ternatensis),36411,26.10.24_Utumbi_C10_Makarel_ganz.mp4,[806.7830243922481],2766760
3263562,Ternate (Chromis ternatensis),Small Ovals - Damselfishes > Damselfishes (Pomacentridae) > Ternate (Chromis ternatensis),36411,26.10.24_Utumbi_C10_Makarel_ganz.mp4,[806.7830243922481],2766761
3263563,Ternate (Chromis ternatensis),Small Ovals - Damselfishes > Damselfishes (Pomacentridae) > Ternate (Chromis ternatensis),36411,26.10.24_Utumbi_C10_Makarel_ganz.mp4,[806.7830243922481],2766762
3263564,Ternate (Chromis ternatensis),Small Ovals - Damselfishes > Damselfishes (Pomacentridae) > Ternate (Chromis ternatensis),36411,26.10.24_Utumbi_C10_Makarel_ganz.mp4,[806.7830243922481],2766763
3263565,Ternate (Chromis ternatensis),Small Ovals - Damselfishes > Damselfishes (Pomacentridae) > Ternate (Chromis ternatensis),36411,26.10.24_Utumbi_C10_Makarel_ganz.mp4,[806.7830243922481],2766764
3263566,Ternate (Chromis ternatensis),Small Ovals - Damselfishes > Damselfishes (Pomacentridae) > Ternate (Chromis ternatensis),36411,26.10.24_Utumbi_C10_Makarel_ganz.mp4,[806.7830243922481],2766765
3263567,Ternate (Chromis ternatensis),Small Ovals - Damselfishes > Damselfishes (Pomacentridae) > Ternate (Chromis ternatensis),36411,26.10.24_Utumbi_C10_Makarel_ganz.mp4,[806.7830243922481],2766766
3263568,Ternate (Chromis ternatensis),Small Ovals - Damselfishes > Damselfishes (Pomacentridae) > Ternate (Chromis ternatensis),36411,26.10.24_Utumbi_C10_Makarel_ganz.mp4,[806.7830243922481],2766767
3263569,Ternate (Chromis ternatensis),Small Ovals - Damselfishes > Damselfishes (Pomacentridae) > Ternate (Chromis ternatensis),36411,26.10.24_Utumbi_C10_Makarel_ganz.mp4,[806.7830243922481],2766768
3263571,Ternate (Chromis ternatensis),Small Ovals - Damselfishes > Damselfishes (Pomacentridae) > Ternate (Chromis ternatensis),36411,26.10.24_Utumbi_C10_Makarel_ganz.mp4,[806.7830243922481],2766770
3263572,Ternate (Chromis ternatensis),Small Ovals - Damselfishes > Damselfishes (Pomacentridae) > Ternate (Chromis ternatensis),36411,26.10.24_Utumbi_C10_Makarel_ganz.mp4,[806.7830243922481],2766771
3263573,Ternate (Chromis ternatensis),Small Ovals - Damselfishes > Damselfishes (Pomacentridae) > Ternate (Chromis ternatensis),36411,26.10.24_Utumbi_C10_Makarel_ganz.mp4,[806.7830243922481],2766772
3263574,Ternate (Chromis ternatensis),Small Ovals - Damselfishes > Damselfishes (Pomacentridae) > Ternate (Chromis ternatensis),36411,26.10.24_Utumbi_C10_Makarel_ganz.mp4,[806.7830243922481],2766773
3263584,Genus Naso,Large Ovals > Surgeonfishes (Acanthuridae) > Genus Naso,36411,26.10.24_Utumbi_C10_Makarel_ganz.mp4,[869.233288007],2766778
3263605,Parrotfishes (Scaridae),Parrotfishes > Parrotfishes (Scaridae),36411,26.10.24_Utumbi_C10_Makarel_ganz.mp4,[895.8768483747541],2766794
3263606,Wrasses (Labridae),Wrasses > Wrasses (Labridae),36411,26.10.24_Utumbi_C10_Makarel_ganz.mp4,[916.0633218834978],2766795
3263607,Wrasses (Labridae),Wrasses > Wrasses (Labridae),36411,26.10.24_Utumbi_C10_Makarel_ganz.mp4,[916.0633218834978],2766796
3263610,Eclipse (Chaetodon bennetti),Disk-shaped/Colourful > Butterflyfishes (Chaetodontidae) > Eclipse (Chaetodon bennetti),36411,26.10.24_Utumbi_C10_Makarel_ganz.mp4,[1030.798290377],2766799
3263611,Parrotfishes (Scaridae),Parrotfishes > Parrotfishes (Scaridae),36411,26.10.24_Utumbi_C10_Makarel_ganz.mp4,[1035.6554471957581],2766800
3263612,Eclipse (Chaetodon bennetti),Disk-shaped/Colourful > Butterflyfishes (Chaetodontidae) > Eclipse (Chaetodon bennetti),36411,26.10.24_Utumbi_C10_Makarel_ganz.mp4,[1040.1700207494994],2766801
3263613,Eclipse (Chaetodon bennetti),Disk-shaped/Colourful > Butterflyfishes (Chaetodontidae) > Eclipse (Chaetodon bennetti),36411,26.10.24_Utumbi_C10_Makarel_ganz.mp4,[1040.1700207494994],2766802
3263614,Red-breasted (Cheilinus fasciatus),Wrasses > Wrasses (Labridae) > Red-breasted (Cheilinus fasciatus),36411,26.10.24_Utumbi_C10_Makarel_ganz.mp4,[1061.7360598422524],2766803
3263615,Parrotfishes (Scaridae),Parrotfishes > Parrotfishes (Scaridae),36411,26.10.24_Utumbi_C10_Makarel_ganz.mp4,[1104.1836370649992],2766804
3263616,Black-backed (Chaetodon melannotus),Disk-shaped/Colourful > Butterflyfishes (Chaetodontidae) > Black-backed (Chaetodon melannotus),36411,26.10.24_Utumbi_C10_Makarel_ganz.mp4,[1121.0928798490067],2766805
3263619,Humpback Unicorn (Naso brachycentron),Large Ovals > Surgeonfishes (Acanthuridae) > Humpback Unicorn (Naso brachycentron),36411,26.10.24_Utumbi_C10_Makarel_ganz.mp4,[1167.994434849],2766808
3263620,Indian Redfin (Chaetodon trifasciatus),Disk-shaped/Colourful > Butterflyfishes (Chaetodontidae) > Indian Redfin (Chaetodon trifasciatus),36411,26.10.24_Utumbi_C10_Makarel_ganz.mp4,[1190.7128382],2766809
3263621,Indian Redfin (Chaetodon trifasciatus),Disk-shaped/Colourful > Butterflyfishes (Chaetodontidae) > Indian Redfin (Chaetodon trifasciatus),36411,26.10.24_Utumbi_C10_Makarel_ganz.mp4,[1190.7128382],2766810
3263622,Parrotfishes (Scaridae),Parrotfishes > Parrotfishes (Scaridae),36411,26.10.24_Utumbi_C10_Makarel_ganz.mp4,[1260.346776673252],2766811
3263627,Genus Soldier (Myripristis),Reddish/Big Eyes > Soldier-&Squirrelfishes (Holocentridae) > Genus Soldier (Myripristis),36411,26.10.24_Utumbi_C10_Makarel_ganz.mp4,[1434.928046296003],2766816
3263628,Genus Soldier (Myripristis),Reddish/Big Eyes > Soldier-&Squirrelfishes (Holocentridae) > Genus Soldier (Myripristis),36411,26.10.24_Utumbi_C10_Makarel_ganz.mp4,[1434.928046296003],2766817
3263629,Genus Soldier (Myripristis),Reddish/Big Eyes > Soldier-&Squirrelfishes (Holocentridae) > Genus Soldier (Myripristis),36411,26.10.24_Utumbi_C10_Makarel_ganz.mp4,[1434.928046296003],2766818
3263630,Trumpetfish (Aulostomus chinensis),Odd-shaped Swimmers > Trumpetfishes (Aulostomidae) > Trumpetfish (Aulostomus chinensis),36411,26.10.24_Utumbi_C10_Makarel_ganz.mp4,[1439.2833598297425],2766819
3263631,Trumpetfish (Aulostomus chinensis),Odd-shaped Swimmers > Trumpetfishes (Aulostomidae) > Trumpetfish (Aulostomus chinensis),36411,26.10.24_Utumbi_C10_Makarel_ganz.mp4,[1439.2833598297425],2766820
3263632,Parrotfishes (Scaridae),Parrotfishes > Parrotfishes (Scaridae),36411,26.10.24_Utumbi_C10_Makarel_ganz.mp4,[1645.054417032],2766821
3263633,Parrotfishes (Scaridae),Parrotfishes > Parrotfishes (Scaridae),36411,26.10.24_Utumbi_C10_Makarel_ganz.mp4,[1646.3874182076713],2766822
3263634,Blue-streak (Labroides dimidiatus),Wrasses > Wrasses (Labridae) > Blue-streak (Labroides dimidiatus),36411,26.10.24_Utumbi_C10_Makarel_ganz.mp4,[1751.5668780630024],2766823
3263636,Parrotfishes (Scaridae),Parrotfishes > Parrotfishes (Scaridae),36411,26.10.24_Utumbi_C10_Makarel_ganz.mp4,[1810.0191467333234],2766825
3263637,Parrotfishes (Scaridae),Parrotfishes > Parrotfishes (Scaridae),36411,26.10.24_Utumbi_C10_Makarel_ganz.mp4,[1819.9757354153319],2766826
3263638,Elegant Unicorn (Naso elegans),Large Ovals > Surgeonfishes (Acanthuridae) > Elegant Unicorn (Naso elegans),36411,26.10.24_Utumbi_C10_Makarel_ganz.mp4,[1907.169391178],2766827
3263639,Groupers (Serranidae),Heavy Bodies/Large Lips > Groupers (Serranidae),36411,26.10.24_Utumbi_C10_Makarel_ganz.mp4,[1926.4584869066628],2766828
3263643,Redmouth (Aethaloperca rogaa),Heavy Bodies/Large Lips > Groupers (Serranidae) > Redmouth (Aethaloperca rogaa),36411,26.10.24_Utumbi_C10_Makarel_ganz.mp4,[2250.501718417],2766832
3263644,Redmouth (Aethaloperca rogaa),Heavy Bodies/Large Lips > Groupers (Serranidae) > Redmouth (Aethaloperca rogaa),36411,26.10.24_Utumbi_C10_Makarel_ganz.mp4,[2250.501718417],2766833
3263663,Parrotfishes (Scaridae),Parrotfishes > Parrotfishes (Scaridae),36411,26.10.24_Utumbi_C10_Makarel_ganz.mp4,[2589.0136204473415],2766852
3265753,Disappearing (Pseudocheilinus evanidus),Wrasses > Wrasses (Labridae) > Disappearing (Pseudocheilinus evanidus),36411,26.10.24_Utumbi_C10_Makarel_ganz.mp4,[820.238582176],2768263
3265758,Bird wrasse (Gomphosus caeruleus),Wrasses > Wrasses (Labridae) > Bird wrasse (Gomphosus caeruleus),36411,26.10.24_Utumbi_C10_Makarel_ganz.mp4,[546.6146017],2768267
3265760,Blackeye (Hemigymnus melapterus),Wrasses > Wrasses (Labridae) > Blackeye (Hemigymnus melapterus),36411,26.10.24_Utumbi_C10_Makarel_ganz.mp4,[1809.132927650994],2768268
3265766,Brown Pigmy (Centropyge multispinis),Disk-shaped/Colourful > Angelfishes (Pomacanthidae) > Brown Pigmy (Centropyge multispinis),36411,26.10.24_Utumbi_C10_Makarel_ganz.mp4,[39.30653326633635],2768269
3265767,Genus Soldier (Myripristis),Reddish/Big Eyes > Soldier-&Squirrelfishes (Holocentridae) > Genus Soldier (Myripristis),36411,26.10.24_Utumbi_C10_Makarel_ganz.mp4,[85.8000642],2768270
3265768,Parrotfishes (Scaridae),Parrotfishes > Parrotfishes (Scaridae),36411,26.10.24_Utumbi_C10_Makarel_ganz.mp4,[0.9199462],2768271
3265769,Genus Soldier (Myripristis),Reddish/Big Eyes > Soldier-&Squirrelfishes (Holocentridae) > Genus Soldier (Myripristis),36411,26.10.24_Utumbi_C10_Makarel_ganz.mp4,[46.9698522],2768272
3265770,Genus Soldier (Myripristis),Reddish/Big Eyes > Soldier-&Squirrelfishes (Holocentridae) > Genus Soldier (Myripristis),36411,26.10.24_Utumbi_C10_Makarel_ganz.mp4,[46.9698522],2768273
3265771,Five-saddle (Scarus saber),Parrotfishes > Parrotfishes (Scaridae) > Five-saddle (Scarus saber),36411,26.10.24_Utumbi_C10_Makarel_ganz.mp4,[319.35407405767427],2768274
3265773,Disappearing (Pseudocheilinus evanidus),Wrasses > Wrasses (Labridae) > Disappearing (Pseudocheilinus evanidus),36411,26.10.24_Utumbi_C10_Makarel_ganz.mp4,[1369.5592682],2768276
3265774,Disappearing (Pseudocheilinus evanidus),Wrasses > Wrasses (Labridae) > Disappearing (Pseudocheilinus evanidus),36411,26.10.24_Utumbi_C10_Makarel_ganz.mp4,[1369.5592682],2768277
3293046,Blackeye (Hemigymnus melapterus),Wrasses > Wrasses (Labridae) > Blackeye (Hemigymnus melapterus),36411,26.10.24_Utumbi_C10_Makarel_ganz.mp4,[285.311085817],2791881
3293047,Blackeye (Hemigymnus melapterus),Wrasses > Wrasses (Labridae) > Blackeye (Hemigymnus melapterus),36411,26.10.24_Utumbi_C10_Makarel_ganz.mp4,[285.311085817],2791882
3441263,Golden (Ctenochaetus truncates),Large Ovals > Surgeonfishes (Acanthuridae) > Golden (Ctenochaetus truncates),36411,26.10.24_Utumbi_C10_Makarel_ganz.mp4,[8.03251],2933449
3441264,Golden (Ctenochaetus truncates),Large Ovals > Surgeonfishes (Acanthuridae) > Golden (Ctenochaetus truncates),36411,26.10.24_Utumbi_C10_Makarel_ganz.mp4,[38.889931],2933450
3441265,Golden (Ctenochaetus truncates),Large Ovals > Surgeonfishes (Acanthuridae) > Golden (Ctenochaetus truncates),36411,26.10.24_Utumbi_C10_Makarel_ganz.mp4,[38.889931],2933451
3441266,Blennies (Blenniidae),Blennies > Blennies (Blenniidae),36411,26.10.24_Utumbi_C10_Makarel_ganz.mp4,[173.855387],2933452
3441267,Sulfur (Pomacentrus sulfureus),Small Ovals - Damselfishes > Damselfishes (Pomacentridae) > Sulfur (Pomacentrus sulfureus),36411,26.10.24_Utumbi_C10_Makarel_ganz.mp4,[410.276648],2933453
3441268,Humphead (Cheilinus undulatus),Wrasses > Wrasses (Labridae) > Humphead (Cheilinus undulatus),36411,26.10.24_Utumbi_C10_Makarel_ganz.mp4,[777.301548],2933454
3441306,Linedcheeked (Oxycheilinus digramma),Wrasses > Wrasses (Labridae) > Linedcheeked (Oxycheilinus digramma),36411,26.10.24_Utumbi_C10_Makarel_ganz.mp4,[333.098992],2933492
3441312,Humpback Unicorn (Naso brachycentron),Large Ovals > Surgeonfishes (Acanthuridae) > Humpback Unicorn (Naso brachycentron),36411,26.10.24_Utumbi_C10_Makarel_ganz.mp4,[1156.287897],2933498
3441313,Peacock (Cephalopholis argus),Heavy Bodies/Large Lips > Groupers (Serranidae) > Peacock (Cephalopholis argus),36411,26.10.24_Utumbi_C10_Makarel_ganz.mp4,[8.03215],2933499
3441315,Spot-tail (Coris caudimacula),Wrasses > Wrasses (Labridae) > Spot-tail (Coris caudimacula),36411,26.10.24_Utumbi_C10_Makarel_ganz.mp4,[189.370781],2933501
3558936,Genus Chromis,Small Ovals - Damselfishes > Damselfishes (Pomacentridae) > Genus Chromis,36411,26.10.24_Utumbi_C10_Makarel_ganz.mp4,[68.3211896],3041712
3558937,Genus Chromis,Small Ovals - Damselfishes > Damselfishes (Pomacentridae) > Genus Chromis,36411,26.10.24_Utumbi_C10_Makarel_ganz.mp4,[110.2620309],3041713
3558938,Genus Chromis,Small Ovals - Damselfishes > Damselfishes (Pomacentridae) > Genus Chromis,36411,26.10.24_Utumbi_C10_Makarel_ganz.mp4,[110.2620309],3041714
3559134,Linedcheeked (Oxycheilinus digramma),Wrasses > Wrasses (Labridae) > Linedcheeked (Oxycheilinus digramma),36411,26.10.24_Utumbi_C10_Makarel_ganz.mp4,[471.8119994],3041909
3559135,Fusiliers (Caesionidae),Slender Schoolers/Colourful > Fusiliers (Caesionidae),36411,26.10.24_Utumbi_C10_Makarel_ganz.mp4,[745.0060129],3041910
3559136,Fusiliers (Caesionidae),Slender Schoolers/Colourful > Fusiliers (Caesionidae),36411,26.10.24_Utumbi_C10_Makarel_ganz.mp4,[745.0060129],3041911
3559137,Fusiliers (Caesionidae),Slender Schoolers/Colourful > Fusiliers (Caesionidae),36411,26.10.24_Utumbi_C10_Makarel_ganz.mp4,[745.0060129],3041912
3559138,Fusiliers (Caesionidae),Slender Schoolers/Colourful > Fusiliers (Caesionidae),36411,26.10.24_Utumbi_C10_Makarel_ganz.mp4,[745.0060129],3041913
3559139,Fusiliers (Caesionidae),Slender Schoolers/Colourful > Fusiliers (Caesionidae),36411,26.10.24_Utumbi_C10_Makarel_ganz.mp4,[745.0060129],3041914
3559140,Fusiliers (Caesionidae),Slender Schoolers/Colourful > Fusiliers (Caesionidae),36411,26.10.24_Utumbi_C10_Makarel_ganz.mp4,[745.0060129],3041915
3559141,Fusiliers (Caesionidae),Slender Schoolers/Colourful > Fusiliers (Caesionidae),36411,26.10.24_Utumbi_C10_Makarel_ganz.mp4,[745.0060129],3041916
3559142,Fusiliers (Caesionidae),Slender Schoolers/Colourful > Fusiliers (Caesionidae),36411,26.10.24_Utumbi_C10_Makarel_ganz.mp4,[745.0060129],3041917
3559143,Fusiliers (Caesionidae),Slender Schoolers/Colourful > Fusiliers (Caesionidae),36411,26.10.24_Utumbi_C10_Makarel_ganz.mp4,[745.0060129],3041918
3559144,Fusiliers (Caesionidae),Slender Schoolers/Colourful > Fusiliers (Caesionidae),36411,26.10.24_Utumbi_C10_Makarel_ganz.mp4,[745.0060129],3041919
3559145,Fusiliers (Caesionidae),Slender Schoolers/Colourful > Fusiliers (Caesionidae),36411,26.10.24_Utumbi_C10_Makarel_ganz.mp4,[745.0060129],3041920
3559146,Fusiliers (Caesionidae),Slender Schoolers/Colourful > Fusiliers (Caesionidae),36411,26.10.24_Utumbi_C10_Makarel_ganz.mp4,[745.0060129],3041921
3559147,Fusiliers (Caesionidae),Slender Schoolers/Colourful > Fusiliers (Caesionidae),36411,26.10.24_Utumbi_C10_Makarel_ganz.mp4,[745.0060129],3041922
3559148,Fusiliers (Caesionidae),Slender Schoolers/Colourful > Fusiliers (Caesionidae),36411,26.10.24_Utumbi_C10_Makarel_ganz.mp4,[745.0060129],3041923
3559149,Fusiliers (Caesionidae),Slender Schoolers/Colourful > Fusiliers (Caesionidae),36411,26.10.24_Utumbi_C10_Makarel_ganz.mp4,[745.0060129],3041924
3559150,Fusiliers (Caesionidae),Slender Schoolers/Colourful > Fusiliers (Caesionidae),36411,26.10.24_Utumbi_C10_Makarel_ganz.mp4,[745.0060129],3041925
3559151,Fusiliers (Caesionidae),Slender Schoolers/Colourful > Fusiliers (Caesionidae),36411,26.10.24_Utumbi_C10_Makarel_ganz.mp4,[745.0060129],3041926
3559152,Fusiliers (Caesionidae),Slender Schoolers/Colourful > Fusiliers (Caesionidae),36411,26.10.24_Utumbi_C10_Makarel_ganz.mp4,[745.0060129],3041927
3559153,Fusiliers (Caesionidae),Slender Schoolers/Colourful > Fusiliers (Caesionidae),36411,26.10.24_Utumbi_C10_Makarel_ganz.mp4,[745.0060129],3041928
3559154,Fusiliers (Caesionidae),Slender Schoolers/Colourful > Fusiliers (Caesionidae),36411,26.10.24_Utumbi_C10_Makarel_ganz.mp4,[745.0060129],3041929
3559155,Fusiliers (Caesionidae),Slender Schoolers/Colourful > Fusiliers (Caesionidae),36411,26.10.24_Utumbi_C10_Makarel_ganz.mp4,[745.0060129],3041930
3559156,Fusiliers (Caesionidae),Slender Schoolers/Colourful > Fusiliers (Caesionidae),36411,26.10.24_Utumbi_C10_Makarel_ganz.mp4,[745.0060129],3041931
3559157,Fusiliers (Caesionidae),Slender Schoolers/Colourful > Fusiliers (Caesionidae),36411,26.10.24_Utumbi_C10_Makarel_ganz.mp4,[745.0060129],3041932
3559158,Fusiliers (Caesionidae),Slender Schoolers/Colourful > Fusiliers (Caesionidae),36411,26.10.24_Utumbi_C10_Makarel_ganz.mp4,[745.0060129],3041933
3559159,Fusiliers (Caesionidae),Slender Schoolers/Colourful > Fusiliers (Caesionidae),36411,26.10.24_Utumbi_C10_Makarel_ganz.mp4,[745.0060129],3041934
3559160,Fusiliers (Caesionidae),Slender Schoolers/Colourful > Fusiliers (Caesionidae),36411,26.10.24_Utumbi_C10_Makarel_ganz.mp4,[745.0060129],3041935
3559161,Fusiliers (Caesionidae),Slender Schoolers/Colourful > Fusiliers (Caesionidae),36411,26.10.24_Utumbi_C10_Makarel_ganz.mp4,[745.0060129],3041936
3559162,Fusiliers (Caesionidae),Slender Schoolers/Colourful > Fusiliers (Caesionidae),36411,26.10.24_Utumbi_C10_Makarel_ganz.mp4,[745.0060129],3041937
3559163,Fusiliers (Caesionidae),Slender Schoolers/Colourful > Fusiliers (Caesionidae),36411,26.10.24_Utumbi_C10_Makarel_ganz.mp4,[745.0060129],3041938
3559164,Fusiliers (Caesionidae),Slender Schoolers/Colourful > Fusiliers (Caesionidae),36411,26.10.24_Utumbi_C10_Makarel_ganz.mp4,[745.0060129],3041939
3559165,Fusiliers (Caesionidae),Slender Schoolers/Colourful > Fusiliers (Caesionidae),36411,26.10.24_Utumbi_C10_Makarel_ganz.mp4,[745.0060129],3041940
3559166,Fusiliers (Caesionidae),Slender Schoolers/Colourful > Fusiliers (Caesionidae),36411,26.10.24_Utumbi_C10_Makarel_ganz.mp4,[745.0060129],3041941
3559167,Fusiliers (Caesionidae),Slender Schoolers/Colourful > Fusiliers (Caesionidae),36411,26.10.24_Utumbi_C10_Makarel_ganz.mp4,[745.0060129],3041942
3559168,Fusiliers (Caesionidae),Slender Schoolers/Colourful > Fusiliers (Caesionidae),36411,26.10.24_Utumbi_C10_Makarel_ganz.mp4,[745.0060129],3041943
3559169,Fusiliers (Caesionidae),Slender Schoolers/Colourful > Fusiliers (Caesionidae),36411,26.10.24_Utumbi_C10_Makarel_ganz.mp4,[745.0060129],3041944
3559170,Fusiliers (Caesionidae),Slender Schoolers/Colourful > Fusiliers (Caesionidae),36411,26.10.24_Utumbi_C10_Makarel_ganz.mp4,[745.0060129],3041945
3559171,Fusiliers (Caesionidae),Slender Schoolers/Colourful > Fusiliers (Caesionidae),36411,26.10.24_Utumbi_C10_Makarel_ganz.mp4,[745.0060129],3041946
3559172,Fusiliers (Caesionidae),Slender Schoolers/Colourful > Fusiliers (Caesionidae),36411,26.10.24_Utumbi_C10_Makarel_ganz.mp4,[745.0060129],3041947
3559173,Fusiliers (Caesionidae),Slender Schoolers/Colourful > Fusiliers (Caesionidae),36411,26.10.24_Utumbi_C10_Makarel_ganz.mp4,[745.0060129],3041948
3559174,Fusiliers (Caesionidae),Slender Schoolers/Colourful > Fusiliers (Caesionidae),36411,26.10.24_Utumbi_C10_Makarel_ganz.mp4,[745.0060129],3041949
3559175,Fusiliers (Caesionidae),Slender Schoolers/Colourful > Fusiliers (Caesionidae),36411,26.10.24_Utumbi_C10_Makarel_ganz.mp4,[745.0060129],3041950
3559176,Fusiliers (Caesionidae),Slender Schoolers/Colourful > Fusiliers (Caesionidae),36411,26.10.24_Utumbi_C10_Makarel_ganz.mp4,[745.0060129],3041951
3559177,Genus Chromis,Small Ovals - Damselfishes > Damselfishes (Pomacentridae) > Genus Chromis,36411,26.10.24_Utumbi_C10_Makarel_ganz.mp4,[806.37624],3041952
3559178,Genus Chromis,Small Ovals - Damselfishes > Damselfishes (Pomacentridae) > Genus Chromis,36411,26.10.24_Utumbi_C10_Makarel_ganz.mp4,[806.37624],3041953
3559179,Genus Chromis,Small Ovals - Damselfishes > Damselfishes (Pomacentridae) > Genus Chromis,36411,26.10.24_Utumbi_C10_Makarel_ganz.mp4,[806.37624],3041954
3559180,Genus Chromis,Small Ovals - Damselfishes > Damselfishes (Pomacentridae) > Genus Chromis,36411,26.10.24_Utumbi_C10_Makarel_ganz.mp4,[806.37624],3041955
3559181,Genus Chromis,Small Ovals - Damselfishes > Damselfishes (Pomacentridae) > Genus Chromis,36411,26.10.24_Utumbi_C10_Makarel_ganz.mp4,[806.37624],3041956
3559182,Genus Chromis,Small Ovals - Damselfishes > Damselfishes (Pomacentridae) > Genus Chromis,36411,26.10.24_Utumbi_C10_Makarel_ganz.mp4,[806.37624],3041957
3559183,Genus Chromis,Small Ovals - Damselfishes > Damselfishes (Pomacentridae) > Genus Chromis,36411,26.10.24_Utumbi_C10_Makarel_ganz.mp4,[806.37624],3041958
3559184,Genus Chromis,Small Ovals - Damselfishes > Damselfishes (Pomacentridae) > Genus Chromis,36411,26.10.24_Utumbi_C10_Makarel_ganz.mp4,[806.37624],3041959
3559185,Genus Chromis,Small Ovals - Damselfishes > Damselfishes (Pomacentridae) > Genus Chromis,36411,26.10.24_Utumbi_C10_Makarel_ganz.mp4,[806.37624],3041960
3559186,Genus Chromis,Small Ovals - Damselfishes > Damselfishes (Pomacentridae) > Genus Chromis,36411,26.10.24_Utumbi_C10_Makarel_ganz.mp4,[806.37624],3041961
3559187,Genus Chromis,Small Ovals - Damselfishes > Damselfishes (Pomacentridae) > Genus Chromis,36411,26.10.24_Utumbi_C10_Makarel_ganz.mp4,[806.37624],3041962
3559188,Genus Chromis,Small Ovals - Damselfishes > Damselfishes (Pomacentridae) > Genus Chromis,36411,26.10.24_Utumbi_C10_Makarel_ganz.mp4,[806.37624],3041963
3559189,Genus Chromis,Small Ovals - Damselfishes > Damselfishes (Pomacentridae) > Genus Chromis,36411,26.10.24_Utumbi_C10_Makarel_ganz.mp4,[806.37624],3041964
3620517,Claudia (Halichoeres claudia),Wrasses > Wrasses (Labridae) > Claudia (Halichoeres claudia),36411,26.10.24_Utumbi_C10_Makarel_ganz.mp4,[1145.768333],3079858
4440378,Red Feeding,Sloping Heads > Snappers (Lutjanidae) > Red (Lutjanus bohar) > Red Feeding,36411,26.10.24_Utumbi_C10_Makarel_ganz.mp4,[14.261746],3691004
4440379,Orange-lined Feeding,Odd-shaped Swimmers > Triggerfishes (Balistidae) > Orange-lined (Balistapus undulatus) > Orange-lined Feeding,36411,26.10.24_Utumbi_C10_Makarel_ganz.mp4,[28.116642],3691005
4440380,Orange-lined Feeding,Odd-shaped Swimmers > Triggerfishes (Balistidae) > Orange-lined (Balistapus undulatus) > Orange-lined Feeding,36411,26.10.24_Utumbi_C10_Makarel_ganz.mp4,[32.929564],3691006
4440381,Orange-lined Feeding,Odd-shaped Swimmers > Triggerfishes (Balistidae) > Orange-lined (Balistapus undulatus) > Orange-lined Feeding,36411,26.10.24_Utumbi_C10_Makarel_ganz.mp4,[32.929564],3691007
4440383,Green Feeding,Small Ovals - Damselfishes > Damselfishes (Pomacentridae) > Green (Amblyglyphidodon indicus) > Green Feeding,36411,26.10.24_Utumbi_C10_Makarel_ganz.mp4,[38.21198],3691009
4440384,Green Interested,Small Ovals - Damselfishes > Damselfishes (Pomacentridae) > Green (Amblyglyphidodon indicus) > Green Interested,36411,26.10.24_Utumbi_C10_Makarel_ganz.mp4,[38.21198],3691010
4440385,Green Interested,Small Ovals - Damselfishes > Damselfishes (Pomacentridae) > Green (Amblyglyphidodon indicus) > Green Interested,36411,26.10.24_Utumbi_C10_Makarel_ganz.mp4,[38.21198],3691011
4440386,Green Interested,Small Ovals - Damselfishes > Damselfishes (Pomacentridae) > Green (Amblyglyphidodon indicus) > Green Interested,36411,26.10.24_Utumbi_C10_Makarel_ganz.mp4,[47.858699],3691012
4440387,Green Interested,Small Ovals - Damselfishes > Damselfishes (Pomacentridae) > Green (Amblyglyphidodon indicus) > Green Interested,36411,26.10.24_Utumbi_C10_Makarel_ganz.mp4,[47.858699],3691013
4440388,Green Interested,Small Ovals - Damselfishes > Damselfishes (Pomacentridae) > Green (Amblyglyphidodon indicus) > Green Interested,36411,26.10.24_Utumbi_C10_Makarel_ganz.mp4,[47.858699],3691014
4440389,Goldbar Interested,Wrasses > Wrasses (Labridae) > Goldbar (Thalassoma hebraicum) > Goldbar Interested,36411,26.10.24_Utumbi_C10_Makarel_ganz.mp4,[65.813137],3691015
4440398,Moon Feeding,Wrasses > Wrasses (Labridae) > Moon (Thalassoma lunare) > Moon Feeding,36411,26.10.24_Utumbi_C10_Makarel_ganz.mp4,[110.340903],3691024
4440406,Redmouth Interested,Heavy Bodies/Large Lips > Groupers (Serranidae) > Redmouth (Aethaloperca rogaa) > Redmouth Interested,36411,26.10.24_Utumbi_C10_Makarel_ganz.mp4,[201.223016],3691032
4440407,Redmouth Feeding,Heavy Bodies/Large Lips > Groupers (Serranidae) > Redmouth (Aethaloperca rogaa) > Redmouth Feeding,36411,26.10.24_Utumbi_C10_Makarel_ganz.mp4,[286.510086],3691033
4440414,Green Feeding,Small Ovals - Damselfishes > Damselfishes (Pomacentridae) > Green (Amblyglyphidodon indicus) > Green Feeding,36411,26.10.24_Utumbi_C10_Makarel_ganz.mp4,[683.895829],3691040
4440415,Green Feeding,Small Ovals - Damselfishes > Damselfishes (Pomacentridae) > Green (Amblyglyphidodon indicus) > Green Feeding,36411,26.10.24_Utumbi_C10_Makarel_ganz.mp4,[683.895829],3691041
4440416,Green Feeding,Small Ovals - Damselfishes > Damselfishes (Pomacentridae) > Green (Amblyglyphidodon indicus) > Green Feeding,36411,26.10.24_Utumbi_C10_Makarel_ganz.mp4,[683.895829],3691042
4440423,Moon Feeding,Wrasses > Wrasses (Labridae) > Moon (Thalassoma lunare) > Moon Feeding,36411,26.10.24_Utumbi_C10_Makarel_ganz.mp4,[738.417635],3691049
4440425,Moon Feeding,Wrasses > Wrasses (Labridae) > Moon (Thalassoma lunare) > Moon Feeding,36411,26.10.24_Utumbi_C10_Makarel_ganz.mp4,[738.417635],3691051
4440458,Sulfur Interested,Small Ovals - Damselfishes > Damselfishes (Pomacentridae) > Sulfur (Pomacentrus sulfureus) > Sulfur Interested,36411,26.10.24_Utumbi_C10_Makarel_ganz.mp4,[977.391706],3691084
4441357,Blacktip (Epinephelus fasciatus),Heavy Bodies/Large Lips > Groupers (Serranidae) > Blacktip (Epinephelus fasciatus),36411,26.10.24_Utumbi_C10_Makarel_ganz.mp4,[1474.815667],3691974
4441363,Blacktip Feeding,Heavy Bodies/Large Lips > Groupers (Serranidae) > Blacktip (Epinephelus fasciatus) > Blacktip Feeding,36411,26.10.24_Utumbi_C10_Makarel_ganz.mp4,[1474.815667],3691980
4441426,Green Feeding,Small Ovals - Damselfishes > Damselfishes (Pomacentridae) > Green (Amblyglyphidodon indicus) > Green Feeding,36411,26.10.24_Utumbi_C10_Makarel_ganz.mp4,[1491.605],3692043
4441428,Green Feeding,Small Ovals - Damselfishes > Damselfishes (Pomacentridae) > Green (Amblyglyphidodon indicus) > Green Feeding,36411,26.10.24_Utumbi_C10_Makarel_ganz.mp4,[1491.605],3692045
4441429,Green Feeding,Small Ovals - Damselfishes > Damselfishes (Pomacentridae) > Green (Amblyglyphidodon indicus) > Green Feeding,36411,26.10.24_Utumbi_C10_Makarel_ganz.mp4,[1491.605],3692046
4441431,Green Feeding,Small Ovals - Damselfishes > Damselfishes (Pomacentridae) > Green (Amblyglyphidodon indicus) > Green Feeding,36411,26.10.24_Utumbi_C10_Makarel_ganz.mp4,[1491.605],3692048
4441433,Green Feeding,Small Ovals - Damselfishes > Damselfishes (Pomacentridae) > Green (Amblyglyphidodon indicus) > Green Feeding,36411,26.10.24_Utumbi_C10_Makarel_ganz.mp4,[1491.605],3692050
4441628,Genus Soldier (Myripristis),Reddish/Big Eyes > Soldier-&Squirrelfishes (Holocentridae) > Genus Soldier (Myripristis),36411,26.10.24_Utumbi_C10_Makarel_ganz.mp4,[1508.959347],3692244
4442044,Groupers Feeding,Heavy Bodies/Large Lips > Groupers (Serranidae) > Groupers Feeding,36411,26.10.24_Utumbi_C10_Makarel_ganz.mp4,[1773.135573],3692635
4442047,Groupers Feeding,Heavy Bodies/Large Lips > Groupers (Serranidae) > Groupers Feeding,36411,26.10.24_Utumbi_C10_Makarel_ganz.mp4,[1793.282338],3692638
4442048,Groupers Feeding,Heavy Bodies/Large Lips > Groupers (Serranidae) > Groupers Feeding,36411,26.10.24_Utumbi_C10_Makarel_ganz.mp4,[1793.282338],3692639
4442748,Chevroned (Chaetodon trifascialis),Disk-shaped/Colourful > Butterflyfishes (Chaetodontidae) > Chevroned (Chaetodon trifascialis),36411,26.10.24_Utumbi_C10_Makarel_ganz.mp4,[2191.334199],3693339
4442753,Disappearing (Pseudocheilinus evanidus),Wrasses > Wrasses (Labridae) > Disappearing (Pseudocheilinus evanidus),36411,26.10.24_Utumbi_C10_Makarel_ganz.mp4,[2198.264706],3693344
4442754,Disappearing (Pseudocheilinus evanidus),Wrasses > Wrasses (Labridae) > Disappearing (Pseudocheilinus evanidus),36411,26.10.24_Utumbi_C10_Makarel_ganz.mp4,[2198.264706],3693345
4442755,Disappearing (Pseudocheilinus evanidus),Wrasses > Wrasses (Labridae) > Disappearing (Pseudocheilinus evanidus),36411,26.10.24_Utumbi_C10_Makarel_ganz.mp4,[2198.264706],3693346
4442757,Disappearing (Pseudocheilinus evanidus),Wrasses > Wrasses (Labridae) > Disappearing (Pseudocheilinus evanidus),36411,26.10.24_Utumbi_C10_Makarel_ganz.mp4,[2198.264706],3693348
4442758,Disappearing (Pseudocheilinus evanidus),Wrasses > Wrasses (Labridae) > Disappearing (Pseudocheilinus evanidus),36411,26.10.24_Utumbi_C10_Makarel_ganz.mp4,[2198.264706],3693349
4442774,Barred (Hemigymnus fasciatus),Wrasses > Wrasses (Labridae) > Barred (Hemigymnus fasciatus),36411,26.10.24_Utumbi_C10_Makarel_ganz.mp4,[2223.249219],3693365
