video_annotation_label_id,label_name,label_hierarchy,video_id,video_filename,frames,annotation_id
3464047,Green (Amblyglyphidodon indicus),Small Ovals - Damselfishes > Damselfishes (Pomacentridae) > Green (Amblyglyphidodon indicus),38012,12.11.24_Utumbi_Glasnudel_ganz.mp4,[1.4388417],2954300
3464048,Red (Lutjanus bohar),Sloping Heads > Snappers (Lutjanidae) > Red (Lutjanus bohar),38012,12.11.24_Utumbi_Glasnudel_ganz.mp4,[6.2031546],2954301
3464049,Indian Half-and-Half (Pycnochromis dimidiatus),Small Ovals - Damselfishes > Damselfishes (Pomacentridae) > Indian Half-and-Half (Pycnochromis dimidiatus),38012,12.11.24_Utumbi_Glasnudel_ganz.mp4,[12.6590656],2954302
3464050,Goldbar (Thalassoma hebraicum),Wrasses > Wrasses (Labridae) > Goldbar (Thalassoma hebraicum),38012,12.11.24_Utumbi_Glasnudel_ganz.mp4,[14.8458514],2954303
3464051,Brown Tang (Zebrasoma scopas),Large Ovals > Surgeonfishes (Acanthuridae) > Brown Tang (Zebrasoma scopas),38012,12.11.24_Utumbi_Glasnudel_ganz.mp4,[20.1949883],2954304
3464052,Orange-lined (Balistapus undulatus),Odd-shaped Swimmers > Triggerfishes (Balistidae) > Orange-lined (Balistapus undulatus),38012,12.11.24_Utumbi_Glasnudel_ganz.mp4,[22.9229386],2954305
3464053,Parrotfishes (Scaridae),Parrotfishes > Parrotfishes (Scaridae),38012,12.11.24_Utumbi_Glasnudel_ganz.mp4,[26.4669741],2954306
3464054,Brown Tang (Zebrasoma scopas),Large Ovals > Surgeonfishes (Acanthuridae) > Brown Tang (Zebrasoma scopas),38012,12.11.24_Utumbi_Glasnudel_ganz.mp4,[54.0365316],2954307
3464055,Brown Tang (Zebrasoma scopas),Large Ovals > Surgeonfishes (Acanthuridae) > Brown Tang (Zebrasoma scopas),38012,12.11.24_Utumbi_Glasnudel_ganz.mp4,[54.0365316],2954308
3464056,Bird wrasse (Gomphosus caeruleus),Wrasses > Wrasses (Labridae) > Bird wrasse (Gomphosus caeruleus),38012,12.11.24_Utumbi_Glasnudel_ganz.mp4,[56.8858782],2954309
3464057,Genus Soldier (Myripristis),Reddish/Big Eyes > Soldier-&Squirrelfishes (Holocentridae) > Genus Soldier (Myripristis),38012,12.11.24_Utumbi_Glasnudel_ganz.mp4,[59.0172296],2954310
3464058,Five-saddle (Scarus saber),Parrotfishes > Parrotfishes (Scaridae) > Five-saddle (Scarus saber),38012,12.11.24_Utumbi_Glasnudel_ganz.mp4,[62.3618566],2954311
3464059,Freckled (Paracirrhites forsteri),Heavy Bodies/Large Lips > Hawkfishes (Cirrhitidae) > Freckled (Paracirrhites forsteri),38012,12.11.24_Utumbi_Glasnudel_ganz.mp4,[71.0084043],2954312
3464060,Whitetail (Acanthurus thompsoni),Large Ovals > Surgeonfishes (Acanthuridae) > Whitetail (Acanthurus thompsoni),38012,12.11.24_Utumbi_Glasnudel_ganz.mp4,[87.0840786],2954313
3464061,Wrasses (Labridae),Wrasses > Wrasses (Labridae),38012,12.11.24_Utumbi_Glasnudel_ganz.mp4,[106.1901634],2954314
3464062,Longbarbel (Parupeneus macronemus),Odd-shaped Swimmers > Goatfishes (Mullidae) > Longbarbel (Parupeneus macronemus),38012,12.11.24_Utumbi_Glasnudel_ganz.mp4,[109.6289726],2954315
3464063,Genus Soldier (Myripristis),Reddish/Big Eyes > Soldier-&Squirrelfishes (Holocentridae) > Genus Soldier (Myripristis),38012,12.11.24_Utumbi_Glasnudel_ganz.mp4,[120.5855242],2954316
3464064,Genus Soldier (Myripristis),Reddish/Big Eyes > Soldier-&Squirrelfishes (Holocentridae) > Genus Soldier (Myripristis),38012,12.11.24_Utumbi_Glasnudel_ganz.mp4,[120.5855242],2954317
3464065,Genus Soldier (Myripristis),Reddish/Big Eyes > Soldier-&Squirrelfishes (Holocentridae) > Genus Soldier (Myripristis),38012,12.11.24_Utumbi_Glasnudel_ganz.mp4,[124.0306217],2954318
3464066,Genus Soldier (Myripristis),Reddish/Big Eyes > Soldier-&Squirrelfishes (Holocentridae) > Genus Soldier (Myripristis),38012,12.11.24_Utumbi_Glasnudel_ganz.mp4,[124.0306217],2954319
3464067,Genus Soldier (Myripristis),Reddish/Big Eyes > Soldier-&Squirrelfishes (Holocentridae) > Genus Soldier (Myripristis),38012,12.11.24_Utumbi_Glasnudel_ganz.mp4,[124.0306217],2954320
3464068,Humpnose Bigeye (Monotaxis grandoculis),Sloping Heads > Emperors (Lethrinidae) > Humpnose Bigeye (Monotaxis grandoculis),38012,12.11.24_Utumbi_Glasnudel_ganz.mp4,[136.9260199],2954321
3464069,Black-lipped (Chaetodon kleinii),Disk-shaped/Colourful > Butterflyfishes (Chaetodontidae) > Black-lipped (Chaetodon kleinii),38012,12.11.24_Utumbi_Glasnudel_ganz.mp4,[137.9551806],2954322
3464070,Bullethead (Chlorurus sordidus),Parrotfishes > Parrotfishes (Scaridae) > Bullethead (Chlorurus sordidus),38012,12.11.24_Utumbi_Glasnudel_ganz.mp4,[142.3696873],2954323
3464071,Genus Naso,Large Ovals > Surgeonfishes (Acanthuridae) > Genus Naso,38012,12.11.24_Utumbi_Glasnudel_ganz.mp4,[156.1198525],2954324
3464072,Black-lipped (Chaetodon kleinii),Disk-shaped/Colourful > Butterflyfishes (Chaetodontidae) > Black-lipped (Chaetodon kleinii),38012,12.11.24_Utumbi_Glasnudel_ganz.mp4,[157.5903232],2954325
3464073,Black-lipped (Chaetodon kleinii),Disk-shaped/Colourful > Butterflyfishes (Chaetodontidae) > Black-lipped (Chaetodon kleinii),38012,12.11.24_Utumbi_Glasnudel_ganz.mp4,[157.5903232],2954326
3464074,False-eye (Abudefduf sparoides),Small Ovals - Damselfishes > Damselfishes (Pomacentridae) > False-eye (Abudefduf sparoides),38012,12.11.24_Utumbi_Glasnudel_ganz.mp4,[163.6294337],2954327
3464075,Disappearing (Pseudocheilinus evanidus),Wrasses > Wrasses (Labridae) > Disappearing (Pseudocheilinus evanidus),38012,12.11.24_Utumbi_Glasnudel_ganz.mp4,[170.557026],2954328
3464076,Lined Bristletooth (Ctenochaetus striatus),Large Ovals > Surgeonfishes (Acanthuridae) > Lined Bristletooth (Ctenochaetus striatus),38012,12.11.24_Utumbi_Glasnudel_ganz.mp4,[181.1573537],2954329
3464077,Parrotfishes (Scaridae),Parrotfishes > Parrotfishes (Scaridae),38012,12.11.24_Utumbi_Glasnudel_ganz.mp4,[223.2859568],2954330
3464078,Parrotfishes (Scaridae),Parrotfishes > Parrotfishes (Scaridae),38012,12.11.24_Utumbi_Glasnudel_ganz.mp4,[223.2859568],2954331
3464079,Moorish Idol (Zanclus cornutus),Large Ovals > Moorish Idol (Zanclidae) > Moorish Idol (Zanclus cornutus),38012,12.11.24_Utumbi_Glasnudel_ganz.mp4,[240.3042282],2954332
3464080,Moorish Idol (Zanclus cornutus),Large Ovals > Moorish Idol (Zanclidae) > Moorish Idol (Zanclus cornutus),38012,12.11.24_Utumbi_Glasnudel_ganz.mp4,[240.3042282],2954333
3464081,Parrotfishes (Scaridae),Parrotfishes > Parrotfishes (Scaridae),38012,12.11.24_Utumbi_Glasnudel_ganz.mp4,[284.137685],2954334
3464082,Parrotfishes (Scaridae),Parrotfishes > Parrotfishes (Scaridae),38012,12.11.24_Utumbi_Glasnudel_ganz.mp4,[284.137685],2954335
3464083,Parrotfishes (Scaridae),Parrotfishes > Parrotfishes (Scaridae),38012,12.11.24_Utumbi_Glasnudel_ganz.mp4,[284.137685],2954336
3464084,Parrotfishes (Scaridae),Parrotfishes > Parrotfishes (Scaridae),38012,12.11.24_Utumbi_Glasnudel_ganz.mp4,[284.137685],2954337
3464085,Parrotfishes (Scaridae),Parrotfishes > Parrotfishes (Scaridae),38012,12.11.24_Utumbi_Glasnudel_ganz.mp4,[284.137685],2954338
3464086,Brown Tang (Zebrasoma scopas),Large Ovals > Surgeonfishes (Acanthuridae) > Brown Tang (Zebrasoma scopas),38012,12.11.24_Utumbi_Glasnudel_ganz.mp4,[298.1776719],2954339
3464087,Brown Tang (Zebrasoma scopas),Large Ovals > Surgeonfishes (Acanthuridae) > Brown Tang (Zebrasoma scopas),38012,12.11.24_Utumbi_Glasnudel_ganz.mp4,[298.1776719],2954340
3464088,Brown Tang (Zebrasoma scopas),Large Ovals > Surgeonfishes (Acanthuridae) > Brown Tang (Zebrasoma scopas),38012,12.11.24_Utumbi_Glasnudel_ganz.mp4,[298.1776719],2954341
3464090,Brown Pigmy (Centropyge multispinis),Disk-shaped/Colourful > Angelfishes (Pomacanthidae) > Brown Pigmy (Centropyge multispinis),38012,12.11.24_Utumbi_Glasnudel_ganz.mp4,[304.5480775],2954343
3464091,Red-breasted (Cheilinus fasciatus),Wrasses > Wrasses (Labridae) > Red-breasted (Cheilinus fasciatus),38012,12.11.24_Utumbi_Glasnudel_ganz.mp4,[308.8401474],2954344
3464092,Lined Bristletooth (Ctenochaetus striatus),Large Ovals > Surgeonfishes (Acanthuridae) > Lined Bristletooth (Ctenochaetus striatus),38012,12.11.24_Utumbi_Glasnudel_ganz.mp4,[320.1558927],2954345
3464093,Lined Bristletooth (Ctenochaetus striatus),Large Ovals > Surgeonfishes (Acanthuridae) > Lined Bristletooth (Ctenochaetus striatus),38012,12.11.24_Utumbi_Glasnudel_ganz.mp4,[320.1558927],2954346
3464094,Brown Tang (Zebrasoma scopas),Large Ovals > Surgeonfishes (Acanthuridae) > Brown Tang (Zebrasoma scopas),38012,12.11.24_Utumbi_Glasnudel_ganz.mp4,[327.9703104],2954347
3464095,Brown Tang (Zebrasoma scopas),Large Ovals > Surgeonfishes (Acanthuridae) > Brown Tang (Zebrasoma scopas),38012,12.11.24_Utumbi_Glasnudel_ganz.mp4,[327.9703104],2954348
3464096,Brown Tang (Zebrasoma scopas),Large Ovals > Surgeonfishes (Acanthuridae) > Brown Tang (Zebrasoma scopas),38012,12.11.24_Utumbi_Glasnudel_ganz.mp4,[327.9703104],2954349
3464097,Brown Tang (Zebrasoma scopas),Large Ovals > Surgeonfishes (Acanthuridae) > Brown Tang (Zebrasoma scopas),38012,12.11.24_Utumbi_Glasnudel_ganz.mp4,[327.9703104],2954350
3464098,Bullethead (Chlorurus sordidus),Parrotfishes > Parrotfishes (Scaridae) > Bullethead (Chlorurus sordidus),38012,12.11.24_Utumbi_Glasnudel_ganz.mp4,[330.9948154],2954351
3464099,Bullethead (Chlorurus sordidus),Parrotfishes > Parrotfishes (Scaridae) > Bullethead (Chlorurus sordidus),38012,12.11.24_Utumbi_Glasnudel_ganz.mp4,[330.9948154],2954352
3464100,Longfin Banner (Heniochus acuminatus),Disk-shaped/Colourful > Butterflyfishes (Chaetodontidae) > Longfin Banner (Heniochus acuminatus),38012,12.11.24_Utumbi_Glasnudel_ganz.mp4,[354.5483835],2954353
3464101,Brown Pigmy (Centropyge multispinis),Disk-shaped/Colourful > Angelfishes (Pomacanthidae) > Brown Pigmy (Centropyge multispinis),38012,12.11.24_Utumbi_Glasnudel_ganz.mp4,[383.6209068],2954354
3464102,Brown Pigmy (Centropyge multispinis),Disk-shaped/Colourful > Angelfishes (Pomacanthidae) > Brown Pigmy (Centropyge multispinis),38012,12.11.24_Utumbi_Glasnudel_ganz.mp4,[383.6209068],2954355
3464103,Brown Pigmy (Centropyge multispinis),Disk-shaped/Colourful > Angelfishes (Pomacanthidae) > Brown Pigmy (Centropyge multispinis),38012,12.11.24_Utumbi_Glasnudel_ganz.mp4,[395.77834238044875],2954356
3464104,Genus Chromis,Small Ovals - Damselfishes > Damselfishes (Pomacentridae) > Genus Chromis,38012,12.11.24_Utumbi_Glasnudel_ganz.mp4,[392.5239542],2954357
3464105,Genus Chromis,Small Ovals - Damselfishes > Damselfishes (Pomacentridae) > Genus Chromis,38012,12.11.24_Utumbi_Glasnudel_ganz.mp4,[392.5239542],2954358
3464106,Genus Squirrel (Sargocentron),Reddish/Big Eyes > Soldier-&Squirrelfishes (Holocentridae) > Genus Squirrel (Sargocentron),38012,12.11.24_Utumbi_Glasnudel_ganz.mp4,[424.5185272],2954359
3464107,Redmouth (Aethaloperca rogaa),Heavy Bodies/Large Lips > Groupers (Serranidae) > Redmouth (Aethaloperca rogaa),38012,12.11.24_Utumbi_Glasnudel_ganz.mp4,[446.359034],2954360
3464108,Tubelip (Labrichthys unilineatus),Wrasses > Wrasses (Labridae) > Tubelip (Labrichthys unilineatus),38012,12.11.24_Utumbi_Glasnudel_ganz.mp4,[489.4500768],2954361
3464109,Barred (Hemigymnus fasciatus),Wrasses > Wrasses (Labridae) > Barred (Hemigymnus fasciatus),38012,12.11.24_Utumbi_Glasnudel_ganz.mp4,[505.8441433],2954362
3464110,Raccoon (Chaetodon lunula),Disk-shaped/Colourful > Butterflyfishes (Chaetodontidae) > Raccoon (Chaetodon lunula),38012,12.11.24_Utumbi_Glasnudel_ganz.mp4,[707.1991503],2954363
3464111,Raccoon (Chaetodon lunula),Disk-shaped/Colourful > Butterflyfishes (Chaetodontidae) > Raccoon (Chaetodon lunula),38012,12.11.24_Utumbi_Glasnudel_ganz.mp4,[707.1991503],2954364
3464112,Linedcheeked (Oxycheilinus digramma),Wrasses > Wrasses (Labridae) > Linedcheeked (Oxycheilinus digramma),38012,12.11.24_Utumbi_Glasnudel_ganz.mp4,[725.4468962],2954365
3464113,Sailfin Tang (Zebrasoma desjardinii),Large Ovals > Surgeonfishes (Acanthuridae) > Sailfin Tang (Zebrasoma desjardinii),38012,12.11.24_Utumbi_Glasnudel_ganz.mp4,[729.0111752],2954366
3464114,Trumpetfish (Aulostomus chinensis),Odd-shaped Swimmers > Trumpetfishes (Aulostomidae) > Trumpetfish (Aulostomus chinensis),38012,12.11.24_Utumbi_Glasnudel_ganz.mp4,[739.4739825],2954367
3464115,Regal (Pygoplites diacanthus),Disk-shaped/Colourful > Angelfishes (Pomacanthidae) > Regal (Pygoplites diacanthus),38012,12.11.24_Utumbi_Glasnudel_ganz.mp4,[765.3180505],2954368
3464117,Eclipse (Chaetodon bennetti),Disk-shaped/Colourful > Butterflyfishes (Chaetodontidae) > Eclipse (Chaetodon bennetti),38012,12.11.24_Utumbi_Glasnudel_ganz.mp4,[807.0900037],2954370
3464118,Blackeye (Hemigymnus melapterus),Wrasses > Wrasses (Labridae) > Blackeye (Hemigymnus melapterus),38012,12.11.24_Utumbi_Glasnudel_ganz.mp4,[829.8186043],2954371
3464119,Axilspot Hogfish (Bodianus axillaris),Wrasses > Wrasses (Labridae) > Axilspot Hogfish (Bodianus axillaris),38012,12.11.24_Utumbi_Glasnudel_ganz.mp4,[877.0771941],2954372
3464120,Honeycomb (Siganus stellatus),Large Ovals > Rabbitfishes (Siganidae) > Honeycomb (Siganus stellatus),38012,12.11.24_Utumbi_Glasnudel_ganz.mp4,[915.3834821],2954373
3464121,Honeycomb (Siganus stellatus),Large Ovals > Rabbitfishes (Siganidae) > Honeycomb (Siganus stellatus),38012,12.11.24_Utumbi_Glasnudel_ganz.mp4,[919.9995986],2954374
3464122,Honeycomb (Siganus stellatus),Large Ovals > Rabbitfishes (Siganidae) > Honeycomb (Siganus stellatus),38012,12.11.24_Utumbi_Glasnudel_ganz.mp4,[919.9995986],2954375
3464123,Bicolor (Labroides bicolor),Wrasses > Wrasses (Labridae) > Bicolor (Labroides bicolor),38012,12.11.24_Utumbi_Glasnudel_ganz.mp4,[939.0155012],2954376
3464124,Threadfin (Chaetodon auriga),Disk-shaped/Colourful > Butterflyfishes (Chaetodontidae) > Threadfin (Chaetodon auriga),38012,12.11.24_Utumbi_Glasnudel_ganz.mp4,[1004.8161066],2954377
3464125,Indian Redfin (Chaetodon trifasciatus),Disk-shaped/Colourful > Butterflyfishes (Chaetodontidae) > Indian Redfin (Chaetodon trifasciatus),38012,12.11.24_Utumbi_Glasnudel_ganz.mp4,[1006.5185038],2954378
3464127,Slingjaw (Epibulus insidiator),Wrasses > Wrasses (Labridae) > Slingjaw (Epibulus insidiator),38012,12.11.24_Utumbi_Glasnudel_ganz.mp4,[1098.4972641],2954380
3464128,Genus Squirrel (Sargocentron),Reddish/Big Eyes > Soldier-&Squirrelfishes (Holocentridae) > Genus Squirrel (Sargocentron),38012,12.11.24_Utumbi_Glasnudel_ganz.mp4,[1104.8078235],2954381
3464129,Genus Squirrel (Sargocentron),Reddish/Big Eyes > Soldier-&Squirrelfishes (Holocentridae) > Genus Squirrel (Sargocentron),38012,12.11.24_Utumbi_Glasnudel_ganz.mp4,[1104.8078235],2954382
3464130,Genus Squirrel (Sargocentron),Reddish/Big Eyes > Soldier-&Squirrelfishes (Holocentridae) > Genus Squirrel (Sargocentron),38012,12.11.24_Utumbi_Glasnudel_ganz.mp4,[1104.8078235],2954383
3464131,Swarthy (Scarus niger),Parrotfishes > Parrotfishes (Scaridae) > Swarthy (Scarus niger),38012,12.11.24_Utumbi_Glasnudel_ganz.mp4,[1116.0947544],2954384
3464132,Wrasses (Labridae),Wrasses > Wrasses (Labridae),38012,12.11.24_Utumbi_Glasnudel_ganz.mp4,[1139.4169053],2954385
3464133,Genus Squirrel (Sargocentron),Reddish/Big Eyes > Soldier-&Squirrelfishes (Holocentridae) > Genus Squirrel (Sargocentron),38012,12.11.24_Utumbi_Glasnudel_ganz.mp4,[1537.4703291],2954386
3464134,Genus Squirrel (Sargocentron),Reddish/Big Eyes > Soldier-&Squirrelfishes (Holocentridae) > Genus Squirrel (Sargocentron),38012,12.11.24_Utumbi_Glasnudel_ganz.mp4,[1537.4703291],2954387
3464135,Genus Squirrel (Sargocentron),Reddish/Big Eyes > Soldier-&Squirrelfishes (Holocentridae) > Genus Squirrel (Sargocentron),38012,12.11.24_Utumbi_Glasnudel_ganz.mp4,[1537.4703291],2954388
3464136,Genus Squirrel (Sargocentron),Reddish/Big Eyes > Soldier-&Squirrelfishes (Holocentridae) > Genus Squirrel (Sargocentron),38012,12.11.24_Utumbi_Glasnudel_ganz.mp4,[1537.4703291],2954389
3464137,Genus Squirrel (Sargocentron),Reddish/Big Eyes > Soldier-&Squirrelfishes (Holocentridae) > Genus Squirrel (Sargocentron),38012,12.11.24_Utumbi_Glasnudel_ganz.mp4,[1537.4703291],2954390
3464138,Bullethead (Chlorurus sordidus),Parrotfishes > Parrotfishes (Scaridae) > Bullethead (Chlorurus sordidus),38012,12.11.24_Utumbi_Glasnudel_ganz.mp4,[1666.7496619],2954391
3464139,Bullethead (Chlorurus sordidus),Parrotfishes > Parrotfishes (Scaridae) > Bullethead (Chlorurus sordidus),38012,12.11.24_Utumbi_Glasnudel_ganz.mp4,[1666.7496619],2954392
3464140,Bullethead (Chlorurus sordidus),Parrotfishes > Parrotfishes (Scaridae) > Bullethead (Chlorurus sordidus),38012,12.11.24_Utumbi_Glasnudel_ganz.mp4,[1666.7496619],2954393
3464141,Leopard (Cephalopholis leopardus),Heavy Bodies/Large Lips > Groupers (Serranidae) > Leopard (Cephalopholis leopardus),38012,12.11.24_Utumbi_Glasnudel_ganz.mp4,[1665.0431512],2954394
3464142,Groupers (Serranidae),Heavy Bodies/Large Lips > Groupers (Serranidae),38012,12.11.24_Utumbi_Glasnudel_ganz.mp4,[1710.3772572],2954395
3464145,Black Saddled Toby (Canthigaster valentini),Odd-shaped Swimmers > Puffers (Tetraodontidae) > Black Saddled Toby (Canthigaster valentini),38012,12.11.24_Utumbi_Glasnudel_ganz.mp4,[1796.4181509],2954398
3464146,Checkerboard (Halichoeres hortulanus),Wrasses > Wrasses (Labridae) > Checkerboard (Halichoeres hortulanus),38012,12.11.24_Utumbi_Glasnudel_ganz.mp4,[1985.2664616],2954399
3464148,Blue-streak (Labroides dimidiatus),Wrasses > Wrasses (Labridae) > Blue-streak (Labroides dimidiatus),38012,12.11.24_Utumbi_Glasnudel_ganz.mp4,[2006.8220509],2954401
3464149,Blue-streak (Labroides dimidiatus),Wrasses > Wrasses (Labridae) > Blue-streak (Labroides dimidiatus),38012,12.11.24_Utumbi_Glasnudel_ganz.mp4,[2521.6946104946337],2954402
3464150,Spotted (Chaetodon guttatissimus),Disk-shaped/Colourful > Butterflyfishes (Chaetodontidae) > Spotted (Chaetodon guttatissimus),38012,12.11.24_Utumbi_Glasnudel_ganz.mp4,[2509.1458893],2954403
3464151,Wirenet (Cantherhines pardalis),Odd-shaped Swimmers > Filefishes (Monacanthidae) > Wirenet (Cantherhines pardalis),38012,12.11.24_Utumbi_Glasnudel_ganz.mp4,[2529.006502],2954404
3464152,Stareye (Calotomus carolinus),Parrotfishes > Parrotfishes (Scaridae) > Stareye (Calotomus carolinus),38012,12.11.24_Utumbi_Glasnudel_ganz.mp4,[2534.4070106],2954405
3464153,Orange-lined (Balistapus undulatus),Odd-shaped Swimmers > Triggerfishes (Balistidae) > Orange-lined (Balistapus undulatus),38012,12.11.24_Utumbi_Glasnudel_ganz.mp4,[2701.8058124],2954406
3464154,Orange-lined (Balistapus undulatus),Odd-shaped Swimmers > Triggerfishes (Balistidae) > Orange-lined (Balistapus undulatus),38012,12.11.24_Utumbi_Glasnudel_ganz.mp4,[2701.8058124],2954407
3464155,Orange-lined Interested,Odd-shaped Swimmers > Triggerfishes (Balistidae) > Orange-lined (Balistapus undulatus) > Orange-lined Interested,38012,12.11.24_Utumbi_Glasnudel_ganz.mp4,[2759.4008184],2954408
3464156,Goldbar Feeding,Wrasses > Wrasses (Labridae) > Goldbar (Thalassoma hebraicum) > Goldbar Feeding,38012,12.11.24_Utumbi_Glasnudel_ganz.mp4,[3059.5034689],2954409
3464157,Moon (Thalassoma lunare),Wrasses > Wrasses (Labridae) > Moon (Thalassoma lunare),38012,12.11.24_Utumbi_Glasnudel_ganz.mp4,[3088.5285471],2954410
3464158,Mozambique Fangblenny (Meiacanthus mossambicus),Blennies > Blennies (Blenniidae) > Mozambique Fangblenny (Meiacanthus mossambicus),38012,12.11.24_Utumbi_Glasnudel_ganz.mp4,[3177.9835982],2954411
3464159,Moon (Thalassoma lunare),Wrasses > Wrasses (Labridae) > Moon (Thalassoma lunare),38012,12.11.24_Utumbi_Glasnudel_ganz.mp4,[3180.6956556],2954412
3464160,Moon (Thalassoma lunare),Wrasses > Wrasses (Labridae) > Moon (Thalassoma lunare),38012,12.11.24_Utumbi_Glasnudel_ganz.mp4,[3180.6956556],2954413
3464161,Indian Half-and-Half (Pycnochromis dimidiatus),Small Ovals - Damselfishes > Damselfishes (Pomacentridae) > Indian Half-and-Half (Pycnochromis dimidiatus),38012,12.11.24_Utumbi_Glasnudel_ganz.mp4,[3274.2431748],2954414
3464162,Indian Half-and-Half (Pycnochromis dimidiatus),Small Ovals - Damselfishes > Damselfishes (Pomacentridae) > Indian Half-and-Half (Pycnochromis dimidiatus),38012,12.11.24_Utumbi_Glasnudel_ganz.mp4,[3274.2431748],2954415
3464163,Indian Half-and-Half (Pycnochromis dimidiatus),Small Ovals - Damselfishes > Damselfishes (Pomacentridae) > Indian Half-and-Half (Pycnochromis dimidiatus),38012,12.11.24_Utumbi_Glasnudel_ganz.mp4,[3274.2431748],2954416
3464164,Indian Half-and-Half (Pycnochromis dimidiatus),Small Ovals - Damselfishes > Damselfishes (Pomacentridae) > Indian Half-and-Half (Pycnochromis dimidiatus),38012,12.11.24_Utumbi_Glasnudel_ganz.mp4,[3274.2431748],2954417
3464165,Indian Half-and-Half (Pycnochromis dimidiatus),Small Ovals - Damselfishes > Damselfishes (Pomacentridae) > Indian Half-and-Half (Pycnochromis dimidiatus),38012,12.11.24_Utumbi_Glasnudel_ganz.mp4,[3274.2431748],2954418
3464166,Indian Half-and-Half (Pycnochromis dimidiatus),Small Ovals - Damselfishes > Damselfishes (Pomacentridae) > Indian Half-and-Half (Pycnochromis dimidiatus),38012,12.11.24_Utumbi_Glasnudel_ganz.mp4,[3274.2431748],2954419
3464167,Indian Half-and-Half (Pycnochromis dimidiatus),Small Ovals - Damselfishes > Damselfishes (Pomacentridae) > Indian Half-and-Half (Pycnochromis dimidiatus),38012,12.11.24_Utumbi_Glasnudel_ganz.mp4,[3274.2431748],2954420
3464168,Indian Half-and-Half (Pycnochromis dimidiatus),Small Ovals - Damselfishes > Damselfishes (Pomacentridae) > Indian Half-and-Half (Pycnochromis dimidiatus),38012,12.11.24_Utumbi_Glasnudel_ganz.mp4,[3274.2431748],2954421
3464169,Indian Half-and-Half (Pycnochromis dimidiatus),Small Ovals - Damselfishes > Damselfishes (Pomacentridae) > Indian Half-and-Half (Pycnochromis dimidiatus),38012,12.11.24_Utumbi_Glasnudel_ganz.mp4,[3274.2431748],2954422
3464170,Indian Half-and-Half (Pycnochromis dimidiatus),Small Ovals - Damselfishes > Damselfishes (Pomacentridae) > Indian Half-and-Half (Pycnochromis dimidiatus),38012,12.11.24_Utumbi_Glasnudel_ganz.mp4,[3274.2431748],2954423
3464171,Indian Half-and-Half (Pycnochromis dimidiatus),Small Ovals - Damselfishes > Damselfishes (Pomacentridae) > Indian Half-and-Half (Pycnochromis dimidiatus),38012,12.11.24_Utumbi_Glasnudel_ganz.mp4,[3274.2431748],2954424
3464172,Indian Half-and-Half (Pycnochromis dimidiatus),Small Ovals - Damselfishes > Damselfishes (Pomacentridae) > Indian Half-and-Half (Pycnochromis dimidiatus),38012,12.11.24_Utumbi_Glasnudel_ganz.mp4,[3274.2431748],2954425
3464173,Indian Half-and-Half (Pycnochromis dimidiatus),Small Ovals - Damselfishes > Damselfishes (Pomacentridae) > Indian Half-and-Half (Pycnochromis dimidiatus),38012,12.11.24_Utumbi_Glasnudel_ganz.mp4,[3274.2431748],2954426
3464174,Indian Half-and-Half (Pycnochromis dimidiatus),Small Ovals - Damselfishes > Damselfishes (Pomacentridae) > Indian Half-and-Half (Pycnochromis dimidiatus),38012,12.11.24_Utumbi_Glasnudel_ganz.mp4,[3274.2431748],2954427
3464175,Indian Half-and-Half (Pycnochromis dimidiatus),Small Ovals - Damselfishes > Damselfishes (Pomacentridae) > Indian Half-and-Half (Pycnochromis dimidiatus),38012,12.11.24_Utumbi_Glasnudel_ganz.mp4,[3274.2431748],2954428
3464176,Indian Half-and-Half (Pycnochromis dimidiatus),Small Ovals - Damselfishes > Damselfishes (Pomacentridae) > Indian Half-and-Half (Pycnochromis dimidiatus),38012,12.11.24_Utumbi_Glasnudel_ganz.mp4,[3274.2431748],2954429
3464177,Indian Half-and-Half (Pycnochromis dimidiatus),Small Ovals - Damselfishes > Damselfishes (Pomacentridae) > Indian Half-and-Half (Pycnochromis dimidiatus),38012,12.11.24_Utumbi_Glasnudel_ganz.mp4,[3274.2431748],2954430
3464178,Indian Half-and-Half (Pycnochromis dimidiatus),Small Ovals - Damselfishes > Damselfishes (Pomacentridae) > Indian Half-and-Half (Pycnochromis dimidiatus),38012,12.11.24_Utumbi_Glasnudel_ganz.mp4,[3274.2431748],2954431
3464179,Indian Half-and-Half (Pycnochromis dimidiatus),Small Ovals - Damselfishes > Damselfishes (Pomacentridae) > Indian Half-and-Half (Pycnochromis dimidiatus),38012,12.11.24_Utumbi_Glasnudel_ganz.mp4,[3274.2431748],2954432
3464180,Indian Half-and-Half (Pycnochromis dimidiatus),Small Ovals - Damselfishes > Damselfishes (Pomacentridae) > Indian Half-and-Half (Pycnochromis dimidiatus),38012,12.11.24_Utumbi_Glasnudel_ganz.mp4,[3274.2431748],2954433
3464181,Indian Half-and-Half (Pycnochromis dimidiatus),Small Ovals - Damselfishes > Damselfishes (Pomacentridae) > Indian Half-and-Half (Pycnochromis dimidiatus),38012,12.11.24_Utumbi_Glasnudel_ganz.mp4,[3274.2431748],2954434
3464182,Indian Half-and-Half (Pycnochromis dimidiatus),Small Ovals - Damselfishes > Damselfishes (Pomacentridae) > Indian Half-and-Half (Pycnochromis dimidiatus),38012,12.11.24_Utumbi_Glasnudel_ganz.mp4,[3274.2431748],2954435
3464183,Indian Half-and-Half (Pycnochromis dimidiatus),Small Ovals - Damselfishes > Damselfishes (Pomacentridae) > Indian Half-and-Half (Pycnochromis dimidiatus),38012,12.11.24_Utumbi_Glasnudel_ganz.mp4,[3274.2431748],2954436
3464184,Indian Half-and-Half (Pycnochromis dimidiatus),Small Ovals - Damselfishes > Damselfishes (Pomacentridae) > Indian Half-and-Half (Pycnochromis dimidiatus),38012,12.11.24_Utumbi_Glasnudel_ganz.mp4,[3274.2431748],2954437
3464185,Indian Half-and-Half (Pycnochromis dimidiatus),Small Ovals - Damselfishes > Damselfishes (Pomacentridae) > Indian Half-and-Half (Pycnochromis dimidiatus),38012,12.11.24_Utumbi_Glasnudel_ganz.mp4,[3274.2431748],2954438
3464186,Indian Half-and-Half (Pycnochromis dimidiatus),Small Ovals - Damselfishes > Damselfishes (Pomacentridae) > Indian Half-and-Half (Pycnochromis dimidiatus),38012,12.11.24_Utumbi_Glasnudel_ganz.mp4,[3274.2431748],2954439
3464187,Indian Half-and-Half (Pycnochromis dimidiatus),Small Ovals - Damselfishes > Damselfishes (Pomacentridae) > Indian Half-and-Half (Pycnochromis dimidiatus),38012,12.11.24_Utumbi_Glasnudel_ganz.mp4,[3274.2431748],2954440
3464188,Indian Half-and-Half (Pycnochromis dimidiatus),Small Ovals - Damselfishes > Damselfishes (Pomacentridae) > Indian Half-and-Half (Pycnochromis dimidiatus),38012,12.11.24_Utumbi_Glasnudel_ganz.mp4,[3274.2431748],2954441
3464189,Indian Half-and-Half (Pycnochromis dimidiatus),Small Ovals - Damselfishes > Damselfishes (Pomacentridae) > Indian Half-and-Half (Pycnochromis dimidiatus),38012,12.11.24_Utumbi_Glasnudel_ganz.mp4,[3274.2431748],2954442
3464190,Indian Half-and-Half (Pycnochromis dimidiatus),Small Ovals - Damselfishes > Damselfishes (Pomacentridae) > Indian Half-and-Half (Pycnochromis dimidiatus),38012,12.11.24_Utumbi_Glasnudel_ganz.mp4,[3274.2431748],2954443
3464191,Indian Half-and-Half (Pycnochromis dimidiatus),Small Ovals - Damselfishes > Damselfishes (Pomacentridae) > Indian Half-and-Half (Pycnochromis dimidiatus),38012,12.11.24_Utumbi_Glasnudel_ganz.mp4,[3274.2431748],2954444
3464192,Indian Half-and-Half (Pycnochromis dimidiatus),Small Ovals - Damselfishes > Damselfishes (Pomacentridae) > Indian Half-and-Half (Pycnochromis dimidiatus),38012,12.11.24_Utumbi_Glasnudel_ganz.mp4,[3274.2431748],2954445
3464193,Indian Half-and-Half (Pycnochromis dimidiatus),Small Ovals - Damselfishes > Damselfishes (Pomacentridae) > Indian Half-and-Half (Pycnochromis dimidiatus),38012,12.11.24_Utumbi_Glasnudel_ganz.mp4,[3274.2431748],2954446
3464194,Indian Half-and-Half (Pycnochromis dimidiatus),Small Ovals - Damselfishes > Damselfishes (Pomacentridae) > Indian Half-and-Half (Pycnochromis dimidiatus),38012,12.11.24_Utumbi_Glasnudel_ganz.mp4,[3274.2431748],2954447
3464195,Indian Half-and-Half (Pycnochromis dimidiatus),Small Ovals - Damselfishes > Damselfishes (Pomacentridae) > Indian Half-and-Half (Pycnochromis dimidiatus),38012,12.11.24_Utumbi_Glasnudel_ganz.mp4,[3274.2431748],2954448
3464196,Indian Half-and-Half (Pycnochromis dimidiatus),Small Ovals - Damselfishes > Damselfishes (Pomacentridae) > Indian Half-and-Half (Pycnochromis dimidiatus),38012,12.11.24_Utumbi_Glasnudel_ganz.mp4,[3274.2431748],2954449
3464197,Indian Half-and-Half (Pycnochromis dimidiatus),Small Ovals - Damselfishes > Damselfishes (Pomacentridae) > Indian Half-and-Half (Pycnochromis dimidiatus),38012,12.11.24_Utumbi_Glasnudel_ganz.mp4,[3274.2431748],2954450
3464198,Indian Half-and-Half (Pycnochromis dimidiatus),Small Ovals - Damselfishes > Damselfishes (Pomacentridae) > Indian Half-and-Half (Pycnochromis dimidiatus),38012,12.11.24_Utumbi_Glasnudel_ganz.mp4,[3274.2431748],2954451
3464199,Indian Half-and-Half (Pycnochromis dimidiatus),Small Ovals - Damselfishes > Damselfishes (Pomacentridae) > Indian Half-and-Half (Pycnochromis dimidiatus),38012,12.11.24_Utumbi_Glasnudel_ganz.mp4,[3274.2431748],2954452
3464200,Indian Half-and-Half (Pycnochromis dimidiatus),Small Ovals - Damselfishes > Damselfishes (Pomacentridae) > Indian Half-and-Half (Pycnochromis dimidiatus),38012,12.11.24_Utumbi_Glasnudel_ganz.mp4,[3274.2431748],2954453
3464201,Indian Half-and-Half (Pycnochromis dimidiatus),Small Ovals - Damselfishes > Damselfishes (Pomacentridae) > Indian Half-and-Half (Pycnochromis dimidiatus),38012,12.11.24_Utumbi_Glasnudel_ganz.mp4,[3274.2431748],2954454
3464202,Indian Redfin (Chaetodon trifasciatus),Disk-shaped/Colourful > Butterflyfishes (Chaetodontidae) > Indian Redfin (Chaetodon trifasciatus),38012,12.11.24_Utumbi_Glasnudel_ganz.mp4,[3341.3183878],2954455
3464203,Indian Redfin (Chaetodon trifasciatus),Disk-shaped/Colourful > Butterflyfishes (Chaetodontidae) > Indian Redfin (Chaetodon trifasciatus),38012,12.11.24_Utumbi_Glasnudel_ganz.mp4,[3341.3183878],2954456
3464204,Indian Half-and-Half (Pycnochromis dimidiatus),Small Ovals - Damselfishes > Damselfishes (Pomacentridae) > Indian Half-and-Half (Pycnochromis dimidiatus),38012,12.11.24_Utumbi_Glasnudel_ganz.mp4,[3413.610194],2954457
3464205,Indian Half-and-Half (Pycnochromis dimidiatus),Small Ovals - Damselfishes > Damselfishes (Pomacentridae) > Indian Half-and-Half (Pycnochromis dimidiatus),38012,12.11.24_Utumbi_Glasnudel_ganz.mp4,[3413.610194],2954458
3464206,Indian Half-and-Half (Pycnochromis dimidiatus),Small Ovals - Damselfishes > Damselfishes (Pomacentridae) > Indian Half-and-Half (Pycnochromis dimidiatus),38012,12.11.24_Utumbi_Glasnudel_ganz.mp4,[3413.610194],2954459
3464207,Indian Half-and-Half (Pycnochromis dimidiatus),Small Ovals - Damselfishes > Damselfishes (Pomacentridae) > Indian Half-and-Half (Pycnochromis dimidiatus),38012,12.11.24_Utumbi_Glasnudel_ganz.mp4,[3413.610194],2954460
3464208,Indian Half-and-Half (Pycnochromis dimidiatus),Small Ovals - Damselfishes > Damselfishes (Pomacentridae) > Indian Half-and-Half (Pycnochromis dimidiatus),38012,12.11.24_Utumbi_Glasnudel_ganz.mp4,[3413.610194],2954461
3464209,Indian Half-and-Half (Pycnochromis dimidiatus),Small Ovals - Damselfishes > Damselfishes (Pomacentridae) > Indian Half-and-Half (Pycnochromis dimidiatus),38012,12.11.24_Utumbi_Glasnudel_ganz.mp4,[3413.610194],2954462
3464210,Indian Half-and-Half (Pycnochromis dimidiatus),Small Ovals - Damselfishes > Damselfishes (Pomacentridae) > Indian Half-and-Half (Pycnochromis dimidiatus),38012,12.11.24_Utumbi_Glasnudel_ganz.mp4,[3413.610194],2954463
3464211,Indian Half-and-Half (Pycnochromis dimidiatus),Small Ovals - Damselfishes > Damselfishes (Pomacentridae) > Indian Half-and-Half (Pycnochromis dimidiatus),38012,12.11.24_Utumbi_Glasnudel_ganz.mp4,[3413.610194],2954464
3464212,Indian Half-and-Half (Pycnochromis dimidiatus),Small Ovals - Damselfishes > Damselfishes (Pomacentridae) > Indian Half-and-Half (Pycnochromis dimidiatus),38012,12.11.24_Utumbi_Glasnudel_ganz.mp4,[3413.610194],2954465
3464213,Indian Half-and-Half (Pycnochromis dimidiatus),Small Ovals - Damselfishes > Damselfishes (Pomacentridae) > Indian Half-and-Half (Pycnochromis dimidiatus),38012,12.11.24_Utumbi_Glasnudel_ganz.mp4,[3413.610194],2954466
3464214,Indian Half-and-Half (Pycnochromis dimidiatus),Small Ovals - Damselfishes > Damselfishes (Pomacentridae) > Indian Half-and-Half (Pycnochromis dimidiatus),38012,12.11.24_Utumbi_Glasnudel_ganz.mp4,[3413.610194],2954467
3464215,Indian Half-and-Half (Pycnochromis dimidiatus),Small Ovals - Damselfishes > Damselfishes (Pomacentridae) > Indian Half-and-Half (Pycnochromis dimidiatus),38012,12.11.24_Utumbi_Glasnudel_ganz.mp4,[3413.610194],2954468
3464216,Indian Half-and-Half (Pycnochromis dimidiatus),Small Ovals - Damselfishes > Damselfishes (Pomacentridae) > Indian Half-and-Half (Pycnochromis dimidiatus),38012,12.11.24_Utumbi_Glasnudel_ganz.mp4,[3413.610194],2954469
3464217,Indian Half-and-Half (Pycnochromis dimidiatus),Small Ovals - Damselfishes > Damselfishes (Pomacentridae) > Indian Half-and-Half (Pycnochromis dimidiatus),38012,12.11.24_Utumbi_Glasnudel_ganz.mp4,[3413.610194],2954470
3464218,Indian Half-and-Half (Pycnochromis dimidiatus),Small Ovals - Damselfishes > Damselfishes (Pomacentridae) > Indian Half-and-Half (Pycnochromis dimidiatus),38012,12.11.24_Utumbi_Glasnudel_ganz.mp4,[3413.610194],2954471
3464219,Indian Half-and-Half (Pycnochromis dimidiatus),Small Ovals - Damselfishes > Damselfishes (Pomacentridae) > Indian Half-and-Half (Pycnochromis dimidiatus),38012,12.11.24_Utumbi_Glasnudel_ganz.mp4,[3413.610194],2954472
3464220,Indian Half-and-Half (Pycnochromis dimidiatus),Small Ovals - Damselfishes > Damselfishes (Pomacentridae) > Indian Half-and-Half (Pycnochromis dimidiatus),38012,12.11.24_Utumbi_Glasnudel_ganz.mp4,[3413.610194],2954473
3464221,Indian Half-and-Half (Pycnochromis dimidiatus),Small Ovals - Damselfishes > Damselfishes (Pomacentridae) > Indian Half-and-Half (Pycnochromis dimidiatus),38012,12.11.24_Utumbi_Glasnudel_ganz.mp4,[3413.610194],2954474
3464222,Indian Half-and-Half (Pycnochromis dimidiatus),Small Ovals - Damselfishes > Damselfishes (Pomacentridae) > Indian Half-and-Half (Pycnochromis dimidiatus),38012,12.11.24_Utumbi_Glasnudel_ganz.mp4,[3413.610194],2954475
3464223,Indian Half-and-Half (Pycnochromis dimidiatus),Small Ovals - Damselfishes > Damselfishes (Pomacentridae) > Indian Half-and-Half (Pycnochromis dimidiatus),38012,12.11.24_Utumbi_Glasnudel_ganz.mp4,[3413.610194],2954476
3464224,Indian Half-and-Half (Pycnochromis dimidiatus),Small Ovals - Damselfishes > Damselfishes (Pomacentridae) > Indian Half-and-Half (Pycnochromis dimidiatus),38012,12.11.24_Utumbi_Glasnudel_ganz.mp4,[3413.610194],2954477
3464225,Indian Half-and-Half (Pycnochromis dimidiatus),Small Ovals - Damselfishes > Damselfishes (Pomacentridae) > Indian Half-and-Half (Pycnochromis dimidiatus),38012,12.11.24_Utumbi_Glasnudel_ganz.mp4,[3413.610194],2954478
3464226,Indian Half-and-Half (Pycnochromis dimidiatus),Small Ovals - Damselfishes > Damselfishes (Pomacentridae) > Indian Half-and-Half (Pycnochromis dimidiatus),38012,12.11.24_Utumbi_Glasnudel_ganz.mp4,[3413.610194],2954479
3464227,Indian Half-and-Half (Pycnochromis dimidiatus),Small Ovals - Damselfishes > Damselfishes (Pomacentridae) > Indian Half-and-Half (Pycnochromis dimidiatus),38012,12.11.24_Utumbi_Glasnudel_ganz.mp4,[3413.610194],2954480
3464228,Indian Half-and-Half (Pycnochromis dimidiatus),Small Ovals - Damselfishes > Damselfishes (Pomacentridae) > Indian Half-and-Half (Pycnochromis dimidiatus),38012,12.11.24_Utumbi_Glasnudel_ganz.mp4,[3413.610194],2954481
3464229,Indian Half-and-Half (Pycnochromis dimidiatus),Small Ovals - Damselfishes > Damselfishes (Pomacentridae) > Indian Half-and-Half (Pycnochromis dimidiatus),38012,12.11.24_Utumbi_Glasnudel_ganz.mp4,[3413.610194],2954482
3464230,Indian Half-and-Half (Pycnochromis dimidiatus),Small Ovals - Damselfishes > Damselfishes (Pomacentridae) > Indian Half-and-Half (Pycnochromis dimidiatus),38012,12.11.24_Utumbi_Glasnudel_ganz.mp4,[3413.610194],2954483
3464231,Indian Half-and-Half (Pycnochromis dimidiatus),Small Ovals - Damselfishes > Damselfishes (Pomacentridae) > Indian Half-and-Half (Pycnochromis dimidiatus),38012,12.11.24_Utumbi_Glasnudel_ganz.mp4,[3413.610194],2954484
3464232,Indian Half-and-Half (Pycnochromis dimidiatus),Small Ovals - Damselfishes > Damselfishes (Pomacentridae) > Indian Half-and-Half (Pycnochromis dimidiatus),38012,12.11.24_Utumbi_Glasnudel_ganz.mp4,[3413.610194],2954485
3464233,Indian Half-and-Half (Pycnochromis dimidiatus),Small Ovals - Damselfishes > Damselfishes (Pomacentridae) > Indian Half-and-Half (Pycnochromis dimidiatus),38012,12.11.24_Utumbi_Glasnudel_ganz.mp4,[3413.610194],2954486
3464234,Indian Half-and-Half (Pycnochromis dimidiatus),Small Ovals - Damselfishes > Damselfishes (Pomacentridae) > Indian Half-and-Half (Pycnochromis dimidiatus),38012,12.11.24_Utumbi_Glasnudel_ganz.mp4,[3413.610194],2954487
3464235,Indian Half-and-Half (Pycnochromis dimidiatus),Small Ovals - Damselfishes > Damselfishes (Pomacentridae) > Indian Half-and-Half (Pycnochromis dimidiatus),38012,12.11.24_Utumbi_Glasnudel_ganz.mp4,[3413.610194],2954488
3464236,Indian Half-and-Half (Pycnochromis dimidiatus),Small Ovals - Damselfishes > Damselfishes (Pomacentridae) > Indian Half-and-Half (Pycnochromis dimidiatus),38012,12.11.24_Utumbi_Glasnudel_ganz.mp4,[3413.610194],2954489
3464237,Indian Half-and-Half (Pycnochromis dimidiatus),Small Ovals - Damselfishes > Damselfishes (Pomacentridae) > Indian Half-and-Half (Pycnochromis dimidiatus),38012,12.11.24_Utumbi_Glasnudel_ganz.mp4,[3413.610194],2954490
3464238,Indian Half-and-Half (Pycnochromis dimidiatus),Small Ovals - Damselfishes > Damselfishes (Pomacentridae) > Indian Half-and-Half (Pycnochromis dimidiatus),38012,12.11.24_Utumbi_Glasnudel_ganz.mp4,[3413.610194],2954491
3464239,Indian Half-and-Half (Pycnochromis dimidiatus),Small Ovals - Damselfishes > Damselfishes (Pomacentridae) > Indian Half-and-Half (Pycnochromis dimidiatus),38012,12.11.24_Utumbi_Glasnudel_ganz.mp4,[3413.610194],2954492
3464240,Indian Half-and-Half (Pycnochromis dimidiatus),Small Ovals - Damselfishes > Damselfishes (Pomacentridae) > Indian Half-and-Half (Pycnochromis dimidiatus),38012,12.11.24_Utumbi_Glasnudel_ganz.mp4,[3413.610194],2954493
3464241,Indian Half-and-Half (Pycnochromis dimidiatus),Small Ovals - Damselfishes > Damselfishes (Pomacentridae) > Indian Half-and-Half (Pycnochromis dimidiatus),38012,12.11.24_Utumbi_Glasnudel_ganz.mp4,[3413.610194],2954494
3464242,Indian Half-and-Half (Pycnochromis dimidiatus),Small Ovals - Damselfishes > Damselfishes (Pomacentridae) > Indian Half-and-Half (Pycnochromis dimidiatus),38012,12.11.24_Utumbi_Glasnudel_ganz.mp4,[3413.610194],2954495
3464243,Indian Half-and-Half (Pycnochromis dimidiatus),Small Ovals - Damselfishes > Damselfishes (Pomacentridae) > Indian Half-and-Half (Pycnochromis dimidiatus),38012,12.11.24_Utumbi_Glasnudel_ganz.mp4,[3413.610194],2954496
3464244,Indian Half-and-Half (Pycnochromis dimidiatus),Small Ovals - Damselfishes > Damselfishes (Pomacentridae) > Indian Half-and-Half (Pycnochromis dimidiatus),38012,12.11.24_Utumbi_Glasnudel_ganz.mp4,[3413.610194],2954497
3464245,Indian Half-and-Half (Pycnochromis dimidiatus),Small Ovals - Damselfishes > Damselfishes (Pomacentridae) > Indian Half-and-Half (Pycnochromis dimidiatus),38012,12.11.24_Utumbi_Glasnudel_ganz.mp4,[3413.610194],2954498
3464246,Indian Half-and-Half (Pycnochromis dimidiatus),Small Ovals - Damselfishes > Damselfishes (Pomacentridae) > Indian Half-and-Half (Pycnochromis dimidiatus),38012,12.11.24_Utumbi_Glasnudel_ganz.mp4,[3413.610194],2954499
3464247,Indian Half-and-Half (Pycnochromis dimidiatus),Small Ovals - Damselfishes > Damselfishes (Pomacentridae) > Indian Half-and-Half (Pycnochromis dimidiatus),38012,12.11.24_Utumbi_Glasnudel_ganz.mp4,[3413.610194],2954500
3464248,Indian Half-and-Half (Pycnochromis dimidiatus),Small Ovals - Damselfishes > Damselfishes (Pomacentridae) > Indian Half-and-Half (Pycnochromis dimidiatus),38012,12.11.24_Utumbi_Glasnudel_ganz.mp4,[3413.610194],2954501
3464249,Indian Half-and-Half (Pycnochromis dimidiatus),Small Ovals - Damselfishes > Damselfishes (Pomacentridae) > Indian Half-and-Half (Pycnochromis dimidiatus),38012,12.11.24_Utumbi_Glasnudel_ganz.mp4,[3413.610194],2954502
3464250,Indian Half-and-Half (Pycnochromis dimidiatus),Small Ovals - Damselfishes > Damselfishes (Pomacentridae) > Indian Half-and-Half (Pycnochromis dimidiatus),38012,12.11.24_Utumbi_Glasnudel_ganz.mp4,[3413.610194],2954503
3464251,Indian Half-and-Half (Pycnochromis dimidiatus),Small Ovals - Damselfishes > Damselfishes (Pomacentridae) > Indian Half-and-Half (Pycnochromis dimidiatus),38012,12.11.24_Utumbi_Glasnudel_ganz.mp4,[3413.610194],2954504
3464252,Indian Half-and-Half (Pycnochromis dimidiatus),Small Ovals - Damselfishes > Damselfishes (Pomacentridae) > Indian Half-and-Half (Pycnochromis dimidiatus),38012,12.11.24_Utumbi_Glasnudel_ganz.mp4,[3413.610194],2954505
3464253,Indian Half-and-Half (Pycnochromis dimidiatus),Small Ovals - Damselfishes > Damselfishes (Pomacentridae) > Indian Half-and-Half (Pycnochromis dimidiatus),38012,12.11.24_Utumbi_Glasnudel_ganz.mp4,[3413.610194],2954506
3464254,Indian Half-and-Half (Pycnochromis dimidiatus),Small Ovals - Damselfishes > Damselfishes (Pomacentridae) > Indian Half-and-Half (Pycnochromis dimidiatus),38012,12.11.24_Utumbi_Glasnudel_ganz.mp4,[3413.610194],2954507
3464255,Indian Half-and-Half (Pycnochromis dimidiatus),Small Ovals - Damselfishes > Damselfishes (Pomacentridae) > Indian Half-and-Half (Pycnochromis dimidiatus),38012,12.11.24_Utumbi_Glasnudel_ganz.mp4,[3413.610194],2954508
3464256,Indian Half-and-Half (Pycnochromis dimidiatus),Small Ovals - Damselfishes > Damselfishes (Pomacentridae) > Indian Half-and-Half (Pycnochromis dimidiatus),38012,12.11.24_Utumbi_Glasnudel_ganz.mp4,[3413.610194],2954509
3464257,Indian Half-and-Half (Pycnochromis dimidiatus),Small Ovals - Damselfishes > Damselfishes (Pomacentridae) > Indian Half-and-Half (Pycnochromis dimidiatus),38012,12.11.24_Utumbi_Glasnudel_ganz.mp4,[3413.610194],2954510
3464258,Indian Half-and-Half (Pycnochromis dimidiatus),Small Ovals - Damselfishes > Damselfishes (Pomacentridae) > Indian Half-and-Half (Pycnochromis dimidiatus),38012,12.11.24_Utumbi_Glasnudel_ganz.mp4,[3413.610194],2954511
3464259,Indian Half-and-Half (Pycnochromis dimidiatus),Small Ovals - Damselfishes > Damselfishes (Pomacentridae) > Indian Half-and-Half (Pycnochromis dimidiatus),38012,12.11.24_Utumbi_Glasnudel_ganz.mp4,[3413.610194],2954512
3464260,Indian Half-and-Half (Pycnochromis dimidiatus),Small Ovals - Damselfishes > Damselfishes (Pomacentridae) > Indian Half-and-Half (Pycnochromis dimidiatus),38012,12.11.24_Utumbi_Glasnudel_ganz.mp4,[3413.610194],2954513
3464261,Indian Half-and-Half (Pycnochromis dimidiatus),Small Ovals - Damselfishes > Damselfishes (Pomacentridae) > Indian Half-and-Half (Pycnochromis dimidiatus),38012,12.11.24_Utumbi_Glasnudel_ganz.mp4,[3413.610194],2954514
3464262,Indian Half-and-Half (Pycnochromis dimidiatus),Small Ovals - Damselfishes > Damselfishes (Pomacentridae) > Indian Half-and-Half (Pycnochromis dimidiatus),38012,12.11.24_Utumbi_Glasnudel_ganz.mp4,[3413.610194],2954515
3464263,Indian Half-and-Half (Pycnochromis dimidiatus),Small Ovals - Damselfishes > Damselfishes (Pomacentridae) > Indian Half-and-Half (Pycnochromis dimidiatus),38012,12.11.24_Utumbi_Glasnudel_ganz.mp4,[3413.610194],2954516
3464264,Indian Half-and-Half (Pycnochromis dimidiatus),Small Ovals - Damselfishes > Damselfishes (Pomacentridae) > Indian Half-and-Half (Pycnochromis dimidiatus),38012,12.11.24_Utumbi_Glasnudel_ganz.mp4,[3413.610194],2954517
3464265,Indian Half-and-Half (Pycnochromis dimidiatus),Small Ovals - Damselfishes > Damselfishes (Pomacentridae) > Indian Half-and-Half (Pycnochromis dimidiatus),38012,12.11.24_Utumbi_Glasnudel_ganz.mp4,[3413.610194],2954518
3464266,Indian Half-and-Half (Pycnochromis dimidiatus),Small Ovals - Damselfishes > Damselfishes (Pomacentridae) > Indian Half-and-Half (Pycnochromis dimidiatus),38012,12.11.24_Utumbi_Glasnudel_ganz.mp4,[3413.610194],2954519
3464267,Indian Half-and-Half (Pycnochromis dimidiatus),Small Ovals - Damselfishes > Damselfishes (Pomacentridae) > Indian Half-and-Half (Pycnochromis dimidiatus),38012,12.11.24_Utumbi_Glasnudel_ganz.mp4,[3413.610194],2954520
3464268,Indian Half-and-Half (Pycnochromis dimidiatus),Small Ovals - Damselfishes > Damselfishes (Pomacentridae) > Indian Half-and-Half (Pycnochromis dimidiatus),38012,12.11.24_Utumbi_Glasnudel_ganz.mp4,[3413.610194],2954521
3464269,Indian Half-and-Half (Pycnochromis dimidiatus),Small Ovals - Damselfishes > Damselfishes (Pomacentridae) > Indian Half-and-Half (Pycnochromis dimidiatus),38012,12.11.24_Utumbi_Glasnudel_ganz.mp4,[3413.610194],2954522
3464270,Longbarbel (Parupeneus macronemus),Odd-shaped Swimmers > Goatfishes (Mullidae) > Longbarbel (Parupeneus macronemus),38012,12.11.24_Utumbi_Glasnudel_ganz.mp4,[3536.0376285],2954523
3464271,Longbarbel (Parupeneus macronemus),Odd-shaped Swimmers > Goatfishes (Mullidae) > Longbarbel (Parupeneus macronemus),38012,12.11.24_Utumbi_Glasnudel_ganz.mp4,[3536.0376285],2954524
3464272,Longbarbel (Parupeneus macronemus),Odd-shaped Swimmers > Goatfishes (Mullidae) > Longbarbel (Parupeneus macronemus),38012,12.11.24_Utumbi_Glasnudel_ganz.mp4,[3536.0376285],2954525
3464273,Longbarbel (Parupeneus macronemus),Odd-shaped Swimmers > Goatfishes (Mullidae) > Longbarbel (Parupeneus macronemus),38012,12.11.24_Utumbi_Glasnudel_ganz.mp4,[3536.0376285],2954526
3559302,Orangespotted (Lethrinus erythracanthus),Sloping Heads > Emperors (Lethrinidae) > Orangespotted (Lethrinus erythracanthus),38012,12.11.24_Utumbi_Glasnudel_ganz.mp4,[1011.7217421],3042077
3620561,Yellowbreast (Anampses twistii),Wrasses > Wrasses (Labridae) > Yellowbreast (Anampses twistii),38012,12.11.24_Utumbi_Glasnudel_ganz.mp4,[1736.764444],3079902
3620650,Spotted (Cetoscarus ocellatus),Parrotfishes > Parrotfishes (Scaridae) > Spotted (Cetoscarus ocellatus),38012,12.11.24_Utumbi_Glasnudel_ganz.mp4,[794.493057],3079991
