video_annotation_label_id,label_name,label_hierarchy,video_id,video_filename,frames,annotation_id
3384260,Lined Bristletooth (Ctenochaetus striatus),Large Ovals > Surgeonfishes (Acanthuridae) > Lined Bristletooth (Ctenochaetus striatus),37262,30.10.2024_Milimani_C10_Glasnudel_ganz.mp4,[6.281573377],2878682
3384261,Indian Half-and-Half (Pycnochromis dimidiatus),Small Ovals - Damselfishes > Damselfishes (Pomacentridae) > Indian Half-and-Half (Pycnochromis dimidiatus),37262,30.10.2024_Milimani_C10_Glasnudel_ganz.mp4,[6.841126666335424],2878683
3384282,Threadfin (Chaetodon auriga),Disk-shaped/Colourful > Butterflyfishes (Chaetodontidae) > Threadfin (Chaetodon auriga),37262,30.10.2024_Milimani_C10_Glasnudel_ganz.mp4,[1.374862043],2878704
3384283,Brown Tang (Zebrasoma scopas),Large Ovals > Surgeonfishes (Acanthuridae) > Brown Tang (Zebrasoma scopas),37262,30.10.2024_Milimani_C10_Glasnudel_ganz.mp4,[1.4172665123272281],2878705
3384284,Regal (Pygoplites diacanthus),Disk-shaped/Colourful > Angelfishes (Pomacanthidae) > Regal (Pygoplites diacanthus),37262,30.10.2024_Milimani_C10_Glasnudel_ganz.mp4,[36.738452964996895],2878706
3384285,Genus Chromis,Small Ovals - Damselfishes > Damselfishes (Pomacentridae) > Genus Chromis,37262,30.10.2024_Milimani_C10_Glasnudel_ganz.mp4,[55.935095654666966],2878707
3384286,Genus Chromis,Small Ovals - Damselfishes > Damselfishes (Pomacentridae) > Genus Chromis,37262,30.10.2024_Milimani_C10_Glasnudel_ganz.mp4,[55.935095654666966],2878708
3384287,Genus Chromis,Small Ovals - Damselfishes > Damselfishes (Pomacentridae) > Genus Chromis,37262,30.10.2024_Milimani_C10_Glasnudel_ganz.mp4,[55.935095654666966],2878709
3384288,Genus Chromis,Small Ovals - Damselfishes > Damselfishes (Pomacentridae) > Genus Chromis,37262,30.10.2024_Milimani_C10_Glasnudel_ganz.mp4,[55.935095654666966],2878710
3384289,Genus Chromis,Small Ovals - Damselfishes > Damselfishes (Pomacentridae) > Genus Chromis,37262,30.10.2024_Milimani_C10_Glasnudel_ganz.mp4,[55.935095654666966],2878711
3384290,Genus Chromis,Small Ovals - Damselfishes > Damselfishes (Pomacentridae) > Genus Chromis,37262,30.10.2024_Milimani_C10_Glasnudel_ganz.mp4,[55.935095654666966],2878712
3384291,Genus Chromis,Small Ovals - Damselfishes > Damselfishes (Pomacentridae) > Genus Chromis,37262,30.10.2024_Milimani_C10_Glasnudel_ganz.mp4,[55.935095654666966],2878713
3384292,Genus Chromis,Small Ovals - Damselfishes > Damselfishes (Pomacentridae) > Genus Chromis,37262,30.10.2024_Milimani_C10_Glasnudel_ganz.mp4,[55.935095654666966],2878714
3384293,Genus Chromis,Small Ovals - Damselfishes > Damselfishes (Pomacentridae) > Genus Chromis,37262,30.10.2024_Milimani_C10_Glasnudel_ganz.mp4,[55.935095654666966],2878715
3384294,Genus Chromis,Small Ovals - Damselfishes > Damselfishes (Pomacentridae) > Genus Chromis,37262,30.10.2024_Milimani_C10_Glasnudel_ganz.mp4,[55.935095654666966],2878716
3384295,Genus Chromis,Small Ovals - Damselfishes > Damselfishes (Pomacentridae) > Genus Chromis,37262,30.10.2024_Milimani_C10_Glasnudel_ganz.mp4,[55.935095654666966],2878717
3384296,Genus Chromis,Small Ovals - Damselfishes > Damselfishes (Pomacentridae) > Genus Chromis,37262,30.10.2024_Milimani_C10_Glasnudel_ganz.mp4,[55.935095654666966],2878718
3384297,Genus Chromis,Small Ovals - Damselfishes > Damselfishes (Pomacentridae) > Genus Chromis,37262,30.10.2024_Milimani_C10_Glasnudel_ganz.mp4,[55.935095654666966],2878719
3384298,Genus Chromis,Small Ovals - Damselfishes > Damselfishes (Pomacentridae) > Genus Chromis,37262,30.10.2024_Milimani_C10_Glasnudel_ganz.mp4,[55.935095654666966],2878720
3384299,Genus Chromis,Small Ovals - Damselfishes > Damselfishes (Pomacentridae) > Genus Chromis,37262,30.10.2024_Milimani_C10_Glasnudel_ganz.mp4,[55.935095654666966],2878721
3384300,Genus Chromis,Small Ovals - Damselfishes > Damselfishes (Pomacentridae) > Genus Chromis,37262,30.10.2024_Milimani_C10_Glasnudel_ganz.mp4,[55.935095654666966],2878722
3384301,Genus Chromis,Small Ovals - Damselfishes > Damselfishes (Pomacentridae) > Genus Chromis,37262,30.10.2024_Milimani_C10_Glasnudel_ganz.mp4,[55.935095654666966],2878723
3384302,Genus Chromis,Small Ovals - Damselfishes > Damselfishes (Pomacentridae) > Genus Chromis,37262,30.10.2024_Milimani_C10_Glasnudel_ganz.mp4,[55.935095654666966],2878724
3384303,Genus Chromis,Small Ovals - Damselfishes > Damselfishes (Pomacentridae) > Genus Chromis,37262,30.10.2024_Milimani_C10_Glasnudel_ganz.mp4,[55.935095654666966],2878725
3384304,Genus Chromis,Small Ovals - Damselfishes > Damselfishes (Pomacentridae) > Genus Chromis,37262,30.10.2024_Milimani_C10_Glasnudel_ganz.mp4,[55.935095654666966],2878726
3384305,Genus Chromis,Small Ovals - Damselfishes > Damselfishes (Pomacentridae) > Genus Chromis,37262,30.10.2024_Milimani_C10_Glasnudel_ganz.mp4,[55.935095654666966],2878727
3384318,Genus Chromis,Small Ovals - Damselfishes > Damselfishes (Pomacentridae) > Genus Chromis,37262,30.10.2024_Milimani_C10_Glasnudel_ganz.mp4,[55.935095654666966],2878738
3384320,Genus Chromis,Small Ovals - Damselfishes > Damselfishes (Pomacentridae) > Genus Chromis,37262,30.10.2024_Milimani_C10_Glasnudel_ganz.mp4,[55.935095654666966],2878740
3384321,Genus Chromis,Small Ovals - Damselfishes > Damselfishes (Pomacentridae) > Genus Chromis,37262,30.10.2024_Milimani_C10_Glasnudel_ganz.mp4,[55.935095654666966],2878741
3384322,Genus Chromis,Small Ovals - Damselfishes > Damselfishes (Pomacentridae) > Genus Chromis,37262,30.10.2024_Milimani_C10_Glasnudel_ganz.mp4,[55.935095654666966],2878742
3384323,Genus Chromis,Small Ovals - Damselfishes > Damselfishes (Pomacentridae) > Genus Chromis,37262,30.10.2024_Milimani_C10_Glasnudel_ganz.mp4,[55.935095654666966],2878743
3384324,Genus Chromis,Small Ovals - Damselfishes > Damselfishes (Pomacentridae) > Genus Chromis,37262,30.10.2024_Milimani_C10_Glasnudel_ganz.mp4,[55.935095654666966],2878744
3384325,Genus Chromis,Small Ovals - Damselfishes > Damselfishes (Pomacentridae) > Genus Chromis,37262,30.10.2024_Milimani_C10_Glasnudel_ganz.mp4,[55.935095654666966],2878745
3384326,Genus Chromis,Small Ovals - Damselfishes > Damselfishes (Pomacentridae) > Genus Chromis,37262,30.10.2024_Milimani_C10_Glasnudel_ganz.mp4,[55.935095654666966],2878746
3384327,Genus Chromis,Small Ovals - Damselfishes > Damselfishes (Pomacentridae) > Genus Chromis,37262,30.10.2024_Milimani_C10_Glasnudel_ganz.mp4,[55.935095654666966],2878747
3384328,Genus Chromis,Small Ovals - Damselfishes > Damselfishes (Pomacentridae) > Genus Chromis,37262,30.10.2024_Milimani_C10_Glasnudel_ganz.mp4,[55.935095654666966],2878748
3384329,Genus Chromis,Small Ovals - Damselfishes > Damselfishes (Pomacentridae) > Genus Chromis,37262,30.10.2024_Milimani_C10_Glasnudel_ganz.mp4,[55.935095654666966],2878749
3384330,Genus Chromis,Small Ovals - Damselfishes > Damselfishes (Pomacentridae) > Genus Chromis,37262,30.10.2024_Milimani_C10_Glasnudel_ganz.mp4,[55.935095654666966],2878750
3384331,Genus Chromis,Small Ovals - Damselfishes > Damselfishes (Pomacentridae) > Genus Chromis,37262,30.10.2024_Milimani_C10_Glasnudel_ganz.mp4,[55.935095654666966],2878751
3384332,Genus Chromis,Small Ovals - Damselfishes > Damselfishes (Pomacentridae) > Genus Chromis,37262,30.10.2024_Milimani_C10_Glasnudel_ganz.mp4,[55.935095654666966],2878752
3384334,Genus Chromis,Small Ovals - Damselfishes > Damselfishes (Pomacentridae) > Genus Chromis,37262,30.10.2024_Milimani_C10_Glasnudel_ganz.mp4,[55.935095654666966],2878754
3384335,Genus Chromis,Small Ovals - Damselfishes > Damselfishes (Pomacentridae) > Genus Chromis,37262,30.10.2024_Milimani_C10_Glasnudel_ganz.mp4,[55.935095654666966],2878755
3384336,Genus Chromis,Small Ovals - Damselfishes > Damselfishes (Pomacentridae) > Genus Chromis,37262,30.10.2024_Milimani_C10_Glasnudel_ganz.mp4,[55.935095654666966],2878756
3384337,Genus Chromis,Small Ovals - Damselfishes > Damselfishes (Pomacentridae) > Genus Chromis,37262,30.10.2024_Milimani_C10_Glasnudel_ganz.mp4,[55.935095654666966],2878757
3384338,Genus Chromis,Small Ovals - Damselfishes > Damselfishes (Pomacentridae) > Genus Chromis,37262,30.10.2024_Milimani_C10_Glasnudel_ganz.mp4,[55.935095654666966],2878758
3384339,Genus Chromis,Small Ovals - Damselfishes > Damselfishes (Pomacentridae) > Genus Chromis,37262,30.10.2024_Milimani_C10_Glasnudel_ganz.mp4,[55.935095654666966],2878759
3384340,Genus Chromis,Small Ovals - Damselfishes > Damselfishes (Pomacentridae) > Genus Chromis,37262,30.10.2024_Milimani_C10_Glasnudel_ganz.mp4,[55.935095654666966],2878760
3384341,Genus Chromis,Small Ovals - Damselfishes > Damselfishes (Pomacentridae) > Genus Chromis,37262,30.10.2024_Milimani_C10_Glasnudel_ganz.mp4,[55.935095654666966],2878761
3384342,Genus Chromis,Small Ovals - Damselfishes > Damselfishes (Pomacentridae) > Genus Chromis,37262,30.10.2024_Milimani_C10_Glasnudel_ganz.mp4,[55.935095654666966],2878762
3384343,Genus Chromis,Small Ovals - Damselfishes > Damselfishes (Pomacentridae) > Genus Chromis,37262,30.10.2024_Milimani_C10_Glasnudel_ganz.mp4,[55.935095654666966],2878763
3384344,Genus Chromis,Small Ovals - Damselfishes > Damselfishes (Pomacentridae) > Genus Chromis,37262,30.10.2024_Milimani_C10_Glasnudel_ganz.mp4,[55.935095654666966],2878764
3384345,Genus Chromis,Small Ovals - Damselfishes > Damselfishes (Pomacentridae) > Genus Chromis,37262,30.10.2024_Milimani_C10_Glasnudel_ganz.mp4,[55.935095654666966],2878765
3384346,Genus Chromis,Small Ovals - Damselfishes > Damselfishes (Pomacentridae) > Genus Chromis,37262,30.10.2024_Milimani_C10_Glasnudel_ganz.mp4,[55.935095654666966],2878766
3384347,Genus Chromis,Small Ovals - Damselfishes > Damselfishes (Pomacentridae) > Genus Chromis,37262,30.10.2024_Milimani_C10_Glasnudel_ganz.mp4,[55.935095654666966],2878767
3384348,Genus Chromis,Small Ovals - Damselfishes > Damselfishes (Pomacentridae) > Genus Chromis,37262,30.10.2024_Milimani_C10_Glasnudel_ganz.mp4,[55.935095654666966],2878768
3384349,Genus Chromis,Small Ovals - Damselfishes > Damselfishes (Pomacentridae) > Genus Chromis,37262,30.10.2024_Milimani_C10_Glasnudel_ganz.mp4,[55.935095654666966],2878769
3384350,Genus Chromis,Small Ovals - Damselfishes > Damselfishes (Pomacentridae) > Genus Chromis,37262,30.10.2024_Milimani_C10_Glasnudel_ganz.mp4,[55.935095654666966],2878770
3384351,Genus Chromis,Small Ovals - Damselfishes > Damselfishes (Pomacentridae) > Genus Chromis,37262,30.10.2024_Milimani_C10_Glasnudel_ganz.mp4,[55.935095654666966],2878771
3384352,Genus Chromis,Small Ovals - Damselfishes > Damselfishes (Pomacentridae) > Genus Chromis,37262,30.10.2024_Milimani_C10_Glasnudel_ganz.mp4,[55.935095654666966],2878772
3384353,Genus Chromis,Small Ovals - Damselfishes > Damselfishes (Pomacentridae) > Genus Chromis,37262,30.10.2024_Milimani_C10_Glasnudel_ganz.mp4,[55.935095654666966],2878773
3384354,Genus Chromis,Small Ovals - Damselfishes > Damselfishes (Pomacentridae) > Genus Chromis,37262,30.10.2024_Milimani_C10_Glasnudel_ganz.mp4,[55.935095654666966],2878774
3384355,Genus Chromis,Small Ovals - Damselfishes > Damselfishes (Pomacentridae) > Genus Chromis,37262,30.10.2024_Milimani_C10_Glasnudel_ganz.mp4,[55.935095654666966],2878775
3384356,Genus Chromis,Small Ovals - Damselfishes > Damselfishes (Pomacentridae) > Genus Chromis,37262,30.10.2024_Milimani_C10_Glasnudel_ganz.mp4,[55.935095654666966],2878776
3384357,Genus Chromis,Small Ovals - Damselfishes > Damselfishes (Pomacentridae) > Genus Chromis,37262,30.10.2024_Milimani_C10_Glasnudel_ganz.mp4,[55.935095654666966],2878777
3384358,Genus Chromis,Small Ovals - Damselfishes > Damselfishes (Pomacentridae) > Genus Chromis,37262,30.10.2024_Milimani_C10_Glasnudel_ganz.mp4,[55.935095654666966],2878778
3384359,Genus Chromis,Small Ovals - Damselfishes > Damselfishes (Pomacentridae) > Genus Chromis,37262,30.10.2024_Milimani_C10_Glasnudel_ganz.mp4,[55.935095654666966],2878779
3384360,Genus Chromis,Small Ovals - Damselfishes > Damselfishes (Pomacentridae) > Genus Chromis,37262,30.10.2024_Milimani_C10_Glasnudel_ganz.mp4,[55.935095654666966],2878780
3384361,Genus Chromis,Small Ovals - Damselfishes > Damselfishes (Pomacentridae) > Genus Chromis,37262,30.10.2024_Milimani_C10_Glasnudel_ganz.mp4,[55.935095654666966],2878781
3384362,Genus Chromis,Small Ovals - Damselfishes > Damselfishes (Pomacentridae) > Genus Chromis,37262,30.10.2024_Milimani_C10_Glasnudel_ganz.mp4,[55.935095654666966],2878782
3384363,Genus Chromis,Small Ovals - Damselfishes > Damselfishes (Pomacentridae) > Genus Chromis,37262,30.10.2024_Milimani_C10_Glasnudel_ganz.mp4,[55.935095654666966],2878783
3384364,Genus Chromis,Small Ovals - Damselfishes > Damselfishes (Pomacentridae) > Genus Chromis,37262,30.10.2024_Milimani_C10_Glasnudel_ganz.mp4,[55.935095654666966],2878784
3384365,Genus Chromis,Small Ovals - Damselfishes > Damselfishes (Pomacentridae) > Genus Chromis,37262,30.10.2024_Milimani_C10_Glasnudel_ganz.mp4,[55.935095654666966],2878785
3384366,Genus Chromis,Small Ovals - Damselfishes > Damselfishes (Pomacentridae) > Genus Chromis,37262,30.10.2024_Milimani_C10_Glasnudel_ganz.mp4,[55.935095654666966],2878786
3384367,Genus Chromis,Small Ovals - Damselfishes > Damselfishes (Pomacentridae) > Genus Chromis,37262,30.10.2024_Milimani_C10_Glasnudel_ganz.mp4,[55.935095654666966],2878787
3384368,Genus Chromis,Small Ovals - Damselfishes > Damselfishes (Pomacentridae) > Genus Chromis,37262,30.10.2024_Milimani_C10_Glasnudel_ganz.mp4,[55.935095654666966],2878788
3384369,Genus Chromis,Small Ovals - Damselfishes > Damselfishes (Pomacentridae) > Genus Chromis,37262,30.10.2024_Milimani_C10_Glasnudel_ganz.mp4,[55.935095654666966],2878789
3384370,Genus Chromis,Small Ovals - Damselfishes > Damselfishes (Pomacentridae) > Genus Chromis,37262,30.10.2024_Milimani_C10_Glasnudel_ganz.mp4,[55.935095654666966],2878790
3384371,Genus Chromis,Small Ovals - Damselfishes > Damselfishes (Pomacentridae) > Genus Chromis,37262,30.10.2024_Milimani_C10_Glasnudel_ganz.mp4,[55.935095654666966],2878791
3384392,Longbarbel (Parupeneus macronemus),Odd-shaped Swimmers > Goatfishes (Mullidae) > Longbarbel (Parupeneus macronemus),37262,30.10.2024_Milimani_C10_Glasnudel_ganz.mp4,[68.73839944832659],2878812
3384394,Parrotfishes (Scaridae),Parrotfishes > Parrotfishes (Scaridae),37262,30.10.2024_Milimani_C10_Glasnudel_ganz.mp4,[80.65976140567],2878814
3384396,Parrotfishes (Scaridae),Parrotfishes > Parrotfishes (Scaridae),37262,30.10.2024_Milimani_C10_Glasnudel_ganz.mp4,[86.10473020832808],2878816
3384397,Parrotfishes (Scaridae),Parrotfishes > Parrotfishes (Scaridae),37262,30.10.2024_Milimani_C10_Glasnudel_ganz.mp4,[86.10473020832808],2878817
3384400,Eclipse (Chaetodon bennetti),Disk-shaped/Colourful > Butterflyfishes (Chaetodontidae) > Eclipse (Chaetodon bennetti),37262,30.10.2024_Milimani_C10_Glasnudel_ganz.mp4,[100.30233048166421],2878820
3384408,Goldbar (Thalassoma hebraicum),Wrasses > Wrasses (Labridae) > Goldbar (Thalassoma hebraicum),37262,30.10.2024_Milimani_C10_Glasnudel_ganz.mp4,[103.40546403766764],2878828
3384411,Orange-lined (Balistapus undulatus),Odd-shaped Swimmers > Triggerfishes (Balistidae) > Orange-lined (Balistapus undulatus),37262,30.10.2024_Milimani_C10_Glasnudel_ganz.mp4,[125.3298112376692],2878831
3384417,Chevroned (Chaetodon trifascialis),Disk-shaped/Colourful > Butterflyfishes (Chaetodontidae) > Chevroned (Chaetodon trifascialis),37262,30.10.2024_Milimani_C10_Glasnudel_ganz.mp4,[137.30310978166398],2878835
3384838,Green (Amblyglyphidodon indicus),Small Ovals - Damselfishes > Damselfishes (Pomacentridae) > Green (Amblyglyphidodon indicus),37262,30.10.2024_Milimani_C10_Glasnudel_ganz.mp4,[135.074476259],2879156
3384842,Checkerboard (Halichoeres hortulanus),Wrasses > Wrasses (Labridae) > Checkerboard (Halichoeres hortulanus),37262,30.10.2024_Milimani_C10_Glasnudel_ganz.mp4,[146.32140657799633],2879160
3384845,Spotted (Chaetodon guttatissimus),Disk-shaped/Colourful > Butterflyfishes (Chaetodontidae) > Spotted (Chaetodon guttatissimus),37262,30.10.2024_Milimani_C10_Glasnudel_ganz.mp4,[154.850744236],2879163
3384848,Spotted (Chaetodon guttatissimus),Disk-shaped/Colourful > Butterflyfishes (Chaetodontidae) > Spotted (Chaetodon guttatissimus),37262,30.10.2024_Milimani_C10_Glasnudel_ganz.mp4,[155.61963391665995],2879166
3384849,Spotted (Chaetodon guttatissimus),Disk-shaped/Colourful > Butterflyfishes (Chaetodontidae) > Spotted (Chaetodon guttatissimus),37262,30.10.2024_Milimani_C10_Glasnudel_ganz.mp4,[155.61963391665995],2879167
3384853,Wrasses (Labridae),Wrasses > Wrasses (Labridae),37262,30.10.2024_Milimani_C10_Glasnudel_ganz.mp4,[178.9609671206688],2879171
3384861,Bird wrasse (Gomphosus caeruleus),Wrasses > Wrasses (Labridae) > Bird wrasse (Gomphosus caeruleus),37262,30.10.2024_Milimani_C10_Glasnudel_ganz.mp4,[230.69628204333657],2879179
3384876,Brown Pigmy (Centropyge multispinis),Disk-shaped/Colourful > Angelfishes (Pomacanthidae) > Brown Pigmy (Centropyge multispinis),37262,30.10.2024_Milimani_C10_Glasnudel_ganz.mp4,[298.23054259133147],2879194
3384878,Parrotfishes (Scaridae),Parrotfishes > Parrotfishes (Scaridae),37262,30.10.2024_Milimani_C10_Glasnudel_ganz.mp4,[306.48966767500093],2879196
3384879,Parrotfishes (Scaridae),Parrotfishes > Parrotfishes (Scaridae),37262,30.10.2024_Milimani_C10_Glasnudel_ganz.mp4,[306.48966767500093],2879197
3384880,Parrotfishes (Scaridae),Parrotfishes > Parrotfishes (Scaridae),37262,30.10.2024_Milimani_C10_Glasnudel_ganz.mp4,[306.48966767500093],2879198
3384881,Parrotfishes (Scaridae),Parrotfishes > Parrotfishes (Scaridae),37262,30.10.2024_Milimani_C10_Glasnudel_ganz.mp4,[306.48966767500093],2879199
3384883,Bullethead (Chlorurus sordidus),Parrotfishes > Parrotfishes (Scaridae) > Bullethead (Chlorurus sordidus),37262,30.10.2024_Milimani_C10_Glasnudel_ganz.mp4,[312.6181410486629],2879201
3384886,Bullethead (Chlorurus sordidus),Parrotfishes > Parrotfishes (Scaridae) > Bullethead (Chlorurus sordidus),37262,30.10.2024_Milimani_C10_Glasnudel_ganz.mp4,[334.57271240032924],2879204
3384887,Bullethead (Chlorurus sordidus),Parrotfishes > Parrotfishes (Scaridae) > Bullethead (Chlorurus sordidus),37262,30.10.2024_Milimani_C10_Glasnudel_ganz.mp4,[334.57271240032924],2879205
3384897,Humpnose Bigeye (Monotaxis grandoculis),Sloping Heads > Emperors (Lethrinidae) > Humpnose Bigeye (Monotaxis grandoculis),37262,30.10.2024_Milimani_C10_Glasnudel_ganz.mp4,[408.10683601199895],2879215
3384898,Sixbar (Thalassoma hardwicke),Wrasses > Wrasses (Labridae) > Sixbar (Thalassoma hardwicke),37262,30.10.2024_Milimani_C10_Glasnudel_ganz.mp4,[416.65390610833373],2879216
3384901,Barred (Hemigymnus fasciatus),Wrasses > Wrasses (Labridae) > Barred (Hemigymnus fasciatus),37262,30.10.2024_Milimani_C10_Glasnudel_ganz.mp4,[421.79925488366456],2879219
3384904,Swarthy (Scarus niger),Parrotfishes > Parrotfishes (Scaridae) > Swarthy (Scarus niger),37262,30.10.2024_Milimani_C10_Glasnudel_ganz.mp4,[428.8467993753351],2879222
3384906,Brown Tang (Zebrasoma scopas),Large Ovals > Surgeonfishes (Acanthuridae) > Brown Tang (Zebrasoma scopas),37262,30.10.2024_Milimani_C10_Glasnudel_ganz.mp4,[443.88678622633245],2879224
3384907,Brown Tang (Zebrasoma scopas),Large Ovals > Surgeonfishes (Acanthuridae) > Brown Tang (Zebrasoma scopas),37262,30.10.2024_Milimani_C10_Glasnudel_ganz.mp4,[443.88678622633245],2879225
3384946,Titan (Balistoides viridescens),Odd-shaped Swimmers > Triggerfishes (Balistidae) > Titan (Balistoides viridescens),37262,30.10.2024_Milimani_C10_Glasnudel_ganz.mp4,[565.9192033023377],2879226
3384958,Green (Amblyglyphidodon indicus),Small Ovals - Damselfishes > Damselfishes (Pomacentridae) > Green (Amblyglyphidodon indicus),37262,30.10.2024_Milimani_C10_Glasnudel_ganz.mp4,[607.3938830993278],2879227
3384959,Green (Amblyglyphidodon indicus),Small Ovals - Damselfishes > Damselfishes (Pomacentridae) > Green (Amblyglyphidodon indicus),37262,30.10.2024_Milimani_C10_Glasnudel_ganz.mp4,[607.3938830993278],2879228
3384960,Green (Amblyglyphidodon indicus),Small Ovals - Damselfishes > Damselfishes (Pomacentridae) > Green (Amblyglyphidodon indicus),37262,30.10.2024_Milimani_C10_Glasnudel_ganz.mp4,[607.393883],2879229
3384966,Disappearing (Pseudocheilinus evanidus),Wrasses > Wrasses (Labridae) > Disappearing (Pseudocheilinus evanidus),37262,30.10.2024_Milimani_C10_Glasnudel_ganz.mp4,[700.1340705939997],2879235
3384972,Groupers (Serranidae),Heavy Bodies/Large Lips > Groupers (Serranidae),37262,30.10.2024_Milimani_C10_Glasnudel_ganz.mp4,[712.3841890163353],2879241
3384974,Brown Pigmy (Centropyge multispinis),Disk-shaped/Colourful > Angelfishes (Pomacanthidae) > Brown Pigmy (Centropyge multispinis),37262,30.10.2024_Milimani_C10_Glasnudel_ganz.mp4,[729.8606333456668],2879243
3384975,Brown Pigmy (Centropyge multispinis),Disk-shaped/Colourful > Angelfishes (Pomacanthidae) > Brown Pigmy (Centropyge multispinis),37262,30.10.2024_Milimani_C10_Glasnudel_ganz.mp4,[729.8606333456668],2879244
3384980,Lined Bristletooth (Ctenochaetus striatus),Large Ovals > Surgeonfishes (Acanthuridae) > Lined Bristletooth (Ctenochaetus striatus),37262,30.10.2024_Milimani_C10_Glasnudel_ganz.mp4,[753.884990899],2879249
3384981,Lined Bristletooth (Ctenochaetus striatus),Large Ovals > Surgeonfishes (Acanthuridae) > Lined Bristletooth (Ctenochaetus striatus),37262,30.10.2024_Milimani_C10_Glasnudel_ganz.mp4,[753.884990899],2879250
3384982,Lined Bristletooth (Ctenochaetus striatus),Large Ovals > Surgeonfishes (Acanthuridae) > Lined Bristletooth (Ctenochaetus striatus),37262,30.10.2024_Milimani_C10_Glasnudel_ganz.mp4,[753.884990899],2879251
3384983,Lined Bristletooth (Ctenochaetus striatus),Large Ovals > Surgeonfishes (Acanthuridae) > Lined Bristletooth (Ctenochaetus striatus),37262,30.10.2024_Milimani_C10_Glasnudel_ganz.mp4,[753.884990899],2879252
3384999,Black-backed (Chaetodon melannotus),Disk-shaped/Colourful > Butterflyfishes (Chaetodontidae) > Black-backed (Chaetodon melannotus),37262,30.10.2024_Milimani_C10_Glasnudel_ganz.mp4,[809.5207950243328],2879268
3385047,Longbarbel (Parupeneus macronemus),Odd-shaped Swimmers > Goatfishes (Mullidae) > Longbarbel (Parupeneus macronemus),37262,30.10.2024_Milimani_C10_Glasnudel_ganz.mp4,[925.1559858979969],2879287
3385048,Longbarbel (Parupeneus macronemus),Odd-shaped Swimmers > Goatfishes (Mullidae) > Longbarbel (Parupeneus macronemus),37262,30.10.2024_Milimani_C10_Glasnudel_ganz.mp4,[925.1559858979969],2879288
3385049,Longbarbel (Parupeneus macronemus),Odd-shaped Swimmers > Goatfishes (Mullidae) > Longbarbel (Parupeneus macronemus),37262,30.10.2024_Milimani_C10_Glasnudel_ganz.mp4,[925.1559858979969],2879289
3385056,Butterflyfishes (Chaetodontidae),Disk-shaped/Colourful > Butterflyfishes (Chaetodontidae),37262,30.10.2024_Milimani_C10_Glasnudel_ganz.mp4,[948.9240669119952],2879296
3385066,Spotted Toby (Canthigaster solandri),Odd-shaped Swimmers > Puffers (Tetraodontidae) > Spotted Toby (Canthigaster solandri),37262,30.10.2024_Milimani_C10_Glasnudel_ganz.mp4,[968.8549482010004],2879306
3385070,Jacks/Trevallyes (Carangidae),Silvery > Jacks/Trevallyes (Carangidae),37262,30.10.2024_Milimani_C10_Glasnudel_ganz.mp4,[973.0384764013322],2879310
3385071,Jacks/Trevallyes (Carangidae),Silvery > Jacks/Trevallyes (Carangidae),37262,30.10.2024_Milimani_C10_Glasnudel_ganz.mp4,[973.0384764013322],2879311
3385072,Jacks/Trevallyes (Carangidae),Silvery > Jacks/Trevallyes (Carangidae),37262,30.10.2024_Milimani_C10_Glasnudel_ganz.mp4,[973.0384764013322],2879312
3385095,Genus Naso,Large Ovals > Surgeonfishes (Acanthuridae) > Genus Naso,37262,30.10.2024_Milimani_C10_Glasnudel_ganz.mp4,[1021.8637644316666],2879319
3385182,Brown Pigmy (Centropyge multispinis),Disk-shaped/Colourful > Angelfishes (Pomacanthidae) > Brown Pigmy (Centropyge multispinis),37262,30.10.2024_Milimani_C10_Glasnudel_ganz.mp4,[1113.0280182683323],2879339
3385183,Brown Pigmy (Centropyge multispinis),Disk-shaped/Colourful > Angelfishes (Pomacanthidae) > Brown Pigmy (Centropyge multispinis),37262,30.10.2024_Milimani_C10_Glasnudel_ganz.mp4,[1113.0280182683323],2879340
3385184,Brown Pigmy (Centropyge multispinis),Disk-shaped/Colourful > Angelfishes (Pomacanthidae) > Brown Pigmy (Centropyge multispinis),37262,30.10.2024_Milimani_C10_Glasnudel_ganz.mp4,[1113.0280182683323],2879341
3385203,Sidespot (Parupeneus pleurostigma),Odd-shaped Swimmers > Goatfishes (Mullidae) > Sidespot (Parupeneus pleurostigma),37262,30.10.2024_Milimani_C10_Glasnudel_ganz.mp4,[1131.1003651],2879348
3385208,Moorish Idol (Zanclus cornutus),Large Ovals > Moorish Idol (Zanclidae) > Moorish Idol (Zanclus cornutus),37262,30.10.2024_Milimani_C10_Glasnudel_ganz.mp4,[1151.5223798786599],2879351
3385227,Indian Redfin (Chaetodon trifasciatus),Disk-shaped/Colourful > Butterflyfishes (Chaetodontidae) > Indian Redfin (Chaetodon trifasciatus),37262,30.10.2024_Milimani_C10_Glasnudel_ganz.mp4,[1250.4760206510007],2879356
3385237,Parrotfishes (Scaridae),Parrotfishes > Parrotfishes (Scaridae),37262,30.10.2024_Milimani_C10_Glasnudel_ganz.mp4,[1390.2675120763333],2879366
3385238,Parrotfishes (Scaridae),Parrotfishes > Parrotfishes (Scaridae),37262,30.10.2024_Milimani_C10_Glasnudel_ganz.mp4,[1390.2675120763333],2879367
3385239,Parrotfishes (Scaridae),Parrotfishes > Parrotfishes (Scaridae),37262,30.10.2024_Milimani_C10_Glasnudel_ganz.mp4,[1390.2675120763333],2879368
3385241,Parrotfishes (Scaridae),Parrotfishes > Parrotfishes (Scaridae),37262,30.10.2024_Milimani_C10_Glasnudel_ganz.mp4,[1390.2675120763333],2879370
3385242,Parrotfishes (Scaridae),Parrotfishes > Parrotfishes (Scaridae),37262,30.10.2024_Milimani_C10_Glasnudel_ganz.mp4,[1390.2675120763333],2879371
3385249,Brown Tang (Zebrasoma scopas),Large Ovals > Surgeonfishes (Acanthuridae) > Brown Tang (Zebrasoma scopas),37262,30.10.2024_Milimani_C10_Glasnudel_ganz.mp4,[1448.7079405563286],2879378
3385250,Brown Tang (Zebrasoma scopas),Large Ovals > Surgeonfishes (Acanthuridae) > Brown Tang (Zebrasoma scopas),37262,30.10.2024_Milimani_C10_Glasnudel_ganz.mp4,[1448.7079405563286],2879379
3385251,Brown Tang (Zebrasoma scopas),Large Ovals > Surgeonfishes (Acanthuridae) > Brown Tang (Zebrasoma scopas),37262,30.10.2024_Milimani_C10_Glasnudel_ganz.mp4,[1448.7079405563286],2879380
3385252,Red (Lutjanus bohar),Sloping Heads > Snappers (Lutjanidae) > Red (Lutjanus bohar),37262,30.10.2024_Milimani_C10_Glasnudel_ganz.mp4,[1468.4460039160053],2879381
3386086,Humphead (Cheilinus undulatus),Wrasses > Wrasses (Labridae) > Humphead (Cheilinus undulatus),37262,30.10.2024_Milimani_C10_Glasnudel_ganz.mp4,[1624.436969436],2880207
3386087,Honeycomb (Siganus stellatus),Large Ovals > Rabbitfishes (Siganidae) > Honeycomb (Siganus stellatus),37262,30.10.2024_Milimani_C10_Glasnudel_ganz.mp4,[1631.996683575],2880208
3386088,Paletail Unicorn (Naso brevirostris),Large Ovals > Surgeonfishes (Acanthuridae) > Paletail Unicorn (Naso brevirostris),37262,30.10.2024_Milimani_C10_Glasnudel_ganz.mp4,[1663.270197301995],2880209
3386089,Slingjaw (Epibulus insidiator),Wrasses > Wrasses (Labridae) > Slingjaw (Epibulus insidiator),37262,30.10.2024_Milimani_C10_Glasnudel_ganz.mp4,[1763.2404638033354],2880210
3386090,Genus Squirrel (Sargocentron),Reddish/Big Eyes > Soldier-&Squirrelfishes (Holocentridae) > Genus Squirrel (Sargocentron),37262,30.10.2024_Milimani_C10_Glasnudel_ganz.mp4,[1826.7244000083344],2880211
3386092,Sixbar (Thalassoma hardwicke),Wrasses > Wrasses (Labridae) > Sixbar (Thalassoma hardwicke),37262,30.10.2024_Milimani_C10_Glasnudel_ganz.mp4,[2065.413775884],2880213
3386093,Sixbar (Thalassoma hardwicke),Wrasses > Wrasses (Labridae) > Sixbar (Thalassoma hardwicke),37262,30.10.2024_Milimani_C10_Glasnudel_ganz.mp4,[2065.413775884],2880214
3386094,Genus Soldier (Myripristis),Reddish/Big Eyes > Soldier-&Squirrelfishes (Holocentridae) > Genus Soldier (Myripristis),37262,30.10.2024_Milimani_C10_Glasnudel_ganz.mp4,[2077.1289129250003],2880215
3386096,Peacock (Cephalopholis argus),Heavy Bodies/Large Lips > Groupers (Serranidae) > Peacock (Cephalopholis argus),37262,30.10.2024_Milimani_C10_Glasnudel_ganz.mp4,[2130.0497439166643],2880217
3386097,Freckled (Paracirrhites forsteri),Heavy Bodies/Large Lips > Hawkfishes (Cirrhitidae) > Freckled (Paracirrhites forsteri),37262,30.10.2024_Milimani_C10_Glasnudel_ganz.mp4,[2355.997314349666],2880218
3386098,Indian Redfin (Chaetodon trifasciatus),Disk-shaped/Colourful > Butterflyfishes (Chaetodontidae) > Indian Redfin (Chaetodon trifasciatus),37262,30.10.2024_Milimani_C10_Glasnudel_ganz.mp4,[2522.5019285180006],2880219
3386099,Indian Redfin (Chaetodon trifasciatus),Disk-shaped/Colourful > Butterflyfishes (Chaetodontidae) > Indian Redfin (Chaetodon trifasciatus),37262,30.10.2024_Milimani_C10_Glasnudel_ganz.mp4,[2522.5019285180006],2880220
3386100,Redmouth (Aethaloperca rogaa),Heavy Bodies/Large Lips > Groupers (Serranidae) > Redmouth (Aethaloperca rogaa),37262,30.10.2024_Milimani_C10_Glasnudel_ganz.mp4,[2570.6654317340076],2880221
3386101,Honeycomb (Siganus stellatus),Large Ovals > Rabbitfishes (Siganidae) > Honeycomb (Siganus stellatus),37262,30.10.2024_Milimani_C10_Glasnudel_ganz.mp4,[2574.6953501683415],2880222
3386102,Honeycomb (Siganus stellatus),Large Ovals > Rabbitfishes (Siganidae) > Honeycomb (Siganus stellatus),37262,30.10.2024_Milimani_C10_Glasnudel_ganz.mp4,[2574.6953501683415],2880223
3386104,Humpback Unicorn (Naso brachycentron),Large Ovals > Surgeonfishes (Acanthuridae) > Humpback Unicorn (Naso brachycentron),37262,30.10.2024_Milimani_C10_Glasnudel_ganz.mp4,[2678.2079239689992],2880225
3386105,Humpback Unicorn (Naso brachycentron),Large Ovals > Surgeonfishes (Acanthuridae) > Humpback Unicorn (Naso brachycentron),37262,30.10.2024_Milimani_C10_Glasnudel_ganz.mp4,[2678.807348252002],2880226
3386106,Longnose (Forcipiger flavissimus),Disk-shaped/Colourful > Butterflyfishes (Chaetodontidae) > Longnose (Forcipiger flavissimus),37262,30.10.2024_Milimani_C10_Glasnudel_ganz.mp4,[2735.178771852],2880227
3386108,Green (Amblyglyphidodon indicus),Small Ovals - Damselfishes > Damselfishes (Pomacentridae) > Green (Amblyglyphidodon indicus),37262,30.10.2024_Milimani_C10_Glasnudel_ganz.mp4,[2833.8565711156693],2880229
3386109,Green (Amblyglyphidodon indicus),Small Ovals - Damselfishes > Damselfishes (Pomacentridae) > Green (Amblyglyphidodon indicus),37262,30.10.2024_Milimani_C10_Glasnudel_ganz.mp4,[2833.8565711156693],2880230
3386110,Green (Amblyglyphidodon indicus),Small Ovals - Damselfishes > Damselfishes (Pomacentridae) > Green (Amblyglyphidodon indicus),37262,30.10.2024_Milimani_C10_Glasnudel_ganz.mp4,[2833.8565711156693],2880231
3386111,Green (Amblyglyphidodon indicus),Small Ovals - Damselfishes > Damselfishes (Pomacentridae) > Green (Amblyglyphidodon indicus),37262,30.10.2024_Milimani_C10_Glasnudel_ganz.mp4,[2833.8565711156693],2880232
3386112,Peacock (Cephalopholis argus),Heavy Bodies/Large Lips > Groupers (Serranidae) > Peacock (Cephalopholis argus),37262,30.10.2024_Milimani_C10_Glasnudel_ganz.mp4,[2899.15707859],2880233
3386113,Peacock (Cephalopholis argus),Heavy Bodies/Large Lips > Groupers (Serranidae) > Peacock (Cephalopholis argus),37262,30.10.2024_Milimani_C10_Glasnudel_ganz.mp4,[2899.15707859],2880234
3386115,Genus Caesio,Slender Schoolers/Colourful > Fusiliers (Caesionidae) > Genus Caesio,37262,30.10.2024_Milimani_C10_Glasnudel_ganz.mp4,[2983.21964547567],2880236
3386116,Genus Caesio,Slender Schoolers/Colourful > Fusiliers (Caesionidae) > Genus Caesio,37262,30.10.2024_Milimani_C10_Glasnudel_ganz.mp4,[2983.21964547567],2880237
3386117,Genus Caesio,Slender Schoolers/Colourful > Fusiliers (Caesionidae) > Genus Caesio,37262,30.10.2024_Milimani_C10_Glasnudel_ganz.mp4,[2983.21964547567],2880238
3386118,Genus Caesio,Slender Schoolers/Colourful > Fusiliers (Caesionidae) > Genus Caesio,37262,30.10.2024_Milimani_C10_Glasnudel_ganz.mp4,[2983.21964547567],2880239
3386119,Genus Caesio,Slender Schoolers/Colourful > Fusiliers (Caesionidae) > Genus Caesio,37262,30.10.2024_Milimani_C10_Glasnudel_ganz.mp4,[2983.21964547567],2880240
3386120,Genus Caesio,Slender Schoolers/Colourful > Fusiliers (Caesionidae) > Genus Caesio,37262,30.10.2024_Milimani_C10_Glasnudel_ganz.mp4,[2983.21964547567],2880241
3386121,Genus Caesio,Slender Schoolers/Colourful > Fusiliers (Caesionidae) > Genus Caesio,37262,30.10.2024_Milimani_C10_Glasnudel_ganz.mp4,[2983.21964547567],2880242
3386122,Genus Caesio,Slender Schoolers/Colourful > Fusiliers (Caesionidae) > Genus Caesio,37262,30.10.2024_Milimani_C10_Glasnudel_ganz.mp4,[2983.21964547567],2880243
3386123,Red-breasted (Cheilinus fasciatus),Wrasses > Wrasses (Labridae) > Red-breasted (Cheilinus fasciatus),37262,30.10.2024_Milimani_C10_Glasnudel_ganz.mp4,[3144.431689883664],2880244
3386125,Indian Half-and-Half (Pycnochromis dimidiatus),Small Ovals - Damselfishes > Damselfishes (Pomacentridae) > Indian Half-and-Half (Pycnochromis dimidiatus),37262,30.10.2024_Milimani_C10_Glasnudel_ganz.mp4,[1798.6346775719987],2880246
3386126,Indian Half-and-Half (Pycnochromis dimidiatus),Small Ovals - Damselfishes > Damselfishes (Pomacentridae) > Indian Half-and-Half (Pycnochromis dimidiatus),37262,30.10.2024_Milimani_C10_Glasnudel_ganz.mp4,[1798.6346775719987],2880247
3386127,Indian Half-and-Half (Pycnochromis dimidiatus),Small Ovals - Damselfishes > Damselfishes (Pomacentridae) > Indian Half-and-Half (Pycnochromis dimidiatus),37262,30.10.2024_Milimani_C10_Glasnudel_ganz.mp4,[1798.6346775719987],2880248
3386128,Indian Half-and-Half (Pycnochromis dimidiatus),Small Ovals - Damselfishes > Damselfishes (Pomacentridae) > Indian Half-and-Half (Pycnochromis dimidiatus),37262,30.10.2024_Milimani_C10_Glasnudel_ganz.mp4,[1798.6346775719987],2880249
3386129,Indian Half-and-Half (Pycnochromis dimidiatus),Small Ovals - Damselfishes > Damselfishes (Pomacentridae) > Indian Half-and-Half (Pycnochromis dimidiatus),37262,30.10.2024_Milimani_C10_Glasnudel_ganz.mp4,[1798.6346775719987],2880250
3386130,Indian Half-and-Half (Pycnochromis dimidiatus),Small Ovals - Damselfishes > Damselfishes (Pomacentridae) > Indian Half-and-Half (Pycnochromis dimidiatus),37262,30.10.2024_Milimani_C10_Glasnudel_ganz.mp4,[1798.6346775],2880251
3386131,Indian Half-and-Half (Pycnochromis dimidiatus),Small Ovals - Damselfishes > Damselfishes (Pomacentridae) > Indian Half-and-Half (Pycnochromis dimidiatus),37262,30.10.2024_Milimani_C10_Glasnudel_ganz.mp4,[1798.6346775],2880252
3386132,Indian Half-and-Half (Pycnochromis dimidiatus),Small Ovals - Damselfishes > Damselfishes (Pomacentridae) > Indian Half-and-Half (Pycnochromis dimidiatus),37262,30.10.2024_Milimani_C10_Glasnudel_ganz.mp4,[1798.6346775],2880253
3386133,Indian Half-and-Half (Pycnochromis dimidiatus),Small Ovals - Damselfishes > Damselfishes (Pomacentridae) > Indian Half-and-Half (Pycnochromis dimidiatus),37262,30.10.2024_Milimani_C10_Glasnudel_ganz.mp4,[1798.6346775],2880254
3386134,Indian Half-and-Half (Pycnochromis dimidiatus),Small Ovals - Damselfishes > Damselfishes (Pomacentridae) > Indian Half-and-Half (Pycnochromis dimidiatus),37262,30.10.2024_Milimani_C10_Glasnudel_ganz.mp4,[1798.6346775],2880255
3386135,Indian Half-and-Half (Pycnochromis dimidiatus),Small Ovals - Damselfishes > Damselfishes (Pomacentridae) > Indian Half-and-Half (Pycnochromis dimidiatus),37262,30.10.2024_Milimani_C10_Glasnudel_ganz.mp4,[1798.6346775],2880256
3386136,Indian Half-and-Half (Pycnochromis dimidiatus),Small Ovals - Damselfishes > Damselfishes (Pomacentridae) > Indian Half-and-Half (Pycnochromis dimidiatus),37262,30.10.2024_Milimani_C10_Glasnudel_ganz.mp4,[1798.6346775],2880257
3386137,Indian Half-and-Half (Pycnochromis dimidiatus),Small Ovals - Damselfishes > Damselfishes (Pomacentridae) > Indian Half-and-Half (Pycnochromis dimidiatus),37262,30.10.2024_Milimani_C10_Glasnudel_ganz.mp4,[1798.6346775],2880258
3386138,Indian Half-and-Half (Pycnochromis dimidiatus),Small Ovals - Damselfishes > Damselfishes (Pomacentridae) > Indian Half-and-Half (Pycnochromis dimidiatus),37262,30.10.2024_Milimani_C10_Glasnudel_ganz.mp4,[1798.6346775],2880259
3386139,Indian Half-and-Half (Pycnochromis dimidiatus),Small Ovals - Damselfishes > Damselfishes (Pomacentridae) > Indian Half-and-Half (Pycnochromis dimidiatus),37262,30.10.2024_Milimani_C10_Glasnudel_ganz.mp4,[1798.6346775],2880260
3559259,Jacks/Trevallyes (Carangidae),Silvery > Jacks/Trevallyes (Carangidae),37262,30.10.2024_Milimani_C10_Glasnudel_ganz.mp4,[966.9367428],3042034
3559260,Jacks/Trevallyes (Carangidae),Silvery > Jacks/Trevallyes (Carangidae),37262,30.10.2024_Milimani_C10_Glasnudel_ganz.mp4,[966.9367428],3042035
3559261,Jacks/Trevallyes (Carangidae),Silvery > Jacks/Trevallyes (Carangidae),37262,30.10.2024_Milimani_C10_Glasnudel_ganz.mp4,[966.9367428],3042036
3620532,Redmouth (Aethaloperca rogaa),Heavy Bodies/Large Lips > Groupers (Serranidae) > Redmouth (Aethaloperca rogaa),37262,30.10.2024_Milimani_C10_Glasnudel_ganz.mp4,[655.765143],3079873
3620533,Longnose (Oxymonacanthus longirostris),Odd-shaped Swimmers > Filefishes (Monacanthidae) > Longnose (Oxymonacanthus longirostris),37262,30.10.2024_Milimani_C10_Glasnudel_ganz.mp4,[2954.952876],3079874
