video_annotation_label_id,label_name,label_hierarchy,video_id,video_filename,frames,annotation_id
3386140,Indian Half-and-Half (Pycnochromis dimidiatus),Small Ovals - Damselfishes > Damselfishes (Pomacentridae) > Indian Half-and-Half (Pycnochromis dimidiatus),37263,30.10.2024_Utumbi_C8_Glasnudel_ganz.mp4,[1.082301308],2880261
3386141,Brown Pigmy (Centropyge multispinis),Disk-shaped/Colourful > Angelfishes (Pomacanthidae) > Brown Pigmy (Centropyge multispinis),37263,30.10.2024_Utumbi_C8_Glasnudel_ganz.mp4,[3.8159340443323337],2880262
3386142,Parrotfishes (Scaridae),Parrotfishes > Parrotfishes (Scaridae),37263,30.10.2024_Utumbi_C8_Glasnudel_ganz.mp4,[4.788441483667415],2880263
3386143,Whitetail (Acanthurus thompsoni),Large Ovals > Surgeonfishes (Acanthuridae) > Whitetail (Acanthurus thompsoni),37263,30.10.2024_Utumbi_C8_Glasnudel_ganz.mp4,[7.544921348340084],2880264
3386576,Green (Amblyglyphidodon indicus),Small Ovals - Damselfishes > Damselfishes (Pomacentridae) > Green (Amblyglyphidodon indicus),37263,30.10.2024_Utumbi_C8_Glasnudel_ganz.mp4,[11.528430581671921],2880697
3386579,Goldbar (Thalassoma hebraicum),Wrasses > Wrasses (Labridae) > Goldbar (Thalassoma hebraicum),37263,30.10.2024_Utumbi_C8_Glasnudel_ganz.mp4,[14.338274228002497],2880700
3386621,Whitetail (Acanthurus thompsoni),Large Ovals > Surgeonfishes (Acanthuridae) > Whitetail (Acanthurus thompsoni),37263,30.10.2024_Utumbi_C8_Glasnudel_ganz.mp4,[29.63797179233261],2880742
3386622,Whitetail (Acanthurus thompsoni),Large Ovals > Surgeonfishes (Acanthuridae) > Whitetail (Acanthurus thompsoni),37263,30.10.2024_Utumbi_C8_Glasnudel_ganz.mp4,[29.63797179233261],2880743
3386623,Whitetail (Acanthurus thompsoni),Large Ovals > Surgeonfishes (Acanthuridae) > Whitetail (Acanthurus thompsoni),37263,30.10.2024_Utumbi_C8_Glasnudel_ganz.mp4,[45.198157756326076],2880744
3386624,Whitetail (Acanthurus thompsoni),Large Ovals > Surgeonfishes (Acanthuridae) > Whitetail (Acanthurus thompsoni),37263,30.10.2024_Utumbi_C8_Glasnudel_ganz.mp4,[45.198157756326076],2880745
3386625,Whitetail (Acanthurus thompsoni),Large Ovals > Surgeonfishes (Acanthuridae) > Whitetail (Acanthurus thompsoni),37263,30.10.2024_Utumbi_C8_Glasnudel_ganz.mp4,[45.198157756326076],2880746
3386626,Green (Amblyglyphidodon indicus),Small Ovals - Damselfishes > Damselfishes (Pomacentridae) > Green (Amblyglyphidodon indicus),37263,30.10.2024_Utumbi_C8_Glasnudel_ganz.mp4,[49.05230208232806],2880747
3386627,Green (Amblyglyphidodon indicus),Small Ovals - Damselfishes > Damselfishes (Pomacentridae) > Green (Amblyglyphidodon indicus),37263,30.10.2024_Utumbi_C8_Glasnudel_ganz.mp4,[49.05230208232806],2880748
3386628,Red (Lutjanus bohar),Sloping Heads > Snappers (Lutjanidae) > Red (Lutjanus bohar),37263,30.10.2024_Utumbi_C8_Glasnudel_ganz.mp4,[51.56525114100603],2880749
3386629,Bullethead (Chlorurus sordidus),Parrotfishes > Parrotfishes (Scaridae) > Bullethead (Chlorurus sordidus),37263,30.10.2024_Utumbi_C8_Glasnudel_ganz.mp4,[52.997151325674984],2880750
3386630,Elegant Unicorn (Naso elegans),Large Ovals > Surgeonfishes (Acanthuridae) > Elegant Unicorn (Naso elegans),37263,30.10.2024_Utumbi_C8_Glasnudel_ganz.mp4,[61.11198998833097],2880751
3386631,Orange-lined (Balistapus undulatus),Odd-shaped Swimmers > Triggerfishes (Balistidae) > Orange-lined (Balistapus undulatus),37263,30.10.2024_Utumbi_C8_Glasnudel_ganz.mp4,[64.23286882934217],2880752
3386632,Mozambique Fangblenny (Meiacanthus mossambicus),Blennies > Blennies (Blenniidae) > Mozambique Fangblenny (Meiacanthus mossambicus),37263,30.10.2024_Utumbi_C8_Glasnudel_ganz.mp4,[80.36914154866538],2880753
3386633,Goldbar (Thalassoma hebraicum),Wrasses > Wrasses (Labridae) > Goldbar (Thalassoma hebraicum),37263,30.10.2024_Utumbi_C8_Glasnudel_ganz.mp4,[90.96281301634104],2880754
3386634,Goldbar (Thalassoma hebraicum),Wrasses > Wrasses (Labridae) > Goldbar (Thalassoma hebraicum),37263,30.10.2024_Utumbi_C8_Glasnudel_ganz.mp4,[90.96281301634104],2880755
3386636,Lined Bristletooth (Ctenochaetus striatus),Large Ovals > Surgeonfishes (Acanthuridae) > Lined Bristletooth (Ctenochaetus striatus),37263,30.10.2024_Utumbi_C8_Glasnudel_ganz.mp4,[94.68091481165567],2880757
3386638,Genus Soldier (Myripristis),Reddish/Big Eyes > Soldier-&Squirrelfishes (Holocentridae) > Genus Soldier (Myripristis),37263,30.10.2024_Utumbi_C8_Glasnudel_ganz.mp4,[100.87134940233058],2880759
3386639,Genus Soldier (Myripristis),Reddish/Big Eyes > Soldier-&Squirrelfishes (Holocentridae) > Genus Soldier (Myripristis),37263,30.10.2024_Utumbi_C8_Glasnudel_ganz.mp4,[100.2339282823415],2880760
3386640,Genus Soldier (Myripristis),Reddish/Big Eyes > Soldier-&Squirrelfishes (Holocentridae) > Genus Soldier (Myripristis),37263,30.10.2024_Utumbi_C8_Glasnudel_ganz.mp4,[100.2339282823415],2880761
3386641,Ternate (Chromis ternatensis),Small Ovals - Damselfishes > Damselfishes (Pomacentridae) > Ternate (Chromis ternatensis),37263,30.10.2024_Utumbi_C8_Glasnudel_ganz.mp4,[102.00881577166412],2880762
3386642,Checkerboard (Halichoeres hortulanus),Wrasses > Wrasses (Labridae) > Checkerboard (Halichoeres hortulanus),37263,30.10.2024_Utumbi_C8_Glasnudel_ganz.mp4,[111.45944827667591],2880763
3386643,Longbarbel (Parupeneus macronemus),Odd-shaped Swimmers > Goatfishes (Mullidae) > Longbarbel (Parupeneus macronemus),37263,30.10.2024_Utumbi_C8_Glasnudel_ganz.mp4,[111.78388040865435],2880764
3386644,Disappearing (Pseudocheilinus evanidus),Wrasses > Wrasses (Labridae) > Disappearing (Pseudocheilinus evanidus),37263,30.10.2024_Utumbi_C8_Glasnudel_ganz.mp4,[124.31319426266451],2880765
3386645,Groupers (Serranidae),Heavy Bodies/Large Lips > Groupers (Serranidae),37263,30.10.2024_Utumbi_C8_Glasnudel_ganz.mp4,[124.31319426266451],2880766
3386646,Genus Squirrel (Sargocentron),Reddish/Big Eyes > Soldier-&Squirrelfishes (Holocentridae) > Genus Squirrel (Sargocentron),37263,30.10.2024_Utumbi_C8_Glasnudel_ganz.mp4,[156.07956384333096],2880767
3386648,Leopard (Cephalopholis leopardus),Heavy Bodies/Large Lips > Groupers (Serranidae) > Leopard (Cephalopholis leopardus),37263,30.10.2024_Utumbi_C8_Glasnudel_ganz.mp4,[204.2870188273349],2880769
3386649,Axilspot Hogfish (Bodianus axillaris),Wrasses > Wrasses (Labridae) > Axilspot Hogfish (Bodianus axillaris),37263,30.10.2024_Utumbi_C8_Glasnudel_ganz.mp4,[211.31924729599783],2880770
3386652,Lined Bristletooth (Ctenochaetus striatus),Large Ovals > Surgeonfishes (Acanthuridae) > Lined Bristletooth (Ctenochaetus striatus),37263,30.10.2024_Utumbi_C8_Glasnudel_ganz.mp4,[242.53348277666626],2880773
3386653,Lined Bristletooth (Ctenochaetus striatus),Large Ovals > Surgeonfishes (Acanthuridae) > Lined Bristletooth (Ctenochaetus striatus),37263,30.10.2024_Utumbi_C8_Glasnudel_ganz.mp4,[242.53348277666626],2880774
3386654,Lined Bristletooth (Ctenochaetus striatus),Large Ovals > Surgeonfishes (Acanthuridae) > Lined Bristletooth (Ctenochaetus striatus),37263,30.10.2024_Utumbi_C8_Glasnudel_ganz.mp4,[242.5334827],2880775
3386655,Barred (Hemigymnus fasciatus),Wrasses > Wrasses (Labridae) > Barred (Hemigymnus fasciatus),37263,30.10.2024_Utumbi_C8_Glasnudel_ganz.mp4,[279.6775430906616],2880776
3386656,Indian Half-and-Half (Pycnochromis dimidiatus),Small Ovals - Damselfishes > Damselfishes (Pomacentridae) > Indian Half-and-Half (Pycnochromis dimidiatus),37263,30.10.2024_Utumbi_C8_Glasnudel_ganz.mp4,[279.6775430906616],2880777
3386657,Indian Half-and-Half (Pycnochromis dimidiatus),Small Ovals - Damselfishes > Damselfishes (Pomacentridae) > Indian Half-and-Half (Pycnochromis dimidiatus),37263,30.10.2024_Utumbi_C8_Glasnudel_ganz.mp4,[279.6775430906616],2880778
3386658,Indian Half-and-Half (Pycnochromis dimidiatus),Small Ovals - Damselfishes > Damselfishes (Pomacentridae) > Indian Half-and-Half (Pycnochromis dimidiatus),37263,30.10.2024_Utumbi_C8_Glasnudel_ganz.mp4,[279.6775430906616],2880779
3386659,Indian Half-and-Half (Pycnochromis dimidiatus),Small Ovals - Damselfishes > Damselfishes (Pomacentridae) > Indian Half-and-Half (Pycnochromis dimidiatus),37263,30.10.2024_Utumbi_C8_Glasnudel_ganz.mp4,[279.6775430906616],2880780
3386660,Indian Half-and-Half (Pycnochromis dimidiatus),Small Ovals - Damselfishes > Damselfishes (Pomacentridae) > Indian Half-and-Half (Pycnochromis dimidiatus),37263,30.10.2024_Utumbi_C8_Glasnudel_ganz.mp4,[279.6775430906616],2880781
3386661,Indian Half-and-Half (Pycnochromis dimidiatus),Small Ovals - Damselfishes > Damselfishes (Pomacentridae) > Indian Half-and-Half (Pycnochromis dimidiatus),37263,30.10.2024_Utumbi_C8_Glasnudel_ganz.mp4,[279.6775430906616],2880782
3386662,Indian Half-and-Half (Pycnochromis dimidiatus),Small Ovals - Damselfishes > Damselfishes (Pomacentridae) > Indian Half-and-Half (Pycnochromis dimidiatus),37263,30.10.2024_Utumbi_C8_Glasnudel_ganz.mp4,[279.6775430906616],2880783
3386663,Indian Half-and-Half (Pycnochromis dimidiatus),Small Ovals - Damselfishes > Damselfishes (Pomacentridae) > Indian Half-and-Half (Pycnochromis dimidiatus),37263,30.10.2024_Utumbi_C8_Glasnudel_ganz.mp4,[279.6775430906616],2880784
3386664,Indian Half-and-Half (Pycnochromis dimidiatus),Small Ovals - Damselfishes > Damselfishes (Pomacentridae) > Indian Half-and-Half (Pycnochromis dimidiatus),37263,30.10.2024_Utumbi_C8_Glasnudel_ganz.mp4,[279.6775430906616],2880785
3386665,Indian Half-and-Half (Pycnochromis dimidiatus),Small Ovals - Damselfishes > Damselfishes (Pomacentridae) > Indian Half-and-Half (Pycnochromis dimidiatus),37263,30.10.2024_Utumbi_C8_Glasnudel_ganz.mp4,[279.6775430906616],2880786
3386666,Indian Half-and-Half (Pycnochromis dimidiatus),Small Ovals - Damselfishes > Damselfishes (Pomacentridae) > Indian Half-and-Half (Pycnochromis dimidiatus),37263,30.10.2024_Utumbi_C8_Glasnudel_ganz.mp4,[279.6775430906616],2880787
3386667,Indian Half-and-Half (Pycnochromis dimidiatus),Small Ovals - Damselfishes > Damselfishes (Pomacentridae) > Indian Half-and-Half (Pycnochromis dimidiatus),37263,30.10.2024_Utumbi_C8_Glasnudel_ganz.mp4,[279.6775430906616],2880788
3386668,Indian Half-and-Half (Pycnochromis dimidiatus),Small Ovals - Damselfishes > Damselfishes (Pomacentridae) > Indian Half-and-Half (Pycnochromis dimidiatus),37263,30.10.2024_Utumbi_C8_Glasnudel_ganz.mp4,[279.6775430906616],2880789
3386669,Indian Half-and-Half (Pycnochromis dimidiatus),Small Ovals - Damselfishes > Damselfishes (Pomacentridae) > Indian Half-and-Half (Pycnochromis dimidiatus),37263,30.10.2024_Utumbi_C8_Glasnudel_ganz.mp4,[279.6775430906616],2880790
3386670,Indian Half-and-Half (Pycnochromis dimidiatus),Small Ovals - Damselfishes > Damselfishes (Pomacentridae) > Indian Half-and-Half (Pycnochromis dimidiatus),37263,30.10.2024_Utumbi_C8_Glasnudel_ganz.mp4,[279.6775430906616],2880791
3386671,Indian Half-and-Half (Pycnochromis dimidiatus),Small Ovals - Damselfishes > Damselfishes (Pomacentridae) > Indian Half-and-Half (Pycnochromis dimidiatus),37263,30.10.2024_Utumbi_C8_Glasnudel_ganz.mp4,[279.6775430906616],2880792
3386672,Indian Half-and-Half (Pycnochromis dimidiatus),Small Ovals - Damselfishes > Damselfishes (Pomacentridae) > Indian Half-and-Half (Pycnochromis dimidiatus),37263,30.10.2024_Utumbi_C8_Glasnudel_ganz.mp4,[279.6775430906616],2880793
3386673,Indian Half-and-Half (Pycnochromis dimidiatus),Small Ovals - Damselfishes > Damselfishes (Pomacentridae) > Indian Half-and-Half (Pycnochromis dimidiatus),37263,30.10.2024_Utumbi_C8_Glasnudel_ganz.mp4,[279.6775430906616],2880794
3386674,Indian Half-and-Half (Pycnochromis dimidiatus),Small Ovals - Damselfishes > Damselfishes (Pomacentridae) > Indian Half-and-Half (Pycnochromis dimidiatus),37263,30.10.2024_Utumbi_C8_Glasnudel_ganz.mp4,[279.6775430906616],2880795
3386675,Indian Half-and-Half (Pycnochromis dimidiatus),Small Ovals - Damselfishes > Damselfishes (Pomacentridae) > Indian Half-and-Half (Pycnochromis dimidiatus),37263,30.10.2024_Utumbi_C8_Glasnudel_ganz.mp4,[279.6775430906616],2880796
3386676,Indian Half-and-Half (Pycnochromis dimidiatus),Small Ovals - Damselfishes > Damselfishes (Pomacentridae) > Indian Half-and-Half (Pycnochromis dimidiatus),37263,30.10.2024_Utumbi_C8_Glasnudel_ganz.mp4,[279.6775430906616],2880797
3386677,Indian Half-and-Half (Pycnochromis dimidiatus),Small Ovals - Damselfishes > Damselfishes (Pomacentridae) > Indian Half-and-Half (Pycnochromis dimidiatus),37263,30.10.2024_Utumbi_C8_Glasnudel_ganz.mp4,[279.6775430906616],2880798
3386678,Indian Half-and-Half (Pycnochromis dimidiatus),Small Ovals - Damselfishes > Damselfishes (Pomacentridae) > Indian Half-and-Half (Pycnochromis dimidiatus),37263,30.10.2024_Utumbi_C8_Glasnudel_ganz.mp4,[279.6775430906616],2880799
3386679,Indian Half-and-Half (Pycnochromis dimidiatus),Small Ovals - Damselfishes > Damselfishes (Pomacentridae) > Indian Half-and-Half (Pycnochromis dimidiatus),37263,30.10.2024_Utumbi_C8_Glasnudel_ganz.mp4,[279.6775430906616],2880800
3386680,Indian Half-and-Half (Pycnochromis dimidiatus),Small Ovals - Damselfishes > Damselfishes (Pomacentridae) > Indian Half-and-Half (Pycnochromis dimidiatus),37263,30.10.2024_Utumbi_C8_Glasnudel_ganz.mp4,[279.6775430906616],2880801
3386681,Indian Half-and-Half (Pycnochromis dimidiatus),Small Ovals - Damselfishes > Damselfishes (Pomacentridae) > Indian Half-and-Half (Pycnochromis dimidiatus),37263,30.10.2024_Utumbi_C8_Glasnudel_ganz.mp4,[279.6775430906616],2880802
3386682,Indian Half-and-Half (Pycnochromis dimidiatus),Small Ovals - Damselfishes > Damselfishes (Pomacentridae) > Indian Half-and-Half (Pycnochromis dimidiatus),37263,30.10.2024_Utumbi_C8_Glasnudel_ganz.mp4,[279.6775430906616],2880803
3386683,Indian Half-and-Half (Pycnochromis dimidiatus),Small Ovals - Damselfishes > Damselfishes (Pomacentridae) > Indian Half-and-Half (Pycnochromis dimidiatus),37263,30.10.2024_Utumbi_C8_Glasnudel_ganz.mp4,[279.6775430906616],2880804
3386684,Indian Half-and-Half (Pycnochromis dimidiatus),Small Ovals - Damselfishes > Damselfishes (Pomacentridae) > Indian Half-and-Half (Pycnochromis dimidiatus),37263,30.10.2024_Utumbi_C8_Glasnudel_ganz.mp4,[279.6775430906616],2880805
3386685,Indian Half-and-Half (Pycnochromis dimidiatus),Small Ovals - Damselfishes > Damselfishes (Pomacentridae) > Indian Half-and-Half (Pycnochromis dimidiatus),37263,30.10.2024_Utumbi_C8_Glasnudel_ganz.mp4,[279.6775430906616],2880806
3386686,Indian Half-and-Half (Pycnochromis dimidiatus),Small Ovals - Damselfishes > Damselfishes (Pomacentridae) > Indian Half-and-Half (Pycnochromis dimidiatus),37263,30.10.2024_Utumbi_C8_Glasnudel_ganz.mp4,[279.677543],2880807
3386687,Indian Half-and-Half (Pycnochromis dimidiatus),Small Ovals - Damselfishes > Damselfishes (Pomacentridae) > Indian Half-and-Half (Pycnochromis dimidiatus),37263,30.10.2024_Utumbi_C8_Glasnudel_ganz.mp4,[279.677543],2880808
3386688,Indian Half-and-Half (Pycnochromis dimidiatus),Small Ovals - Damselfishes > Damselfishes (Pomacentridae) > Indian Half-and-Half (Pycnochromis dimidiatus),37263,30.10.2024_Utumbi_C8_Glasnudel_ganz.mp4,[279.677543],2880809
3386689,Indian Half-and-Half (Pycnochromis dimidiatus),Small Ovals - Damselfishes > Damselfishes (Pomacentridae) > Indian Half-and-Half (Pycnochromis dimidiatus),37263,30.10.2024_Utumbi_C8_Glasnudel_ganz.mp4,[279.677543],2880810
3386691,Orange-lined (Balistapus undulatus),Odd-shaped Swimmers > Triggerfishes (Balistidae) > Orange-lined (Balistapus undulatus),37263,30.10.2024_Utumbi_C8_Glasnudel_ganz.mp4,[311.02611600166654],2880812
3386692,Orange-lined (Balistapus undulatus),Odd-shaped Swimmers > Triggerfishes (Balistidae) > Orange-lined (Balistapus undulatus),37263,30.10.2024_Utumbi_C8_Glasnudel_ganz.mp4,[311.02611600166654],2880813
3386693,Genus Naso,Large Ovals > Surgeonfishes (Acanthuridae) > Genus Naso,37263,30.10.2024_Utumbi_C8_Glasnudel_ganz.mp4,[332.17298079066677],2880814
3386694,Parrotfishes (Scaridae),Parrotfishes > Parrotfishes (Scaridae),37263,30.10.2024_Utumbi_C8_Glasnudel_ganz.mp4,[362.54756118166074],2880815
3386695,Parrotfishes (Scaridae),Parrotfishes > Parrotfishes (Scaridae),37263,30.10.2024_Utumbi_C8_Glasnudel_ganz.mp4,[362.54756118166074],2880816
3386696,Disappearing (Pseudocheilinus evanidus),Wrasses > Wrasses (Labridae) > Disappearing (Pseudocheilinus evanidus),37263,30.10.2024_Utumbi_C8_Glasnudel_ganz.mp4,[387.41642995033686],2880817
3386697,Disappearing (Pseudocheilinus evanidus),Wrasses > Wrasses (Labridae) > Disappearing (Pseudocheilinus evanidus),37263,30.10.2024_Utumbi_C8_Glasnudel_ganz.mp4,[387.41642995033686],2880818
3386698,Disappearing (Pseudocheilinus evanidus),Wrasses > Wrasses (Labridae) > Disappearing (Pseudocheilinus evanidus),37263,30.10.2024_Utumbi_C8_Glasnudel_ganz.mp4,[387.41642995033686],2880819
3386700,Brown Pigmy (Centropyge multispinis),Disk-shaped/Colourful > Angelfishes (Pomacanthidae) > Brown Pigmy (Centropyge multispinis),37263,30.10.2024_Utumbi_C8_Glasnudel_ganz.mp4,[405.8873534323454],2880821
3386701,Brown Pigmy (Centropyge multispinis),Disk-shaped/Colourful > Angelfishes (Pomacanthidae) > Brown Pigmy (Centropyge multispinis),37263,30.10.2024_Utumbi_C8_Glasnudel_ganz.mp4,[405.8873534323454],2880822
3386702,Brown Pigmy (Centropyge multispinis),Disk-shaped/Colourful > Angelfishes (Pomacanthidae) > Brown Pigmy (Centropyge multispinis),37263,30.10.2024_Utumbi_C8_Glasnudel_ganz.mp4,[405.8873534323454],2880823
3386703,Genus Chromis,Small Ovals - Damselfishes > Damselfishes (Pomacentridae) > Genus Chromis,37263,30.10.2024_Utumbi_C8_Glasnudel_ganz.mp4,[443.92387432466984],2880824
3386705,Regal (Pygoplites diacanthus),Disk-shaped/Colourful > Angelfishes (Pomacanthidae) > Regal (Pygoplites diacanthus),37263,30.10.2024_Utumbi_C8_Glasnudel_ganz.mp4,[480.4914592926672],2880826
3386707,False-eye (Abudefduf sparoides),Small Ovals - Damselfishes > Damselfishes (Pomacentridae) > False-eye (Abudefduf sparoides),37263,30.10.2024_Utumbi_C8_Glasnudel_ganz.mp4,[497.179778858],2880828
3386708,Bird wrasse (Gomphosus caeruleus),Wrasses > Wrasses (Labridae) > Bird wrasse (Gomphosus caeruleus),37263,30.10.2024_Utumbi_C8_Glasnudel_ganz.mp4,[562.912418944],2880829
3386710,Bird wrasse (Gomphosus caeruleus),Wrasses > Wrasses (Labridae) > Bird wrasse (Gomphosus caeruleus),37263,30.10.2024_Utumbi_C8_Glasnudel_ganz.mp4,[564.5585315829987],2880831
3386711,Bird wrasse (Gomphosus caeruleus),Wrasses > Wrasses (Labridae) > Bird wrasse (Gomphosus caeruleus),37263,30.10.2024_Utumbi_C8_Glasnudel_ganz.mp4,[564.5585315829987],2880832
3386712,Genus Soldier (Myripristis),Reddish/Big Eyes > Soldier-&Squirrelfishes (Holocentridae) > Genus Soldier (Myripristis),37263,30.10.2024_Utumbi_C8_Glasnudel_ganz.mp4,[573.6323409319946],2880833
3386713,Genus Soldier (Myripristis),Reddish/Big Eyes > Soldier-&Squirrelfishes (Holocentridae) > Genus Soldier (Myripristis),37263,30.10.2024_Utumbi_C8_Glasnudel_ganz.mp4,[573.6323409319946],2880834
3386714,Genus Soldier (Myripristis),Reddish/Big Eyes > Soldier-&Squirrelfishes (Holocentridae) > Genus Soldier (Myripristis),37263,30.10.2024_Utumbi_C8_Glasnudel_ganz.mp4,[573.6323409319946],2880835
3386715,Five-saddle (Scarus saber),Parrotfishes > Parrotfishes (Scaridae) > Five-saddle (Scarus saber),37263,30.10.2024_Utumbi_C8_Glasnudel_ganz.mp4,[576.2851819436667],2880836
3386716,Trumpetfish (Aulostomus chinensis),Odd-shaped Swimmers > Trumpetfishes (Aulostomidae) > Trumpetfish (Aulostomus chinensis),37263,30.10.2024_Utumbi_C8_Glasnudel_ganz.mp4,[651.7601192156664],2880837
3386717,Redmouth (Aethaloperca rogaa),Heavy Bodies/Large Lips > Groupers (Serranidae) > Redmouth (Aethaloperca rogaa),37263,30.10.2024_Utumbi_C8_Glasnudel_ganz.mp4,[679.3883810036696],2880838
3386718,Blue-green (Chromis viridis),Small Ovals - Damselfishes > Damselfishes (Pomacentridae) > Blue-green (Chromis viridis),37263,30.10.2024_Utumbi_C8_Glasnudel_ganz.mp4,[703.7623230653381],2880839
3386719,Blue-green (Chromis viridis),Small Ovals - Damselfishes > Damselfishes (Pomacentridae) > Blue-green (Chromis viridis),37263,30.10.2024_Utumbi_C8_Glasnudel_ganz.mp4,[703.7623230653381],2880840
3386720,Blue-green (Chromis viridis),Small Ovals - Damselfishes > Damselfishes (Pomacentridae) > Blue-green (Chromis viridis),37263,30.10.2024_Utumbi_C8_Glasnudel_ganz.mp4,[703.7623230653381],2880841
3386721,Blue-green (Chromis viridis),Small Ovals - Damselfishes > Damselfishes (Pomacentridae) > Blue-green (Chromis viridis),37263,30.10.2024_Utumbi_C8_Glasnudel_ganz.mp4,[703.7623230653381],2880842
3386722,Blue-green (Chromis viridis),Small Ovals - Damselfishes > Damselfishes (Pomacentridae) > Blue-green (Chromis viridis),37263,30.10.2024_Utumbi_C8_Glasnudel_ganz.mp4,[703.762323],2880843
3386723,Redmouth (Aethaloperca rogaa),Heavy Bodies/Large Lips > Groupers (Serranidae) > Redmouth (Aethaloperca rogaa),37263,30.10.2024_Utumbi_C8_Glasnudel_ganz.mp4,[717.5941528183297],2880844
3386724,Redmouth (Aethaloperca rogaa),Heavy Bodies/Large Lips > Groupers (Serranidae) > Redmouth (Aethaloperca rogaa),37263,30.10.2024_Utumbi_C8_Glasnudel_ganz.mp4,[717.5941528183297],2880845
3386725,Honeycomb (Siganus stellatus),Large Ovals > Rabbitfishes (Siganidae) > Honeycomb (Siganus stellatus),37263,30.10.2024_Utumbi_C8_Glasnudel_ganz.mp4,[736.0494278136771],2880846
3386726,Honeycomb (Siganus stellatus),Large Ovals > Rabbitfishes (Siganidae) > Honeycomb (Siganus stellatus),37263,30.10.2024_Utumbi_C8_Glasnudel_ganz.mp4,[736.0494278136771],2880847
3386727,Honeycomb (Siganus stellatus),Large Ovals > Rabbitfishes (Siganidae) > Honeycomb (Siganus stellatus),37263,30.10.2024_Utumbi_C8_Glasnudel_ganz.mp4,[739.6042599346714],2880848
3386728,Genus Squirrel (Sargocentron),Reddish/Big Eyes > Soldier-&Squirrelfishes (Holocentridae) > Genus Squirrel (Sargocentron),37263,30.10.2024_Utumbi_C8_Glasnudel_ganz.mp4,[767.824018173663],2880849
3386729,Genus Squirrel (Sargocentron),Reddish/Big Eyes > Soldier-&Squirrelfishes (Holocentridae) > Genus Squirrel (Sargocentron),37263,30.10.2024_Utumbi_C8_Glasnudel_ganz.mp4,[767.824018173663],2880850
3386730,Genus Squirrel (Sargocentron),Reddish/Big Eyes > Soldier-&Squirrelfishes (Holocentridae) > Genus Squirrel (Sargocentron),37263,30.10.2024_Utumbi_C8_Glasnudel_ganz.mp4,[824.0197885583331],2880851
3386731,Genus Squirrel (Sargocentron),Reddish/Big Eyes > Soldier-&Squirrelfishes (Holocentridae) > Genus Squirrel (Sargocentron),37263,30.10.2024_Utumbi_C8_Glasnudel_ganz.mp4,[824.0197885583331],2880852
3386732,Genus Squirrel (Sargocentron),Reddish/Big Eyes > Soldier-&Squirrelfishes (Holocentridae) > Genus Squirrel (Sargocentron),37263,30.10.2024_Utumbi_C8_Glasnudel_ganz.mp4,[824.0197885583331],2880853
3386733,Genus Squirrel (Sargocentron),Reddish/Big Eyes > Soldier-&Squirrelfishes (Holocentridae) > Genus Squirrel (Sargocentron),37263,30.10.2024_Utumbi_C8_Glasnudel_ganz.mp4,[824.0197885],2880854
3386736,Parrotfishes (Scaridae),Parrotfishes > Parrotfishes (Scaridae),37263,30.10.2024_Utumbi_C8_Glasnudel_ganz.mp4,[953.3465887746707],2880857
3386737,Parrotfishes (Scaridae),Parrotfishes > Parrotfishes (Scaridae),37263,30.10.2024_Utumbi_C8_Glasnudel_ganz.mp4,[953.3465887746707],2880858
3386738,Parrotfishes (Scaridae),Parrotfishes > Parrotfishes (Scaridae),37263,30.10.2024_Utumbi_C8_Glasnudel_ganz.mp4,[953.3465887746707],2880859
3386739,Parrotfishes (Scaridae),Parrotfishes > Parrotfishes (Scaridae),37263,30.10.2024_Utumbi_C8_Glasnudel_ganz.mp4,[953.3465887746707],2880860
3386740,Parrotfishes (Scaridae),Parrotfishes > Parrotfishes (Scaridae),37263,30.10.2024_Utumbi_C8_Glasnudel_ganz.mp4,[1235.9694083],2880861
3386741,Parrotfishes (Scaridae),Parrotfishes > Parrotfishes (Scaridae),37263,30.10.2024_Utumbi_C8_Glasnudel_ganz.mp4,[1235.9694083],2880862
3386742,Parrotfishes (Scaridae),Parrotfishes > Parrotfishes (Scaridae),37263,30.10.2024_Utumbi_C8_Glasnudel_ganz.mp4,[1235.9694083],2880863
3386743,Parrotfishes (Scaridae),Parrotfishes > Parrotfishes (Scaridae),37263,30.10.2024_Utumbi_C8_Glasnudel_ganz.mp4,[1235.9694083],2880864
3386744,Parrotfishes (Scaridae),Parrotfishes > Parrotfishes (Scaridae),37263,30.10.2024_Utumbi_C8_Glasnudel_ganz.mp4,[1235.9694083],2880865
3386745,Parrotfishes (Scaridae),Parrotfishes > Parrotfishes (Scaridae),37263,30.10.2024_Utumbi_C8_Glasnudel_ganz.mp4,[1235.9694083],2880866
3386746,Parrotfishes (Scaridae),Parrotfishes > Parrotfishes (Scaridae),37263,30.10.2024_Utumbi_C8_Glasnudel_ganz.mp4,[1235.9694083],2880867
3386747,Parrotfishes (Scaridae),Parrotfishes > Parrotfishes (Scaridae),37263,30.10.2024_Utumbi_C8_Glasnudel_ganz.mp4,[1235.9694083],2880868
3386748,Blue-streak (Labroides dimidiatus),Wrasses > Wrasses (Labridae) > Blue-streak (Labroides dimidiatus),37263,30.10.2024_Utumbi_C8_Glasnudel_ganz.mp4,[90.68731489466855],2880869
3386749,Bicolor (Labroides bicolor),Wrasses > Wrasses (Labridae) > Bicolor (Labroides bicolor),37263,30.10.2024_Utumbi_C8_Glasnudel_ganz.mp4,[1241.6227996329942],2880870
3396311,Wrasses (Labridae),Wrasses > Wrasses (Labridae),37263,30.10.2024_Utumbi_C8_Glasnudel_ganz.mp4,[1280.948509],2890407
3396320,Freckled (Paracirrhites forsteri),Heavy Bodies/Large Lips > Hawkfishes (Cirrhitidae) > Freckled (Paracirrhites forsteri),37263,30.10.2024_Utumbi_C8_Glasnudel_ganz.mp4,[1316.9920983],2890416
3396383,Wrasses (Labridae),Wrasses > Wrasses (Labridae),37263,30.10.2024_Utumbi_C8_Glasnudel_ganz.mp4,[1383.9830309],2890479
3396384,Wrasses (Labridae),Wrasses > Wrasses (Labridae),37263,30.10.2024_Utumbi_C8_Glasnudel_ganz.mp4,[1383.9830309],2890480
3396556,Moorish Idol (Zanclus cornutus),Large Ovals > Moorish Idol (Zanclidae) > Moorish Idol (Zanclus cornutus),37263,30.10.2024_Utumbi_C8_Glasnudel_ganz.mp4,[1544.1317523],2890652
3396690,Moon (Thalassoma lunare),Wrasses > Wrasses (Labridae) > Moon (Thalassoma lunare),37263,30.10.2024_Utumbi_C8_Glasnudel_ganz.mp4,[1781.4538486],2890786
3396797,Wrasses (Labridae),Wrasses > Wrasses (Labridae),37263,30.10.2024_Utumbi_C8_Glasnudel_ganz.mp4,[2046.5592676],2890893
3396827,Stareye (Calotomus carolinus),Parrotfishes > Parrotfishes (Scaridae) > Stareye (Calotomus carolinus),37263,30.10.2024_Utumbi_C8_Glasnudel_ganz.mp4,[2136.8149081],2890923
3396853,Bullethead (Chlorurus sordidus),Parrotfishes > Parrotfishes (Scaridae) > Bullethead (Chlorurus sordidus),37263,30.10.2024_Utumbi_C8_Glasnudel_ganz.mp4,[2246.5782168],2890949
3396854,Bullethead (Chlorurus sordidus),Parrotfishes > Parrotfishes (Scaridae) > Bullethead (Chlorurus sordidus),37263,30.10.2024_Utumbi_C8_Glasnudel_ganz.mp4,[2246.5782168],2890950
3396855,Bullethead (Chlorurus sordidus),Parrotfishes > Parrotfishes (Scaridae) > Bullethead (Chlorurus sordidus),37263,30.10.2024_Utumbi_C8_Glasnudel_ganz.mp4,[2246.5782168],2890951
3396913,Parrotfishes (Scaridae),Parrotfishes > Parrotfishes (Scaridae),37263,30.10.2024_Utumbi_C8_Glasnudel_ganz.mp4,[2283.7728073],2891009
3396914,Parrotfishes (Scaridae),Parrotfishes > Parrotfishes (Scaridae),37263,30.10.2024_Utumbi_C8_Glasnudel_ganz.mp4,[2283.7728073],2891010
3396915,Parrotfishes (Scaridae),Parrotfishes > Parrotfishes (Scaridae),37263,30.10.2024_Utumbi_C8_Glasnudel_ganz.mp4,[2283.7728073],2891011
3396916,Parrotfishes (Scaridae),Parrotfishes > Parrotfishes (Scaridae),37263,30.10.2024_Utumbi_C8_Glasnudel_ganz.mp4,[2283.7728073],2891012
3396917,Parrotfishes (Scaridae),Parrotfishes > Parrotfishes (Scaridae),37263,30.10.2024_Utumbi_C8_Glasnudel_ganz.mp4,[2283.7728073],2891013
3396918,Parrotfishes (Scaridae),Parrotfishes > Parrotfishes (Scaridae),37263,30.10.2024_Utumbi_C8_Glasnudel_ganz.mp4,[2283.7728073],2891014
3396919,Parrotfishes (Scaridae),Parrotfishes > Parrotfishes (Scaridae),37263,30.10.2024_Utumbi_C8_Glasnudel_ganz.mp4,[2283.7728073],2891015
3396926,Parrotfishes (Scaridae),Parrotfishes > Parrotfishes (Scaridae),37263,30.10.2024_Utumbi_C8_Glasnudel_ganz.mp4,[2283.7728073],2891022
3396927,Parrotfishes (Scaridae),Parrotfishes > Parrotfishes (Scaridae),37263,30.10.2024_Utumbi_C8_Glasnudel_ganz.mp4,[2283.7728073],2891023
3396928,Parrotfishes (Scaridae),Parrotfishes > Parrotfishes (Scaridae),37263,30.10.2024_Utumbi_C8_Glasnudel_ganz.mp4,[2283.7728073],2891024
3396929,Parrotfishes (Scaridae),Parrotfishes > Parrotfishes (Scaridae),37263,30.10.2024_Utumbi_C8_Glasnudel_ganz.mp4,[2283.7728073],2891025
3396930,Parrotfishes (Scaridae),Parrotfishes > Parrotfishes (Scaridae),37263,30.10.2024_Utumbi_C8_Glasnudel_ganz.mp4,[2283.7728073],2891026
3396933,Parrotfishes (Scaridae),Parrotfishes > Parrotfishes (Scaridae),37263,30.10.2024_Utumbi_C8_Glasnudel_ganz.mp4,[2283.7728073],2891029
3396961,Moorish Idol (Zanclus cornutus),Large Ovals > Moorish Idol (Zanclidae) > Moorish Idol (Zanclus cornutus),37263,30.10.2024_Utumbi_C8_Glasnudel_ganz.mp4,[2346.7953027],2891057
3396962,Moorish Idol (Zanclus cornutus),Large Ovals > Moorish Idol (Zanclidae) > Moorish Idol (Zanclus cornutus),37263,30.10.2024_Utumbi_C8_Glasnudel_ganz.mp4,[2346.7953027],2891058
3397001,Sixbar (Thalassoma hardwicke),Wrasses > Wrasses (Labridae) > Sixbar (Thalassoma hardwicke),37263,30.10.2024_Utumbi_C8_Glasnudel_ganz.mp4,[2428.1669109],2891097
3397067,Black-lipped (Chaetodon kleinii),Disk-shaped/Colourful > Butterflyfishes (Chaetodontidae) > Black-lipped (Chaetodon kleinii),37263,30.10.2024_Utumbi_C8_Glasnudel_ganz.mp4,[2550.8346777],2891163
3397068,Indian Redfin (Chaetodon trifasciatus),Disk-shaped/Colourful > Butterflyfishes (Chaetodontidae) > Indian Redfin (Chaetodon trifasciatus),37263,30.10.2024_Utumbi_C8_Glasnudel_ganz.mp4,[2567.3700213],2891164
3397097,Genus Squirrel (Sargocentron),Reddish/Big Eyes > Soldier-&Squirrelfishes (Holocentridae) > Genus Squirrel (Sargocentron),37263,30.10.2024_Utumbi_C8_Glasnudel_ganz.mp4,[2607.8174497],2891193
3397099,Genus Squirrel (Sargocentron),Reddish/Big Eyes > Soldier-&Squirrelfishes (Holocentridae) > Genus Squirrel (Sargocentron),37263,30.10.2024_Utumbi_C8_Glasnudel_ganz.mp4,[2607.8174497],2891195
3397100,Genus Squirrel (Sargocentron),Reddish/Big Eyes > Soldier-&Squirrelfishes (Holocentridae) > Genus Squirrel (Sargocentron),37263,30.10.2024_Utumbi_C8_Glasnudel_ganz.mp4,[2607.8174497],2891196
3397105,Genus Squirrel (Sargocentron),Reddish/Big Eyes > Soldier-&Squirrelfishes (Holocentridae) > Genus Squirrel (Sargocentron),37263,30.10.2024_Utumbi_C8_Glasnudel_ganz.mp4,[2607.8174497],2891201
3397106,Genus Squirrel (Sargocentron),Reddish/Big Eyes > Soldier-&Squirrelfishes (Holocentridae) > Genus Squirrel (Sargocentron),37263,30.10.2024_Utumbi_C8_Glasnudel_ganz.mp4,[2607.8174497],2891202
3397107,Genus Squirrel (Sargocentron),Reddish/Big Eyes > Soldier-&Squirrelfishes (Holocentridae) > Genus Squirrel (Sargocentron),37263,30.10.2024_Utumbi_C8_Glasnudel_ganz.mp4,[2607.8174497],2891203
3397139,Groupers (Serranidae),Heavy Bodies/Large Lips > Groupers (Serranidae),37263,30.10.2024_Utumbi_C8_Glasnudel_ganz.mp4,[2636.7890207],2891235
3397151,Blue-green (Chromis viridis),Small Ovals - Damselfishes > Damselfishes (Pomacentridae) > Blue-green (Chromis viridis),37263,30.10.2024_Utumbi_C8_Glasnudel_ganz.mp4,[2645.6592183],2891247
3397153,Blue-green (Chromis viridis),Small Ovals - Damselfishes > Damselfishes (Pomacentridae) > Blue-green (Chromis viridis),37263,30.10.2024_Utumbi_C8_Glasnudel_ganz.mp4,[2645.6592183],2891249
3397154,Blue-green (Chromis viridis),Small Ovals - Damselfishes > Damselfishes (Pomacentridae) > Blue-green (Chromis viridis),37263,30.10.2024_Utumbi_C8_Glasnudel_ganz.mp4,[2645.6592183],2891250
3397155,Blue-green (Chromis viridis),Small Ovals - Damselfishes > Damselfishes (Pomacentridae) > Blue-green (Chromis viridis),37263,30.10.2024_Utumbi_C8_Glasnudel_ganz.mp4,[2645.6592183],2891251
3397157,Blue-green (Chromis viridis),Small Ovals - Damselfishes > Damselfishes (Pomacentridae) > Blue-green (Chromis viridis),37263,30.10.2024_Utumbi_C8_Glasnudel_ganz.mp4,[2645.6592183],2891253
3397158,Blue-green (Chromis viridis),Small Ovals - Damselfishes > Damselfishes (Pomacentridae) > Blue-green (Chromis viridis),37263,30.10.2024_Utumbi_C8_Glasnudel_ganz.mp4,[2645.6592183],2891254
3397159,Blue-green (Chromis viridis),Small Ovals - Damselfishes > Damselfishes (Pomacentridae) > Blue-green (Chromis viridis),37263,30.10.2024_Utumbi_C8_Glasnudel_ganz.mp4,[2645.6592183],2891255
3397161,Blue-green (Chromis viridis),Small Ovals - Damselfishes > Damselfishes (Pomacentridae) > Blue-green (Chromis viridis),37263,30.10.2024_Utumbi_C8_Glasnudel_ganz.mp4,[2645.6592183],2891257
3397162,Blue-green (Chromis viridis),Small Ovals - Damselfishes > Damselfishes (Pomacentridae) > Blue-green (Chromis viridis),37263,30.10.2024_Utumbi_C8_Glasnudel_ganz.mp4,[2645.6592183],2891258
3397163,Blue-green (Chromis viridis),Small Ovals - Damselfishes > Damselfishes (Pomacentridae) > Blue-green (Chromis viridis),37263,30.10.2024_Utumbi_C8_Glasnudel_ganz.mp4,[2645.6592183],2891259
3397165,Blue-green (Chromis viridis),Small Ovals - Damselfishes > Damselfishes (Pomacentridae) > Blue-green (Chromis viridis),37263,30.10.2024_Utumbi_C8_Glasnudel_ganz.mp4,[2645.6592183],2891261
3397166,Blue-green (Chromis viridis),Small Ovals - Damselfishes > Damselfishes (Pomacentridae) > Blue-green (Chromis viridis),37263,30.10.2024_Utumbi_C8_Glasnudel_ganz.mp4,[2645.6592183],2891262
3397167,Blue-green (Chromis viridis),Small Ovals - Damselfishes > Damselfishes (Pomacentridae) > Blue-green (Chromis viridis),37263,30.10.2024_Utumbi_C8_Glasnudel_ganz.mp4,[2645.6592183],2891263
3397197,Swarthy (Scarus niger),Parrotfishes > Parrotfishes (Scaridae) > Swarthy (Scarus niger),37263,30.10.2024_Utumbi_C8_Glasnudel_ganz.mp4,[2709.527045],2891293
3397199,Lined Bristletooth (Ctenochaetus striatus),Large Ovals > Surgeonfishes (Acanthuridae) > Lined Bristletooth (Ctenochaetus striatus),37263,30.10.2024_Utumbi_C8_Glasnudel_ganz.mp4,[2788.1367986],2891295
3397200,Lined Bristletooth (Ctenochaetus striatus),Large Ovals > Surgeonfishes (Acanthuridae) > Lined Bristletooth (Ctenochaetus striatus),37263,30.10.2024_Utumbi_C8_Glasnudel_ganz.mp4,[2788.1367986],2891296
3397201,Lined Bristletooth (Ctenochaetus striatus),Large Ovals > Surgeonfishes (Acanthuridae) > Lined Bristletooth (Ctenochaetus striatus),37263,30.10.2024_Utumbi_C8_Glasnudel_ganz.mp4,[2788.1367986],2891297
3397217,Rockmover (Novaculichthys taeniourus),Wrasses > Wrasses (Labridae) > Rockmover (Novaculichthys taeniourus),37263,30.10.2024_Utumbi_C8_Glasnudel_ganz.mp4,[2861.3961129],2891313
3397480,Black-backed (Chaetodon melannotus),Disk-shaped/Colourful > Butterflyfishes (Chaetodontidae) > Black-backed (Chaetodon melannotus),37263,30.10.2024_Utumbi_C8_Glasnudel_ganz.mp4,[3018.1211013],2891576
3397481,Fusiliers (Caesionidae),Slender Schoolers/Colourful > Fusiliers (Caesionidae),37263,30.10.2024_Utumbi_C8_Glasnudel_ganz.mp4,[3044.3699462],2891577
3397483,Red-breasted (Cheilinus fasciatus),Wrasses > Wrasses (Labridae) > Red-breasted (Cheilinus fasciatus),37263,30.10.2024_Utumbi_C8_Glasnudel_ganz.mp4,[3067.1296413],2891579
3397490,Black Saddled Toby (Canthigaster valentini),Odd-shaped Swimmers > Puffers (Tetraodontidae) > Black Saddled Toby (Canthigaster valentini),37263,30.10.2024_Utumbi_C8_Glasnudel_ganz.mp4,[3275.8762763],2891586
3397491,Black Saddled Toby (Canthigaster valentini),Odd-shaped Swimmers > Puffers (Tetraodontidae) > Black Saddled Toby (Canthigaster valentini),37263,30.10.2024_Utumbi_C8_Glasnudel_ganz.mp4,[3275.8762763],2891587
3397492,Genus Soldier (Myripristis),Reddish/Big Eyes > Soldier-&Squirrelfishes (Holocentridae) > Genus Soldier (Myripristis),37263,30.10.2024_Utumbi_C8_Glasnudel_ganz.mp4,[3282.5612131],2891588
3397493,Genus Soldier (Myripristis),Reddish/Big Eyes > Soldier-&Squirrelfishes (Holocentridae) > Genus Soldier (Myripristis),37263,30.10.2024_Utumbi_C8_Glasnudel_ganz.mp4,[3282.5612131],2891589
3397494,Genus Soldier (Myripristis),Reddish/Big Eyes > Soldier-&Squirrelfishes (Holocentridae) > Genus Soldier (Myripristis),37263,30.10.2024_Utumbi_C8_Glasnudel_ganz.mp4,[3282.561213],2891590
3397495,Genus Soldier (Myripristis),Reddish/Big Eyes > Soldier-&Squirrelfishes (Holocentridae) > Genus Soldier (Myripristis),37263,30.10.2024_Utumbi_C8_Glasnudel_ganz.mp4,[3282.561213],2891591
3397496,Genus Soldier (Myripristis),Reddish/Big Eyes > Soldier-&Squirrelfishes (Holocentridae) > Genus Soldier (Myripristis),37263,30.10.2024_Utumbi_C8_Glasnudel_ganz.mp4,[3282.561213],2891592
3397497,Genus Soldier (Myripristis),Reddish/Big Eyes > Soldier-&Squirrelfishes (Holocentridae) > Genus Soldier (Myripristis),37263,30.10.2024_Utumbi_C8_Glasnudel_ganz.mp4,[3282.561213],2891593
3397498,Genus Soldier (Myripristis),Reddish/Big Eyes > Soldier-&Squirrelfishes (Holocentridae) > Genus Soldier (Myripristis),37263,30.10.2024_Utumbi_C8_Glasnudel_ganz.mp4,[3297.0005161],2891594
3397499,Genus Soldier (Myripristis),Reddish/Big Eyes > Soldier-&Squirrelfishes (Holocentridae) > Genus Soldier (Myripristis),37263,30.10.2024_Utumbi_C8_Glasnudel_ganz.mp4,[3297.0005161],2891595
3397500,Genus Soldier (Myripristis),Reddish/Big Eyes > Soldier-&Squirrelfishes (Holocentridae) > Genus Soldier (Myripristis),37263,30.10.2024_Utumbi_C8_Glasnudel_ganz.mp4,[3297.0005161],2891596
3397501,Genus Soldier (Myripristis),Reddish/Big Eyes > Soldier-&Squirrelfishes (Holocentridae) > Genus Soldier (Myripristis),37263,30.10.2024_Utumbi_C8_Glasnudel_ganz.mp4,[3297.0005161],2891597
3397502,Genus Soldier (Myripristis),Reddish/Big Eyes > Soldier-&Squirrelfishes (Holocentridae) > Genus Soldier (Myripristis),37263,30.10.2024_Utumbi_C8_Glasnudel_ganz.mp4,[3297.0005161],2891598
3397503,Genus Soldier (Myripristis),Reddish/Big Eyes > Soldier-&Squirrelfishes (Holocentridae) > Genus Soldier (Myripristis),37263,30.10.2024_Utumbi_C8_Glasnudel_ganz.mp4,[3297.0005161],2891599
3397504,Genus Soldier (Myripristis),Reddish/Big Eyes > Soldier-&Squirrelfishes (Holocentridae) > Genus Soldier (Myripristis),37263,30.10.2024_Utumbi_C8_Glasnudel_ganz.mp4,[3297.0005161],2891600
3397505,Genus Soldier (Myripristis),Reddish/Big Eyes > Soldier-&Squirrelfishes (Holocentridae) > Genus Soldier (Myripristis),37263,30.10.2024_Utumbi_C8_Glasnudel_ganz.mp4,[3297.0005161],2891601
3397506,Genus Soldier (Myripristis),Reddish/Big Eyes > Soldier-&Squirrelfishes (Holocentridae) > Genus Soldier (Myripristis),37263,30.10.2024_Utumbi_C8_Glasnudel_ganz.mp4,[3321.9200980173327],2891602
3397507,Blackeye (Hemigymnus melapterus),Wrasses > Wrasses (Labridae) > Blackeye (Hemigymnus melapterus),37263,30.10.2024_Utumbi_C8_Glasnudel_ganz.mp4,[3419.6894943],2891603
3397509,Bluefin (Caranx melampygus),Silvery > Jacks/Trevallyes (Carangidae) > Bluefin (Caranx melampygus),37263,30.10.2024_Utumbi_C8_Glasnudel_ganz.mp4,[3440.8453642],2891605
3398039,Genus Chromis,Small Ovals - Damselfishes > Damselfishes (Pomacentridae) > Genus Chromis,37263,30.10.2024_Utumbi_C8_Glasnudel_ganz.mp4,[2312.0938066],2892135
3398040,Genus Chromis,Small Ovals - Damselfishes > Damselfishes (Pomacentridae) > Genus Chromis,37263,30.10.2024_Utumbi_C8_Glasnudel_ganz.mp4,[2312.0938066],2892136
3398041,Genus Chromis,Small Ovals - Damselfishes > Damselfishes (Pomacentridae) > Genus Chromis,37263,30.10.2024_Utumbi_C8_Glasnudel_ganz.mp4,[2312.0938066],2892137
3398042,Genus Chromis,Small Ovals - Damselfishes > Damselfishes (Pomacentridae) > Genus Chromis,37263,30.10.2024_Utumbi_C8_Glasnudel_ganz.mp4,[2312.0938066],2892138
3398043,Genus Chromis,Small Ovals - Damselfishes > Damselfishes (Pomacentridae) > Genus Chromis,37263,30.10.2024_Utumbi_C8_Glasnudel_ganz.mp4,[2312.0938066],2892139
3398044,Genus Chromis,Small Ovals - Damselfishes > Damselfishes (Pomacentridae) > Genus Chromis,37263,30.10.2024_Utumbi_C8_Glasnudel_ganz.mp4,[2312.0938066],2892140
3398045,Genus Chromis,Small Ovals - Damselfishes > Damselfishes (Pomacentridae) > Genus Chromis,37263,30.10.2024_Utumbi_C8_Glasnudel_ganz.mp4,[2312.0938066],2892141
3398046,Genus Chromis,Small Ovals - Damselfishes > Damselfishes (Pomacentridae) > Genus Chromis,37263,30.10.2024_Utumbi_C8_Glasnudel_ganz.mp4,[2312.0938066],2892142
3398047,Genus Chromis,Small Ovals - Damselfishes > Damselfishes (Pomacentridae) > Genus Chromis,37263,30.10.2024_Utumbi_C8_Glasnudel_ganz.mp4,[2312.0938066],2892143
3398048,Genus Chromis,Small Ovals - Damselfishes > Damselfishes (Pomacentridae) > Genus Chromis,37263,30.10.2024_Utumbi_C8_Glasnudel_ganz.mp4,[2312.0938066],2892144
3398049,Genus Chromis,Small Ovals - Damselfishes > Damselfishes (Pomacentridae) > Genus Chromis,37263,30.10.2024_Utumbi_C8_Glasnudel_ganz.mp4,[2312.0938066],2892145
3398050,Genus Chromis,Small Ovals - Damselfishes > Damselfishes (Pomacentridae) > Genus Chromis,37263,30.10.2024_Utumbi_C8_Glasnudel_ganz.mp4,[2312.0938066],2892146
3398051,Genus Chromis,Small Ovals - Damselfishes > Damselfishes (Pomacentridae) > Genus Chromis,37263,30.10.2024_Utumbi_C8_Glasnudel_ganz.mp4,[2312.0938066],2892147
3398052,Genus Chromis,Small Ovals - Damselfishes > Damselfishes (Pomacentridae) > Genus Chromis,37263,30.10.2024_Utumbi_C8_Glasnudel_ganz.mp4,[2312.0938066],2892148
3398053,Genus Chromis,Small Ovals - Damselfishes > Damselfishes (Pomacentridae) > Genus Chromis,37263,30.10.2024_Utumbi_C8_Glasnudel_ganz.mp4,[2312.0938066],2892149
3398054,Genus Chromis,Small Ovals - Damselfishes > Damselfishes (Pomacentridae) > Genus Chromis,37263,30.10.2024_Utumbi_C8_Glasnudel_ganz.mp4,[2312.0938066],2892150
3398055,Genus Chromis,Small Ovals - Damselfishes > Damselfishes (Pomacentridae) > Genus Chromis,37263,30.10.2024_Utumbi_C8_Glasnudel_ganz.mp4,[2312.0938066],2892151
3398056,Genus Chromis,Small Ovals - Damselfishes > Damselfishes (Pomacentridae) > Genus Chromis,37263,30.10.2024_Utumbi_C8_Glasnudel_ganz.mp4,[2312.0938066],2892152
3398057,Genus Chromis,Small Ovals - Damselfishes > Damselfishes (Pomacentridae) > Genus Chromis,37263,30.10.2024_Utumbi_C8_Glasnudel_ganz.mp4,[2312.0938066],2892153
3398058,Genus Chromis,Small Ovals - Damselfishes > Damselfishes (Pomacentridae) > Genus Chromis,37263,30.10.2024_Utumbi_C8_Glasnudel_ganz.mp4,[2312.0938066],2892154
3398059,Genus Chromis,Small Ovals - Damselfishes > Damselfishes (Pomacentridae) > Genus Chromis,37263,30.10.2024_Utumbi_C8_Glasnudel_ganz.mp4,[2312.0938066],2892155
3398060,Genus Chromis,Small Ovals - Damselfishes > Damselfishes (Pomacentridae) > Genus Chromis,37263,30.10.2024_Utumbi_C8_Glasnudel_ganz.mp4,[2312.0938066],2892156
3398061,Genus Chromis,Small Ovals - Damselfishes > Damselfishes (Pomacentridae) > Genus Chromis,37263,30.10.2024_Utumbi_C8_Glasnudel_ganz.mp4,[2312.0938066],2892157
3398062,Genus Chromis,Small Ovals - Damselfishes > Damselfishes (Pomacentridae) > Genus Chromis,37263,30.10.2024_Utumbi_C8_Glasnudel_ganz.mp4,[2312.0938066],2892158
3398063,Genus Chromis,Small Ovals - Damselfishes > Damselfishes (Pomacentridae) > Genus Chromis,37263,30.10.2024_Utumbi_C8_Glasnudel_ganz.mp4,[2312.0938066],2892159
3398064,Genus Chromis,Small Ovals - Damselfishes > Damselfishes (Pomacentridae) > Genus Chromis,37263,30.10.2024_Utumbi_C8_Glasnudel_ganz.mp4,[2312.0938066],2892160
3398065,Genus Chromis,Small Ovals - Damselfishes > Damselfishes (Pomacentridae) > Genus Chromis,37263,30.10.2024_Utumbi_C8_Glasnudel_ganz.mp4,[2312.0938066],2892161
3398066,Genus Chromis,Small Ovals - Damselfishes > Damselfishes (Pomacentridae) > Genus Chromis,37263,30.10.2024_Utumbi_C8_Glasnudel_ganz.mp4,[2312.0938066],2892162
3398067,Genus Chromis,Small Ovals - Damselfishes > Damselfishes (Pomacentridae) > Genus Chromis,37263,30.10.2024_Utumbi_C8_Glasnudel_ganz.mp4,[2312.0938066],2892163
3398068,Genus Chromis,Small Ovals - Damselfishes > Damselfishes (Pomacentridae) > Genus Chromis,37263,30.10.2024_Utumbi_C8_Glasnudel_ganz.mp4,[2312.0938066],2892164
3398069,Genus Chromis,Small Ovals - Damselfishes > Damselfishes (Pomacentridae) > Genus Chromis,37263,30.10.2024_Utumbi_C8_Glasnudel_ganz.mp4,[2312.0938066],2892165
3398070,Genus Chromis,Small Ovals - Damselfishes > Damselfishes (Pomacentridae) > Genus Chromis,37263,30.10.2024_Utumbi_C8_Glasnudel_ganz.mp4,[2312.0938066],2892166
3398071,Genus Chromis,Small Ovals - Damselfishes > Damselfishes (Pomacentridae) > Genus Chromis,37263,30.10.2024_Utumbi_C8_Glasnudel_ganz.mp4,[2312.0938066],2892167
3398072,Genus Chromis,Small Ovals - Damselfishes > Damselfishes (Pomacentridae) > Genus Chromis,37263,30.10.2024_Utumbi_C8_Glasnudel_ganz.mp4,[2312.0938066],2892168
3398073,Genus Chromis,Small Ovals - Damselfishes > Damselfishes (Pomacentridae) > Genus Chromis,37263,30.10.2024_Utumbi_C8_Glasnudel_ganz.mp4,[2312.0938066],2892169
3558961,Spotted (Diodon hystrix),Odd-shaped Swimmers > Porcupinefishes (Diodontidae) > Spotted (Diodon hystrix),37263,30.10.2024_Utumbi_C8_Glasnudel_ganz.mp4,[908.5294434],3041737
3559242,Red-breasted (Cheilinus fasciatus),Wrasses > Wrasses (Labridae) > Red-breasted (Cheilinus fasciatus),37263,30.10.2024_Utumbi_C8_Glasnudel_ganz.mp4,[92.9350876],3042017
3559243,Tubelip (Labrichthys unilineatus),Wrasses > Wrasses (Labridae) > Tubelip (Labrichthys unilineatus),37263,30.10.2024_Utumbi_C8_Glasnudel_ganz.mp4,[570.1520111],3042018
3559246,Slingjaw (Epibulus insidiator),Wrasses > Wrasses (Labridae) > Slingjaw (Epibulus insidiator),37263,30.10.2024_Utumbi_C8_Glasnudel_ganz.mp4,[230.0122162],3042021
3559247,Orangespotted (Lethrinus erythracanthus),Sloping Heads > Emperors (Lethrinidae) > Orangespotted (Lethrinus erythracanthus),37263,30.10.2024_Utumbi_C8_Glasnudel_ganz.mp4,[1262.7543607],3042022
3559248,Linedcheeked (Oxycheilinus digramma),Wrasses > Wrasses (Labridae) > Linedcheeked (Oxycheilinus digramma),37263,30.10.2024_Utumbi_C8_Glasnudel_ganz.mp4,[1464.3650181],3042023
3559249,Wirenet (Cantherhines pardalis),Odd-shaped Swimmers > Filefishes (Monacanthidae) > Wirenet (Cantherhines pardalis),37263,30.10.2024_Utumbi_C8_Glasnudel_ganz.mp4,[1662.8336064],3042024
3559251,Arabian Monocle (Scolopsis ghanam),Sloping Heads > Coral Breams (Nemipteridae) > Arabian Monocle (Scolopsis ghanam),37263,30.10.2024_Utumbi_C8_Glasnudel_ganz.mp4,[2259.3442251],3042026
3559252,Arabian Monocle (Scolopsis ghanam),Sloping Heads > Coral Breams (Nemipteridae) > Arabian Monocle (Scolopsis ghanam),37263,30.10.2024_Utumbi_C8_Glasnudel_ganz.mp4,[2259.3442251],3042027
3559253,Arabian Monocle (Scolopsis ghanam),Sloping Heads > Coral Breams (Nemipteridae) > Arabian Monocle (Scolopsis ghanam),37263,30.10.2024_Utumbi_C8_Glasnudel_ganz.mp4,[2270.0313725],3042028
3559254,Arabian Monocle (Scolopsis ghanam),Sloping Heads > Coral Breams (Nemipteridae) > Arabian Monocle (Scolopsis ghanam),37263,30.10.2024_Utumbi_C8_Glasnudel_ganz.mp4,[2270.0313725],3042029
3559255,Arabian Monocle (Scolopsis ghanam),Sloping Heads > Coral Breams (Nemipteridae) > Arabian Monocle (Scolopsis ghanam),37263,30.10.2024_Utumbi_C8_Glasnudel_ganz.mp4,[2270.0313725],3042030
3559256,Halfmoon (Sufflamen chrysopterum),Odd-shaped Swimmers > Triggerfishes (Balistidae) > Halfmoon (Sufflamen chrysopterum),37263,30.10.2024_Utumbi_C8_Glasnudel_ganz.mp4,[2129.4849034],3042031
3559258,Blennies (Blenniidae),Blennies > Blennies (Blenniidae),37263,30.10.2024_Utumbi_C8_Glasnudel_ganz.mp4,[3242.484777],3042033
3620529,Wrasses (Labridae),Wrasses > Wrasses (Labridae),37263,30.10.2024_Utumbi_C8_Glasnudel_ganz.mp4,[892.588137],3079870
3620530,Palenose (Scarus psittacus),Parrotfishes > Parrotfishes (Scaridae) > Palenose (Scarus psittacus),37263,30.10.2024_Utumbi_C8_Glasnudel_ganz.mp4,[2110.404551],3079871
3620531,Blennies,Blennies,37263,30.10.2024_Utumbi_C8_Glasnudel_ganz.mp4,[3242.13446],3079872
4449659,Eclipse (Chaetodon bennetti),Disk-shaped/Colourful > Butterflyfishes (Chaetodontidae) > Eclipse (Chaetodon bennetti),37263,30.10.2024_Utumbi_C8_Glasnudel_ganz.mp4,[2190.230869],3699833
