video_annotation_label_id,label_name,label_hierarchy,video_id,video_filename,frames,annotation_id
3474629,Orange-lined (Balistapus undulatus),Odd-shaped Swimmers > Triggerfishes (Balistidae) > Orange-lined (Balistapus undulatus),38017,28.11.24_Utumbi_Sargassum_ganz.mp4,[1.0400213],2964257
3474630,Red (Lutjanus bohar),Sloping Heads > Snappers (Lutjanidae) > Red (Lutjanus bohar),38017,28.11.24_Utumbi_Sargassum_ganz.mp4,[1.0400213],2964258
3474631,Green (Amblyglyphidodon indicus),Small Ovals - Damselfishes > Damselfishes (Pomacentridae) > Green (Amblyglyphidodon indicus),38017,28.11.24_Utumbi_Sargassum_ganz.mp4,[1.0400213],2964259
3474632,Green (Amblyglyphidodon indicus),Small Ovals - Damselfishes > Damselfishes (Pomacentridae) > Green (Amblyglyphidodon indicus),38017,28.11.24_Utumbi_Sargassum_ganz.mp4,[3.8200655],2964260
3474633,Green (Amblyglyphidodon indicus),Small Ovals - Damselfishes > Damselfishes (Pomacentridae) > Green (Amblyglyphidodon indicus),38017,28.11.24_Utumbi_Sargassum_ganz.mp4,[3.8200655],2964261
3474634,Green (Amblyglyphidodon indicus),Small Ovals - Damselfishes > Damselfishes (Pomacentridae) > Green (Amblyglyphidodon indicus),38017,28.11.24_Utumbi_Sargassum_ganz.mp4,[3.8200655],2964262
3474635,Goldbar (Thalassoma hebraicum),Wrasses > Wrasses (Labridae) > Goldbar (Thalassoma hebraicum),38017,28.11.24_Utumbi_Sargassum_ganz.mp4,[5.8229328],2964263
3474636,Goldbar (Thalassoma hebraicum),Wrasses > Wrasses (Labridae) > Goldbar (Thalassoma hebraicum),38017,28.11.24_Utumbi_Sargassum_ganz.mp4,[5.8229328],2964264
3474637,Goldbar (Thalassoma hebraicum),Wrasses > Wrasses (Labridae) > Goldbar (Thalassoma hebraicum),38017,28.11.24_Utumbi_Sargassum_ganz.mp4,[5.8229328],2964265
3474638,Groupers (Serranidae),Heavy Bodies/Large Lips > Groupers (Serranidae),38017,28.11.24_Utumbi_Sargassum_ganz.mp4,[7.3995171],2964266
3474639,Green Feeding,Small Ovals - Damselfishes > Damselfishes (Pomacentridae) > Green (Amblyglyphidodon indicus) > Green Feeding,38017,28.11.24_Utumbi_Sargassum_ganz.mp4,[7.638701],2964267
3474640,Bird wrasse (Gomphosus caeruleus),Wrasses > Wrasses (Labridae) > Bird wrasse (Gomphosus caeruleus),38017,28.11.24_Utumbi_Sargassum_ganz.mp4,[10.7022491],2964268
3474641,Parrotfishes (Scaridae),Parrotfishes > Parrotfishes (Scaridae),38017,28.11.24_Utumbi_Sargassum_ganz.mp4,[11.8335974],2964269
3474642,Parrotfishes (Scaridae),Parrotfishes > Parrotfishes (Scaridae),38017,28.11.24_Utumbi_Sargassum_ganz.mp4,[11.8335974],2964270
3474643,Orange-lined (Balistapus undulatus),Odd-shaped Swimmers > Triggerfishes (Balistidae) > Orange-lined (Balistapus undulatus),38017,28.11.24_Utumbi_Sargassum_ganz.mp4,[13.2157216],2964271
3474644,Orange-lined (Balistapus undulatus),Odd-shaped Swimmers > Triggerfishes (Balistidae) > Orange-lined (Balistapus undulatus),38017,28.11.24_Utumbi_Sargassum_ganz.mp4,[13.2157216],2964272
3474645,Green (Amblyglyphidodon indicus),Small Ovals - Damselfishes > Damselfishes (Pomacentridae) > Green (Amblyglyphidodon indicus),38017,28.11.24_Utumbi_Sargassum_ganz.mp4,[18.566624],2964273
3474646,Green (Amblyglyphidodon indicus),Small Ovals - Damselfishes > Damselfishes (Pomacentridae) > Green (Amblyglyphidodon indicus),38017,28.11.24_Utumbi_Sargassum_ganz.mp4,[18.566624],2964274
3474647,Green (Amblyglyphidodon indicus),Small Ovals - Damselfishes > Damselfishes (Pomacentridae) > Green (Amblyglyphidodon indicus),38017,28.11.24_Utumbi_Sargassum_ganz.mp4,[18.566624],2964275
3474648,Green (Amblyglyphidodon indicus),Small Ovals - Damselfishes > Damselfishes (Pomacentridae) > Green (Amblyglyphidodon indicus),38017,28.11.24_Utumbi_Sargassum_ganz.mp4,[18.566624],2964276
3474649,Moon (Thalassoma lunare),Wrasses > Wrasses (Labridae) > Moon (Thalassoma lunare),38017,28.11.24_Utumbi_Sargassum_ganz.mp4,[22.0593777],2964277
3474651,Indian Half-and-Half (Pycnochromis dimidiatus),Small Ovals - Damselfishes > Damselfishes (Pomacentridae) > Indian Half-and-Half (Pycnochromis dimidiatus),38017,28.11.24_Utumbi_Sargassum_ganz.mp4,[25.3238699],2964279
3474652,Green (Amblyglyphidodon indicus),Small Ovals - Damselfishes > Damselfishes (Pomacentridae) > Green (Amblyglyphidodon indicus),38017,28.11.24_Utumbi_Sargassum_ganz.mp4,[26.7554439],2964280
3474653,Green (Amblyglyphidodon indicus),Small Ovals - Damselfishes > Damselfishes (Pomacentridae) > Green (Amblyglyphidodon indicus),38017,28.11.24_Utumbi_Sargassum_ganz.mp4,[26.7554439],2964281
3474654,Green (Amblyglyphidodon indicus),Small Ovals - Damselfishes > Damselfishes (Pomacentridae) > Green (Amblyglyphidodon indicus),38017,28.11.24_Utumbi_Sargassum_ganz.mp4,[26.7554439],2964282
3474655,Green (Amblyglyphidodon indicus),Small Ovals - Damselfishes > Damselfishes (Pomacentridae) > Green (Amblyglyphidodon indicus),38017,28.11.24_Utumbi_Sargassum_ganz.mp4,[26.7554439],2964283
3474656,Green (Amblyglyphidodon indicus),Small Ovals - Damselfishes > Damselfishes (Pomacentridae) > Green (Amblyglyphidodon indicus),38017,28.11.24_Utumbi_Sargassum_ganz.mp4,[26.7554439],2964284
3474657,Sixbar (Thalassoma hardwicke),Wrasses > Wrasses (Labridae) > Sixbar (Thalassoma hardwicke),38017,28.11.24_Utumbi_Sargassum_ganz.mp4,[34.1513858],2964285
3474658,Goldbar Interested,Wrasses > Wrasses (Labridae) > Goldbar (Thalassoma hebraicum) > Goldbar Interested,38017,28.11.24_Utumbi_Sargassum_ganz.mp4,[36.1898534],2964286
3474659,Redmouth (Aethaloperca rogaa),Heavy Bodies/Large Lips > Groupers (Serranidae) > Redmouth (Aethaloperca rogaa),38017,28.11.24_Utumbi_Sargassum_ganz.mp4,[44.029253],2964287
3474663,Moorish Idol (Zanclus cornutus),Large Ovals > Moorish Idol (Zanclidae) > Moorish Idol (Zanclus cornutus),38017,28.11.24_Utumbi_Sargassum_ganz.mp4,[67.0598273],2964291
3474664,Lined (Chaetodon lineolatus),Disk-shaped/Colourful > Butterflyfishes (Chaetodontidae) > Lined (Chaetodon lineolatus),38017,28.11.24_Utumbi_Sargassum_ganz.mp4,[76.0694368],2964292
3474665,Blue-streak (Labroides dimidiatus),Wrasses > Wrasses (Labridae) > Blue-streak (Labroides dimidiatus),38017,28.11.24_Utumbi_Sargassum_ganz.mp4,[73.8644265],2964293
3474666,Moorish Idol (Zanclus cornutus),Large Ovals > Moorish Idol (Zanclidae) > Moorish Idol (Zanclus cornutus),38017,28.11.24_Utumbi_Sargassum_ganz.mp4,[78.2017749],2964294
3474667,Moorish Idol (Zanclus cornutus),Large Ovals > Moorish Idol (Zanclidae) > Moorish Idol (Zanclus cornutus),38017,28.11.24_Utumbi_Sargassum_ganz.mp4,[78.2017749],2964295
3474668,Leopard (Cephalopholis leopardus),Heavy Bodies/Large Lips > Groupers (Serranidae) > Leopard (Cephalopholis leopardus),38017,28.11.24_Utumbi_Sargassum_ganz.mp4,[88.1987176],2964296
3474669,Lined Bristletooth (Ctenochaetus striatus),Large Ovals > Surgeonfishes (Acanthuridae) > Lined Bristletooth (Ctenochaetus striatus),38017,28.11.24_Utumbi_Sargassum_ganz.mp4,[99.756752],2964297
3474670,Whitetail (Acanthurus thompsoni),Large Ovals > Surgeonfishes (Acanthuridae) > Whitetail (Acanthurus thompsoni),38017,28.11.24_Utumbi_Sargassum_ganz.mp4,[128.8642796],2964298
3474671,Lined Bristletooth (Ctenochaetus striatus),Large Ovals > Surgeonfishes (Acanthuridae) > Lined Bristletooth (Ctenochaetus striatus),38017,28.11.24_Utumbi_Sargassum_ganz.mp4,[130.6363362],2964299
3474672,Lined Bristletooth (Ctenochaetus striatus),Large Ovals > Surgeonfishes (Acanthuridae) > Lined Bristletooth (Ctenochaetus striatus),38017,28.11.24_Utumbi_Sargassum_ganz.mp4,[130.6363362],2964300
3474675,Genus Squirrel (Sargocentron),Reddish/Big Eyes > Soldier-&Squirrelfishes (Holocentridae) > Genus Squirrel (Sargocentron),38017,28.11.24_Utumbi_Sargassum_ganz.mp4,[138.8670087],2964303
3474676,Elegant Unicorn (Naso elegans),Large Ovals > Surgeonfishes (Acanthuridae) > Elegant Unicorn (Naso elegans),38017,28.11.24_Utumbi_Sargassum_ganz.mp4,[141.5285348],2964304
3474680,Swarthy (Scarus niger),Parrotfishes > Parrotfishes (Scaridae) > Swarthy (Scarus niger),38017,28.11.24_Utumbi_Sargassum_ganz.mp4,[157.4702394],2964308
3474682,Golden (Ctenochaetus truncates),Large Ovals > Surgeonfishes (Acanthuridae) > Golden (Ctenochaetus truncates),38017,28.11.24_Utumbi_Sargassum_ganz.mp4,[163.3690984],2964310
3474683,Brown Tang (Zebrasoma scopas),Large Ovals > Surgeonfishes (Acanthuridae) > Brown Tang (Zebrasoma scopas),38017,28.11.24_Utumbi_Sargassum_ganz.mp4,[170.299629],2964311
3474687,Fusiliers (Caesionidae),Slender Schoolers/Colourful > Fusiliers (Caesionidae),38017,28.11.24_Utumbi_Sargassum_ganz.mp4,[202.0572282],2964315
3474688,Fusiliers (Caesionidae),Slender Schoolers/Colourful > Fusiliers (Caesionidae),38017,28.11.24_Utumbi_Sargassum_ganz.mp4,[202.0572282],2964316
3474689,Fusiliers (Caesionidae),Slender Schoolers/Colourful > Fusiliers (Caesionidae),38017,28.11.24_Utumbi_Sargassum_ganz.mp4,[202.0572282],2964317
3474690,Fusiliers (Caesionidae),Slender Schoolers/Colourful > Fusiliers (Caesionidae),38017,28.11.24_Utumbi_Sargassum_ganz.mp4,[202.0572282],2964318
3474691,Fusiliers (Caesionidae),Slender Schoolers/Colourful > Fusiliers (Caesionidae),38017,28.11.24_Utumbi_Sargassum_ganz.mp4,[202.0572282],2964319
3474692,Fusiliers (Caesionidae),Slender Schoolers/Colourful > Fusiliers (Caesionidae),38017,28.11.24_Utumbi_Sargassum_ganz.mp4,[202.0572282],2964320
3474693,Fusiliers (Caesionidae),Slender Schoolers/Colourful > Fusiliers (Caesionidae),38017,28.11.24_Utumbi_Sargassum_ganz.mp4,[202.0572282],2964321
3474694,Fusiliers (Caesionidae),Slender Schoolers/Colourful > Fusiliers (Caesionidae),38017,28.11.24_Utumbi_Sargassum_ganz.mp4,[202.0572282],2964322
3474695,Fusiliers (Caesionidae),Slender Schoolers/Colourful > Fusiliers (Caesionidae),38017,28.11.24_Utumbi_Sargassum_ganz.mp4,[202.0572282],2964323
3474696,Fusiliers (Caesionidae),Slender Schoolers/Colourful > Fusiliers (Caesionidae),38017,28.11.24_Utumbi_Sargassum_ganz.mp4,[202.0572282],2964324
3474697,Fusiliers (Caesionidae),Slender Schoolers/Colourful > Fusiliers (Caesionidae),38017,28.11.24_Utumbi_Sargassum_ganz.mp4,[202.0572282],2964325
3474698,Fusiliers (Caesionidae),Slender Schoolers/Colourful > Fusiliers (Caesionidae),38017,28.11.24_Utumbi_Sargassum_ganz.mp4,[202.0572282],2964326
3474699,Fusiliers (Caesionidae),Slender Schoolers/Colourful > Fusiliers (Caesionidae),38017,28.11.24_Utumbi_Sargassum_ganz.mp4,[202.0572282],2964327
3474700,Fusiliers (Caesionidae),Slender Schoolers/Colourful > Fusiliers (Caesionidae),38017,28.11.24_Utumbi_Sargassum_ganz.mp4,[202.0572282],2964328
3474701,Fusiliers (Caesionidae),Slender Schoolers/Colourful > Fusiliers (Caesionidae),38017,28.11.24_Utumbi_Sargassum_ganz.mp4,[202.0572282],2964329
3474702,Fusiliers (Caesionidae),Slender Schoolers/Colourful > Fusiliers (Caesionidae),38017,28.11.24_Utumbi_Sargassum_ganz.mp4,[202.0572282],2964330
3474703,Fusiliers (Caesionidae),Slender Schoolers/Colourful > Fusiliers (Caesionidae),38017,28.11.24_Utumbi_Sargassum_ganz.mp4,[202.0572282],2964331
3474704,Fusiliers (Caesionidae),Slender Schoolers/Colourful > Fusiliers (Caesionidae),38017,28.11.24_Utumbi_Sargassum_ganz.mp4,[202.0572282],2964332
3474705,Genus Chromis,Small Ovals - Damselfishes > Damselfishes (Pomacentridae) > Genus Chromis,38017,28.11.24_Utumbi_Sargassum_ganz.mp4,[207.8431068],2964333
3474707,Genus Soldier (Myripristis),Reddish/Big Eyes > Soldier-&Squirrelfishes (Holocentridae) > Genus Soldier (Myripristis),38017,28.11.24_Utumbi_Sargassum_ganz.mp4,[211.361037],2964335
3474708,Disappearing (Pseudocheilinus evanidus),Wrasses > Wrasses (Labridae) > Disappearing (Pseudocheilinus evanidus),38017,28.11.24_Utumbi_Sargassum_ganz.mp4,[256.3720764],2964336
3474713,Bullethead (Chlorurus sordidus),Parrotfishes > Parrotfishes (Scaridae) > Bullethead (Chlorurus sordidus),38017,28.11.24_Utumbi_Sargassum_ganz.mp4,[315.4754087],2964341
3474714,Bullethead (Chlorurus sordidus),Parrotfishes > Parrotfishes (Scaridae) > Bullethead (Chlorurus sordidus),38017,28.11.24_Utumbi_Sargassum_ganz.mp4,[315.4754087],2964342
3474715,Trumpetfish (Aulostomus chinensis),Odd-shaped Swimmers > Trumpetfishes (Aulostomidae) > Trumpetfish (Aulostomus chinensis),38017,28.11.24_Utumbi_Sargassum_ganz.mp4,[329.8010063],2964343
3474975,Genus Naso,Large Ovals > Surgeonfishes (Acanthuridae) > Genus Naso,38017,28.11.24_Utumbi_Sargassum_ganz.mp4,[369.6806372],2964603
3474976,Freckled (Paracirrhites forsteri),Heavy Bodies/Large Lips > Hawkfishes (Cirrhitidae) > Freckled (Paracirrhites forsteri),38017,28.11.24_Utumbi_Sargassum_ganz.mp4,[409.4634603],2964604
3474977,Golden (Ctenochaetus truncates),Large Ovals > Surgeonfishes (Acanthuridae) > Golden (Ctenochaetus truncates),38017,28.11.24_Utumbi_Sargassum_ganz.mp4,[445.775551],2964605
3474978,Golden (Ctenochaetus truncates),Large Ovals > Surgeonfishes (Acanthuridae) > Golden (Ctenochaetus truncates),38017,28.11.24_Utumbi_Sargassum_ganz.mp4,[445.775551],2964606
3474979,Golden (Ctenochaetus truncates),Large Ovals > Surgeonfishes (Acanthuridae) > Golden (Ctenochaetus truncates),38017,28.11.24_Utumbi_Sargassum_ganz.mp4,[445.775551],2964607
3474980,Linedcheeked (Oxycheilinus digramma),Wrasses > Wrasses (Labridae) > Linedcheeked (Oxycheilinus digramma),38017,28.11.24_Utumbi_Sargassum_ganz.mp4,[460.0242951],2964608
3474981,Paletail Unicorn (Naso brevirostris),Large Ovals > Surgeonfishes (Acanthuridae) > Paletail Unicorn (Naso brevirostris),38017,28.11.24_Utumbi_Sargassum_ganz.mp4,[470.3568851],2964609
3474983,Freckled (Paracirrhites forsteri),Heavy Bodies/Large Lips > Hawkfishes (Cirrhitidae) > Freckled (Paracirrhites forsteri),38017,28.11.24_Utumbi_Sargassum_ganz.mp4,[528.6155878],2964611
3474984,Freckled (Paracirrhites forsteri),Heavy Bodies/Large Lips > Hawkfishes (Cirrhitidae) > Freckled (Paracirrhites forsteri),38017,28.11.24_Utumbi_Sargassum_ganz.mp4,[528.6155878],2964612
3474985,Freckled (Paracirrhites forsteri),Heavy Bodies/Large Lips > Hawkfishes (Cirrhitidae) > Freckled (Paracirrhites forsteri),38017,28.11.24_Utumbi_Sargassum_ganz.mp4,[575.3502236049171],2964613
3474986,Sailfin Tang (Zebrasoma desjardinii),Large Ovals > Surgeonfishes (Acanthuridae) > Sailfin Tang (Zebrasoma desjardinii),38017,28.11.24_Utumbi_Sargassum_ganz.mp4,[588.2610537],2964614
3474987,Sailfin Tang (Zebrasoma desjardinii),Large Ovals > Surgeonfishes (Acanthuridae) > Sailfin Tang (Zebrasoma desjardinii),38017,28.11.24_Utumbi_Sargassum_ganz.mp4,[621.8373369794247],2964615
3474989,Brown Pigmy (Centropyge multispinis),Disk-shaped/Colourful > Angelfishes (Pomacanthidae) > Brown Pigmy (Centropyge multispinis),38017,28.11.24_Utumbi_Sargassum_ganz.mp4,[661.6601331],2964617
3474991,Red-breasted (Cheilinus fasciatus),Wrasses > Wrasses (Labridae) > Red-breasted (Cheilinus fasciatus),38017,28.11.24_Utumbi_Sargassum_ganz.mp4,[684.716782],2964619
3474993,Genus Soldier (Myripristis),Reddish/Big Eyes > Soldier-&Squirrelfishes (Holocentridae) > Genus Soldier (Myripristis),38017,28.11.24_Utumbi_Sargassum_ganz.mp4,[689.0075975],2964621
3474994,Genus Soldier (Myripristis),Reddish/Big Eyes > Soldier-&Squirrelfishes (Holocentridae) > Genus Soldier (Myripristis),38017,28.11.24_Utumbi_Sargassum_ganz.mp4,[689.0075975],2964622
3475003,Red (Lutjanus bohar),Sloping Heads > Snappers (Lutjanidae) > Red (Lutjanus bohar),38017,28.11.24_Utumbi_Sargassum_ganz.mp4,[779.1571576],2964631
3475004,Red (Lutjanus bohar),Sloping Heads > Snappers (Lutjanidae) > Red (Lutjanus bohar),38017,28.11.24_Utumbi_Sargassum_ganz.mp4,[779.1571576],2964632
3475007,Genus Squirrel (Sargocentron),Reddish/Big Eyes > Soldier-&Squirrelfishes (Holocentridae) > Genus Squirrel (Sargocentron),38017,28.11.24_Utumbi_Sargassum_ganz.mp4,[787.4651952],2964635
3475008,Genus Squirrel (Sargocentron),Reddish/Big Eyes > Soldier-&Squirrelfishes (Holocentridae) > Genus Squirrel (Sargocentron),38017,28.11.24_Utumbi_Sargassum_ganz.mp4,[787.4651952],2964636
3475009,Axilspot Hogfish (Bodianus axillaris),Wrasses > Wrasses (Labridae) > Axilspot Hogfish (Bodianus axillaris),38017,28.11.24_Utumbi_Sargassum_ganz.mp4,[860.6347657],2964637
3475010,Tubelip (Labrichthys unilineatus),Wrasses > Wrasses (Labridae) > Tubelip (Labrichthys unilineatus),38017,28.11.24_Utumbi_Sargassum_ganz.mp4,[871.993176],2964638
3475011,Rockmover (Novaculichthys taeniourus),Wrasses > Wrasses (Labridae) > Rockmover (Novaculichthys taeniourus),38017,28.11.24_Utumbi_Sargassum_ganz.mp4,[901.7180714],2964639
3475012,Saddleback (Chaetodon falcula),Disk-shaped/Colourful > Butterflyfishes (Chaetodontidae) > Saddleback (Chaetodon falcula),38017,28.11.24_Utumbi_Sargassum_ganz.mp4,[931.9775644],2964640
3475013,Stareye (Calotomus carolinus),Parrotfishes > Parrotfishes (Scaridae) > Stareye (Calotomus carolinus),38017,28.11.24_Utumbi_Sargassum_ganz.mp4,[937.3039928],2964641
3475014,Regal (Pygoplites diacanthus),Disk-shaped/Colourful > Angelfishes (Pomacanthidae) > Regal (Pygoplites diacanthus),38017,28.11.24_Utumbi_Sargassum_ganz.mp4,[1024.1692273],2964642
3475015,Whitetail (Acanthurus thompsoni),Large Ovals > Surgeonfishes (Acanthuridae) > Whitetail (Acanthurus thompsoni),38017,28.11.24_Utumbi_Sargassum_ganz.mp4,[1029.135267],2964643
3475016,Whitetail (Acanthurus thompsoni),Large Ovals > Surgeonfishes (Acanthuridae) > Whitetail (Acanthurus thompsoni),38017,28.11.24_Utumbi_Sargassum_ganz.mp4,[1029.135267],2964644
3475017,Threadfin (Chaetodon auriga),Disk-shaped/Colourful > Butterflyfishes (Chaetodontidae) > Threadfin (Chaetodon auriga),38017,28.11.24_Utumbi_Sargassum_ganz.mp4,[1077.5839972],2964645
3475018,Black-backed (Chaetodon melannotus),Disk-shaped/Colourful > Butterflyfishes (Chaetodontidae) > Black-backed (Chaetodon melannotus),38017,28.11.24_Utumbi_Sargassum_ganz.mp4,[1099.582744],2964646
3475019,Checkerboard (Halichoeres hortulanus),Wrasses > Wrasses (Labridae) > Checkerboard (Halichoeres hortulanus),38017,28.11.24_Utumbi_Sargassum_ganz.mp4,[1264.5052222],2964647
3475020,Blackeye (Hemigymnus melapterus),Wrasses > Wrasses (Labridae) > Blackeye (Hemigymnus melapterus),38017,28.11.24_Utumbi_Sargassum_ganz.mp4,[1291.3234019],2964648
3475021,Pyramid (Hemitaurichthys zoster),Disk-shaped/Colourful > Butterflyfishes (Chaetodontidae) > Pyramid (Hemitaurichthys zoster),38017,28.11.24_Utumbi_Sargassum_ganz.mp4,[1333.5233802],2964649
3475022,Checkerboard (Halichoeres hortulanus),Wrasses > Wrasses (Labridae) > Checkerboard (Halichoeres hortulanus),38017,28.11.24_Utumbi_Sargassum_ganz.mp4,[1345.2726465],2964650
3475023,Checkerboard (Halichoeres hortulanus),Wrasses > Wrasses (Labridae) > Checkerboard (Halichoeres hortulanus),38017,28.11.24_Utumbi_Sargassum_ganz.mp4,[1345.2726465],2964651
3475024,Raccoon (Chaetodon lunula),Disk-shaped/Colourful > Butterflyfishes (Chaetodontidae) > Raccoon (Chaetodon lunula),38017,28.11.24_Utumbi_Sargassum_ganz.mp4,[1382.2616622],2964652
3475025,Bluefin (Caranx melampygus),Silvery > Jacks/Trevallyes (Carangidae) > Bluefin (Caranx melampygus),38017,28.11.24_Utumbi_Sargassum_ganz.mp4,[1440.7960818],2964653
3475026,Bluefin (Caranx melampygus),Silvery > Jacks/Trevallyes (Carangidae) > Bluefin (Caranx melampygus),38017,28.11.24_Utumbi_Sargassum_ganz.mp4,[1440.7960818],2964654
3475027,Bluefin (Caranx melampygus),Silvery > Jacks/Trevallyes (Carangidae) > Bluefin (Caranx melampygus),38017,28.11.24_Utumbi_Sargassum_ganz.mp4,[1440.7960818],2964655
3475028,Bluefin (Caranx melampygus),Silvery > Jacks/Trevallyes (Carangidae) > Bluefin (Caranx melampygus),38017,28.11.24_Utumbi_Sargassum_ganz.mp4,[1440.7960818],2964656
3475029,Disappearing (Pseudocheilinus evanidus),Wrasses > Wrasses (Labridae) > Disappearing (Pseudocheilinus evanidus),38017,28.11.24_Utumbi_Sargassum_ganz.mp4,[1445.6898213],2964657
3475030,Disappearing (Pseudocheilinus evanidus),Wrasses > Wrasses (Labridae) > Disappearing (Pseudocheilinus evanidus),38017,28.11.24_Utumbi_Sargassum_ganz.mp4,[1445.6898213],2964658
3475031,Disappearing (Pseudocheilinus evanidus),Wrasses > Wrasses (Labridae) > Disappearing (Pseudocheilinus evanidus),38017,28.11.24_Utumbi_Sargassum_ganz.mp4,[1445.6898213],2964659
3475032,Slingjaw (Epibulus insidiator),Wrasses > Wrasses (Labridae) > Slingjaw (Epibulus insidiator),38017,28.11.24_Utumbi_Sargassum_ganz.mp4,[1455.2712369],2964660
3475033,Indian Redfin (Chaetodon trifasciatus),Disk-shaped/Colourful > Butterflyfishes (Chaetodontidae) > Indian Redfin (Chaetodon trifasciatus),38017,28.11.24_Utumbi_Sargassum_ganz.mp4,[1483.4880107],2964661
3475034,Five-saddle (Scarus saber),Parrotfishes > Parrotfishes (Scaridae) > Five-saddle (Scarus saber),38017,28.11.24_Utumbi_Sargassum_ganz.mp4,[1493.5799775],2964662
3475055,Longnose (Forcipiger flavissimus),Disk-shaped/Colourful > Butterflyfishes (Chaetodontidae) > Longnose (Forcipiger flavissimus),38017,28.11.24_Utumbi_Sargassum_ganz.mp4,[1601.7099692],2964683
3475118,Spotted (Chaetodon guttatissimus),Disk-shaped/Colourful > Butterflyfishes (Chaetodontidae) > Spotted (Chaetodon guttatissimus),38017,28.11.24_Utumbi_Sargassum_ganz.mp4,[1689.6917969],2964746
3475136,Spotted (Chaetodon guttatissimus),Disk-shaped/Colourful > Butterflyfishes (Chaetodontidae) > Spotted (Chaetodon guttatissimus),38017,28.11.24_Utumbi_Sargassum_ganz.mp4,[1707.781944441336],2964764
3475377,Eclipse (Chaetodon bennetti),Disk-shaped/Colourful > Butterflyfishes (Chaetodontidae) > Eclipse (Chaetodon bennetti),38017,28.11.24_Utumbi_Sargassum_ganz.mp4,[1977.5711331],2965005
3475403,Humpnose Bigeye (Monotaxis grandoculis),Sloping Heads > Emperors (Lethrinidae) > Humpnose Bigeye (Monotaxis grandoculis),38017,28.11.24_Utumbi_Sargassum_ganz.mp4,[1997.4859346],2965031
3475446,Brown Pigmy (Centropyge multispinis),Disk-shaped/Colourful > Angelfishes (Pomacanthidae) > Brown Pigmy (Centropyge multispinis),38017,28.11.24_Utumbi_Sargassum_ganz.mp4,[2052.0756971],2965074
3475447,Brown Pigmy (Centropyge multispinis),Disk-shaped/Colourful > Angelfishes (Pomacanthidae) > Brown Pigmy (Centropyge multispinis),38017,28.11.24_Utumbi_Sargassum_ganz.mp4,[2052.0756971],2965075
3475469,Genus Squirrel (Sargocentron),Reddish/Big Eyes > Soldier-&Squirrelfishes (Holocentridae) > Genus Squirrel (Sargocentron),38017,28.11.24_Utumbi_Sargassum_ganz.mp4,[2060.4311891],2965097
3475470,Genus Squirrel (Sargocentron),Reddish/Big Eyes > Soldier-&Squirrelfishes (Holocentridae) > Genus Squirrel (Sargocentron),38017,28.11.24_Utumbi_Sargassum_ganz.mp4,[2060.4311891],2965098
3475472,Genus Squirrel (Sargocentron),Reddish/Big Eyes > Soldier-&Squirrelfishes (Holocentridae) > Genus Squirrel (Sargocentron),38017,28.11.24_Utumbi_Sargassum_ganz.mp4,[2060.4311891],2965100
3475479,Genus Squirrel (Sargocentron),Reddish/Big Eyes > Soldier-&Squirrelfishes (Holocentridae) > Genus Squirrel (Sargocentron),38017,28.11.24_Utumbi_Sargassum_ganz.mp4,[2060.4311891],2965107
3475484,Bicolor (Labroides bicolor),Wrasses > Wrasses (Labridae) > Bicolor (Labroides bicolor),38017,28.11.24_Utumbi_Sargassum_ganz.mp4,[2092.4901056],2965112
3475487,Red-breasted (Cheilinus fasciatus),Wrasses > Wrasses (Labridae) > Red-breasted (Cheilinus fasciatus),38017,28.11.24_Utumbi_Sargassum_ganz.mp4,[2231.2312257],2965115
3475488,Red-breasted (Cheilinus fasciatus),Wrasses > Wrasses (Labridae) > Red-breasted (Cheilinus fasciatus),38017,28.11.24_Utumbi_Sargassum_ganz.mp4,[2231.2312257],2965116
3475491,Orangespotted (Lethrinus erythracanthus),Sloping Heads > Emperors (Lethrinidae) > Orangespotted (Lethrinus erythracanthus),38017,28.11.24_Utumbi_Sargassum_ganz.mp4,[2490.100715],2965119
3475517,Bullethead (Chlorurus sordidus),Parrotfishes > Parrotfishes (Scaridae) > Bullethead (Chlorurus sordidus),38017,28.11.24_Utumbi_Sargassum_ganz.mp4,[2598.9075032],2965145
3475518,Bullethead (Chlorurus sordidus),Parrotfishes > Parrotfishes (Scaridae) > Bullethead (Chlorurus sordidus),38017,28.11.24_Utumbi_Sargassum_ganz.mp4,[2598.9075032],2965146
3475519,Bullethead (Chlorurus sordidus),Parrotfishes > Parrotfishes (Scaridae) > Bullethead (Chlorurus sordidus),38017,28.11.24_Utumbi_Sargassum_ganz.mp4,[2598.9075032],2965147
3475520,Bullethead (Chlorurus sordidus),Parrotfishes > Parrotfishes (Scaridae) > Bullethead (Chlorurus sordidus),38017,28.11.24_Utumbi_Sargassum_ganz.mp4,[2598.9075032],2965148
3475521,Bullethead (Chlorurus sordidus),Parrotfishes > Parrotfishes (Scaridae) > Bullethead (Chlorurus sordidus),38017,28.11.24_Utumbi_Sargassum_ganz.mp4,[2598.9075032],2965149
3475522,Bullethead (Chlorurus sordidus),Parrotfishes > Parrotfishes (Scaridae) > Bullethead (Chlorurus sordidus),38017,28.11.24_Utumbi_Sargassum_ganz.mp4,[2598.9075032],2965150
3475523,Bullethead (Chlorurus sordidus),Parrotfishes > Parrotfishes (Scaridae) > Bullethead (Chlorurus sordidus),38017,28.11.24_Utumbi_Sargassum_ganz.mp4,[2598.9075032],2965151
3475524,Bullethead (Chlorurus sordidus),Parrotfishes > Parrotfishes (Scaridae) > Bullethead (Chlorurus sordidus),38017,28.11.24_Utumbi_Sargassum_ganz.mp4,[2598.9075032],2965152
3475529,Longbarbel (Parupeneus macronemus),Odd-shaped Swimmers > Goatfishes (Mullidae) > Longbarbel (Parupeneus macronemus),38017,28.11.24_Utumbi_Sargassum_ganz.mp4,[2620.2515458],2965157
3475531,Longbarbel (Parupeneus macronemus),Odd-shaped Swimmers > Goatfishes (Mullidae) > Longbarbel (Parupeneus macronemus),38017,28.11.24_Utumbi_Sargassum_ganz.mp4,[2620.2515458],2965159
3475553,Meyer's (Chaetodon meyeri),Disk-shaped/Colourful > Butterflyfishes (Chaetodontidae) > Meyer's (Chaetodon meyeri),38017,28.11.24_Utumbi_Sargassum_ganz.mp4,[2751.3175755],2965181
3475573,Mozambique Fangblenny (Meiacanthus mossambicus),Blennies > Blennies (Blenniidae) > Mozambique Fangblenny (Meiacanthus mossambicus),38017,28.11.24_Utumbi_Sargassum_ganz.mp4,[2857.8407154],2965201
3475576,Paletail Unicorn (Naso brevirostris),Large Ovals > Surgeonfishes (Acanthuridae) > Paletail Unicorn (Naso brevirostris),38017,28.11.24_Utumbi_Sargassum_ganz.mp4,[2904.5240395],2965204
3475577,Paletail Unicorn (Naso brevirostris),Large Ovals > Surgeonfishes (Acanthuridae) > Paletail Unicorn (Naso brevirostris),38017,28.11.24_Utumbi_Sargassum_ganz.mp4,[2904.5240395],2965205
3475599,Parrotfishes (Scaridae),Parrotfishes > Parrotfishes (Scaridae),38017,28.11.24_Utumbi_Sargassum_ganz.mp4,[3021.3942025],2965227
3475600,Parrotfishes (Scaridae),Parrotfishes > Parrotfishes (Scaridae),38017,28.11.24_Utumbi_Sargassum_ganz.mp4,[3021.3942025],2965228
3475601,Parrotfishes (Scaridae),Parrotfishes > Parrotfishes (Scaridae),38017,28.11.24_Utumbi_Sargassum_ganz.mp4,[3021.3942025],2965229
3475602,Parrotfishes (Scaridae),Parrotfishes > Parrotfishes (Scaridae),38017,28.11.24_Utumbi_Sargassum_ganz.mp4,[3021.3942025],2965230
3475603,Parrotfishes (Scaridae),Parrotfishes > Parrotfishes (Scaridae),38017,28.11.24_Utumbi_Sargassum_ganz.mp4,[3021.3942025],2965231
3475604,Parrotfishes (Scaridae),Parrotfishes > Parrotfishes (Scaridae),38017,28.11.24_Utumbi_Sargassum_ganz.mp4,[3021.3942025],2965232
3475605,Parrotfishes (Scaridae),Parrotfishes > Parrotfishes (Scaridae),38017,28.11.24_Utumbi_Sargassum_ganz.mp4,[3021.3942025],2965233
3475606,Parrotfishes (Scaridae),Parrotfishes > Parrotfishes (Scaridae),38017,28.11.24_Utumbi_Sargassum_ganz.mp4,[3021.3942025],2965234
3475607,Parrotfishes (Scaridae),Parrotfishes > Parrotfishes (Scaridae),38017,28.11.24_Utumbi_Sargassum_ganz.mp4,[3021.3942025],2965235
3475608,Parrotfishes (Scaridae),Parrotfishes > Parrotfishes (Scaridae),38017,28.11.24_Utumbi_Sargassum_ganz.mp4,[3036.7894717],2965236
3475609,Parrotfishes (Scaridae),Parrotfishes > Parrotfishes (Scaridae),38017,28.11.24_Utumbi_Sargassum_ganz.mp4,[3036.7894717],2965237
3475610,Parrotfishes (Scaridae),Parrotfishes > Parrotfishes (Scaridae),38017,28.11.24_Utumbi_Sargassum_ganz.mp4,[3036.7894717],2965238
3475611,Parrotfishes (Scaridae),Parrotfishes > Parrotfishes (Scaridae),38017,28.11.24_Utumbi_Sargassum_ganz.mp4,[3036.7894717],2965239
3475612,Parrotfishes (Scaridae),Parrotfishes > Parrotfishes (Scaridae),38017,28.11.24_Utumbi_Sargassum_ganz.mp4,[3036.7894717],2965240
3475613,Parrotfishes (Scaridae),Parrotfishes > Parrotfishes (Scaridae),38017,28.11.24_Utumbi_Sargassum_ganz.mp4,[3036.7894717],2965241
3475614,Parrotfishes (Scaridae),Parrotfishes > Parrotfishes (Scaridae),38017,28.11.24_Utumbi_Sargassum_ganz.mp4,[3036.7894717],2965242
3475615,Parrotfishes (Scaridae),Parrotfishes > Parrotfishes (Scaridae),38017,28.11.24_Utumbi_Sargassum_ganz.mp4,[3036.7894717],2965243
3475616,Parrotfishes (Scaridae),Parrotfishes > Parrotfishes (Scaridae),38017,28.11.24_Utumbi_Sargassum_ganz.mp4,[3036.7894717],2965244
3475617,Parrotfishes (Scaridae),Parrotfishes > Parrotfishes (Scaridae),38017,28.11.24_Utumbi_Sargassum_ganz.mp4,[3036.7894717],2965245
3475618,Parrotfishes (Scaridae),Parrotfishes > Parrotfishes (Scaridae),38017,28.11.24_Utumbi_Sargassum_ganz.mp4,[3036.7894717],2965246
3475619,Parrotfishes (Scaridae),Parrotfishes > Parrotfishes (Scaridae),38017,28.11.24_Utumbi_Sargassum_ganz.mp4,[3036.7894717],2965247
3475620,Parrotfishes (Scaridae),Parrotfishes > Parrotfishes (Scaridae),38017,28.11.24_Utumbi_Sargassum_ganz.mp4,[3036.7894717],2965248
3475621,Parrotfishes (Scaridae),Parrotfishes > Parrotfishes (Scaridae),38017,28.11.24_Utumbi_Sargassum_ganz.mp4,[3036.7894717],2965249
3475622,Parrotfishes (Scaridae),Parrotfishes > Parrotfishes (Scaridae),38017,28.11.24_Utumbi_Sargassum_ganz.mp4,[3036.7894717],2965250
3475623,Parrotfishes (Scaridae),Parrotfishes > Parrotfishes (Scaridae),38017,28.11.24_Utumbi_Sargassum_ganz.mp4,[3036.7894717],2965251
3475624,Barred (Hemigymnus fasciatus),Wrasses > Wrasses (Labridae) > Barred (Hemigymnus fasciatus),38017,28.11.24_Utumbi_Sargassum_ganz.mp4,[3133.7810513],2965252
3475630,Humpnose Bigeye (Monotaxis grandoculis),Sloping Heads > Emperors (Lethrinidae) > Humpnose Bigeye (Monotaxis grandoculis),38017,28.11.24_Utumbi_Sargassum_ganz.mp4,[3237.3300506],2965258
3475632,Humpnose Bigeye (Monotaxis grandoculis),Sloping Heads > Emperors (Lethrinidae) > Humpnose Bigeye (Monotaxis grandoculis),38017,28.11.24_Utumbi_Sargassum_ganz.mp4,[3237.3300506],2965260
3475641,Bird wrasse (Gomphosus caeruleus),Wrasses > Wrasses (Labridae) > Bird wrasse (Gomphosus caeruleus),38017,28.11.24_Utumbi_Sargassum_ganz.mp4,[3253.4848543],2965269
3475643,Bird wrasse (Gomphosus caeruleus),Wrasses > Wrasses (Labridae) > Bird wrasse (Gomphosus caeruleus),38017,28.11.24_Utumbi_Sargassum_ganz.mp4,[3253.4848543],2965271
3475669,Scrawled (Aluterus scriptus),Odd-shaped Swimmers > Filefishes (Monacanthidae) > Scrawled (Aluterus scriptus),38017,28.11.24_Utumbi_Sargassum_ganz.mp4,[3500.651296],2965297
3475682,Raccoon (Chaetodon lunula),Disk-shaped/Colourful > Butterflyfishes (Chaetodontidae) > Raccoon (Chaetodon lunula),38017,28.11.24_Utumbi_Sargassum_ganz.mp4,[3535.5263853],2965310
3475683,Raccoon (Chaetodon lunula),Disk-shaped/Colourful > Butterflyfishes (Chaetodontidae) > Raccoon (Chaetodon lunula),38017,28.11.24_Utumbi_Sargassum_ganz.mp4,[3535.5263853],2965311
3548393,Genus Chromis,Small Ovals - Damselfishes > Damselfishes (Pomacentridae) > Genus Chromis,38017,28.11.24_Utumbi_Sargassum_ganz.mp4,[2445.023191],3032018
3548394,Genus Chromis,Small Ovals - Damselfishes > Damselfishes (Pomacentridae) > Genus Chromis,38017,28.11.24_Utumbi_Sargassum_ganz.mp4,[2445.023191],3032019
3548395,Genus Chromis,Small Ovals - Damselfishes > Damselfishes (Pomacentridae) > Genus Chromis,38017,28.11.24_Utumbi_Sargassum_ganz.mp4,[2445.023191],3032020
3548396,Genus Chromis,Small Ovals - Damselfishes > Damselfishes (Pomacentridae) > Genus Chromis,38017,28.11.24_Utumbi_Sargassum_ganz.mp4,[2445.023191],3032021
3548397,Genus Chromis,Small Ovals - Damselfishes > Damselfishes (Pomacentridae) > Genus Chromis,38017,28.11.24_Utumbi_Sargassum_ganz.mp4,[2445.023191],3032022
3548398,Genus Chromis,Small Ovals - Damselfishes > Damselfishes (Pomacentridae) > Genus Chromis,38017,28.11.24_Utumbi_Sargassum_ganz.mp4,[2445.023191],3032023
3548399,Genus Chromis,Small Ovals - Damselfishes > Damselfishes (Pomacentridae) > Genus Chromis,38017,28.11.24_Utumbi_Sargassum_ganz.mp4,[2445.023191],3032024
3548400,Genus Chromis,Small Ovals - Damselfishes > Damselfishes (Pomacentridae) > Genus Chromis,38017,28.11.24_Utumbi_Sargassum_ganz.mp4,[2445.023191],3032025
3548401,Genus Chromis,Small Ovals - Damselfishes > Damselfishes (Pomacentridae) > Genus Chromis,38017,28.11.24_Utumbi_Sargassum_ganz.mp4,[2445.023191],3032026
3548402,Genus Chromis,Small Ovals - Damselfishes > Damselfishes (Pomacentridae) > Genus Chromis,38017,28.11.24_Utumbi_Sargassum_ganz.mp4,[2445.023191],3032027
3548403,Genus Chromis,Small Ovals - Damselfishes > Damselfishes (Pomacentridae) > Genus Chromis,38017,28.11.24_Utumbi_Sargassum_ganz.mp4,[2445.023191],3032028
3548404,Genus Chromis,Small Ovals - Damselfishes > Damselfishes (Pomacentridae) > Genus Chromis,38017,28.11.24_Utumbi_Sargassum_ganz.mp4,[2445.023191],3032029
3548405,Genus Chromis,Small Ovals - Damselfishes > Damselfishes (Pomacentridae) > Genus Chromis,38017,28.11.24_Utumbi_Sargassum_ganz.mp4,[2445.023191],3032030
3548406,Genus Chromis,Small Ovals - Damselfishes > Damselfishes (Pomacentridae) > Genus Chromis,38017,28.11.24_Utumbi_Sargassum_ganz.mp4,[2445.023191],3032031
3548407,Genus Chromis,Small Ovals - Damselfishes > Damselfishes (Pomacentridae) > Genus Chromis,38017,28.11.24_Utumbi_Sargassum_ganz.mp4,[2445.023191],3032032
3548408,Genus Chromis,Small Ovals - Damselfishes > Damselfishes (Pomacentridae) > Genus Chromis,38017,28.11.24_Utumbi_Sargassum_ganz.mp4,[2445.023191],3032033
3548409,Genus Chromis,Small Ovals - Damselfishes > Damselfishes (Pomacentridae) > Genus Chromis,38017,28.11.24_Utumbi_Sargassum_ganz.mp4,[2445.023191],3032034
3548410,Genus Chromis,Small Ovals - Damselfishes > Damselfishes (Pomacentridae) > Genus Chromis,38017,28.11.24_Utumbi_Sargassum_ganz.mp4,[2445.023191],3032035
3548411,Genus Chromis,Small Ovals - Damselfishes > Damselfishes (Pomacentridae) > Genus Chromis,38017,28.11.24_Utumbi_Sargassum_ganz.mp4,[2445.023191],3032036
3548412,Genus Chromis,Small Ovals - Damselfishes > Damselfishes (Pomacentridae) > Genus Chromis,38017,28.11.24_Utumbi_Sargassum_ganz.mp4,[2445.023191],3032037
3548413,Genus Chromis,Small Ovals - Damselfishes > Damselfishes (Pomacentridae) > Genus Chromis,38017,28.11.24_Utumbi_Sargassum_ganz.mp4,[2445.023191],3032038
3548414,Genus Chromis,Small Ovals - Damselfishes > Damselfishes (Pomacentridae) > Genus Chromis,38017,28.11.24_Utumbi_Sargassum_ganz.mp4,[2445.023191],3032039
3548415,Genus Chromis,Small Ovals - Damselfishes > Damselfishes (Pomacentridae) > Genus Chromis,38017,28.11.24_Utumbi_Sargassum_ganz.mp4,[2445.023191],3032040
3548416,Genus Chromis,Small Ovals - Damselfishes > Damselfishes (Pomacentridae) > Genus Chromis,38017,28.11.24_Utumbi_Sargassum_ganz.mp4,[2445.023191],3032041
3548417,Genus Chromis,Small Ovals - Damselfishes > Damselfishes (Pomacentridae) > Genus Chromis,38017,28.11.24_Utumbi_Sargassum_ganz.mp4,[2445.023191],3032042
3548418,Genus Chromis,Small Ovals - Damselfishes > Damselfishes (Pomacentridae) > Genus Chromis,38017,28.11.24_Utumbi_Sargassum_ganz.mp4,[2445.023191],3032043
3548419,Genus Chromis,Small Ovals - Damselfishes > Damselfishes (Pomacentridae) > Genus Chromis,38017,28.11.24_Utumbi_Sargassum_ganz.mp4,[2445.023191],3032044
3548420,Genus Chromis,Small Ovals - Damselfishes > Damselfishes (Pomacentridae) > Genus Chromis,38017,28.11.24_Utumbi_Sargassum_ganz.mp4,[2445.023191],3032045
3548421,Genus Chromis,Small Ovals - Damselfishes > Damselfishes (Pomacentridae) > Genus Chromis,38017,28.11.24_Utumbi_Sargassum_ganz.mp4,[2445.023191],3032046
3548422,Genus Chromis,Small Ovals - Damselfishes > Damselfishes (Pomacentridae) > Genus Chromis,38017,28.11.24_Utumbi_Sargassum_ganz.mp4,[2445.023191],3032047
3548423,Genus Chromis,Small Ovals - Damselfishes > Damselfishes (Pomacentridae) > Genus Chromis,38017,28.11.24_Utumbi_Sargassum_ganz.mp4,[2445.023191],3032048
3548424,Genus Chromis,Small Ovals - Damselfishes > Damselfishes (Pomacentridae) > Genus Chromis,38017,28.11.24_Utumbi_Sargassum_ganz.mp4,[2445.023191],3032049
3548425,Genus Chromis,Small Ovals - Damselfishes > Damselfishes (Pomacentridae) > Genus Chromis,38017,28.11.24_Utumbi_Sargassum_ganz.mp4,[2445.023191],3032050
3548426,Genus Chromis,Small Ovals - Damselfishes > Damselfishes (Pomacentridae) > Genus Chromis,38017,28.11.24_Utumbi_Sargassum_ganz.mp4,[2445.023191],3032051
3548427,Genus Chromis,Small Ovals - Damselfishes > Damselfishes (Pomacentridae) > Genus Chromis,38017,28.11.24_Utumbi_Sargassum_ganz.mp4,[2445.023191],3032052
3548428,Genus Chromis,Small Ovals - Damselfishes > Damselfishes (Pomacentridae) > Genus Chromis,38017,28.11.24_Utumbi_Sargassum_ganz.mp4,[2445.023191],3032053
3548429,Genus Chromis,Small Ovals - Damselfishes > Damselfishes (Pomacentridae) > Genus Chromis,38017,28.11.24_Utumbi_Sargassum_ganz.mp4,[2445.023191],3032054
3548430,Genus Chromis,Small Ovals - Damselfishes > Damselfishes (Pomacentridae) > Genus Chromis,38017,28.11.24_Utumbi_Sargassum_ganz.mp4,[2445.023191],3032055
3548431,Genus Chromis,Small Ovals - Damselfishes > Damselfishes (Pomacentridae) > Genus Chromis,38017,28.11.24_Utumbi_Sargassum_ganz.mp4,[2445.023191],3032056
3548432,Genus Chromis,Small Ovals - Damselfishes > Damselfishes (Pomacentridae) > Genus Chromis,38017,28.11.24_Utumbi_Sargassum_ganz.mp4,[2445.023191],3032057
3548433,Genus Chromis,Small Ovals - Damselfishes > Damselfishes (Pomacentridae) > Genus Chromis,38017,28.11.24_Utumbi_Sargassum_ganz.mp4,[2445.023191],3032058
3548434,Genus Chromis,Small Ovals - Damselfishes > Damselfishes (Pomacentridae) > Genus Chromis,38017,28.11.24_Utumbi_Sargassum_ganz.mp4,[2445.023191],3032059
3548435,Genus Chromis,Small Ovals - Damselfishes > Damselfishes (Pomacentridae) > Genus Chromis,38017,28.11.24_Utumbi_Sargassum_ganz.mp4,[2445.023191],3032060
3548436,Genus Chromis,Small Ovals - Damselfishes > Damselfishes (Pomacentridae) > Genus Chromis,38017,28.11.24_Utumbi_Sargassum_ganz.mp4,[2445.023191],3032061
3548437,Genus Chromis,Small Ovals - Damselfishes > Damselfishes (Pomacentridae) > Genus Chromis,38017,28.11.24_Utumbi_Sargassum_ganz.mp4,[2445.023191],3032062
3548438,Genus Chromis,Small Ovals - Damselfishes > Damselfishes (Pomacentridae) > Genus Chromis,38017,28.11.24_Utumbi_Sargassum_ganz.mp4,[2445.023191],3032063
3548439,Genus Chromis,Small Ovals - Damselfishes > Damselfishes (Pomacentridae) > Genus Chromis,38017,28.11.24_Utumbi_Sargassum_ganz.mp4,[2445.023191],3032064
3548440,Genus Chromis,Small Ovals - Damselfishes > Damselfishes (Pomacentridae) > Genus Chromis,38017,28.11.24_Utumbi_Sargassum_ganz.mp4,[2445.023191],3032065
3548441,Genus Chromis,Small Ovals - Damselfishes > Damselfishes (Pomacentridae) > Genus Chromis,38017,28.11.24_Utumbi_Sargassum_ganz.mp4,[2445.023191],3032066
3548442,Genus Chromis,Small Ovals - Damselfishes > Damselfishes (Pomacentridae) > Genus Chromis,38017,28.11.24_Utumbi_Sargassum_ganz.mp4,[2445.023191],3032067
3548443,Genus Chromis,Small Ovals - Damselfishes > Damselfishes (Pomacentridae) > Genus Chromis,38017,28.11.24_Utumbi_Sargassum_ganz.mp4,[2445.023191],3032068
3548444,Genus Chromis,Small Ovals - Damselfishes > Damselfishes (Pomacentridae) > Genus Chromis,38017,28.11.24_Utumbi_Sargassum_ganz.mp4,[2445.023191],3032069
3548445,Genus Chromis,Small Ovals - Damselfishes > Damselfishes (Pomacentridae) > Genus Chromis,38017,28.11.24_Utumbi_Sargassum_ganz.mp4,[2445.023191],3032070
3548446,Genus Chromis,Small Ovals - Damselfishes > Damselfishes (Pomacentridae) > Genus Chromis,38017,28.11.24_Utumbi_Sargassum_ganz.mp4,[2445.023191],3032071
3548447,Genus Chromis,Small Ovals - Damselfishes > Damselfishes (Pomacentridae) > Genus Chromis,38017,28.11.24_Utumbi_Sargassum_ganz.mp4,[2445.023191],3032072
3548448,Genus Chromis,Small Ovals - Damselfishes > Damselfishes (Pomacentridae) > Genus Chromis,38017,28.11.24_Utumbi_Sargassum_ganz.mp4,[2445.023191],3032073
3548449,Genus Chromis,Small Ovals - Damselfishes > Damselfishes (Pomacentridae) > Genus Chromis,38017,28.11.24_Utumbi_Sargassum_ganz.mp4,[2445.023191],3032074
3548450,Genus Chromis,Small Ovals - Damselfishes > Damselfishes (Pomacentridae) > Genus Chromis,38017,28.11.24_Utumbi_Sargassum_ganz.mp4,[2445.023191],3032075
3548451,Genus Chromis,Small Ovals - Damselfishes > Damselfishes (Pomacentridae) > Genus Chromis,38017,28.11.24_Utumbi_Sargassum_ganz.mp4,[2445.023191],3032076
3548452,Genus Chromis,Small Ovals - Damselfishes > Damselfishes (Pomacentridae) > Genus Chromis,38017,28.11.24_Utumbi_Sargassum_ganz.mp4,[2445.023191],3032077
3548453,Genus Chromis,Small Ovals - Damselfishes > Damselfishes (Pomacentridae) > Genus Chromis,38017,28.11.24_Utumbi_Sargassum_ganz.mp4,[2445.023191],3032078
3548454,Genus Chromis,Small Ovals - Damselfishes > Damselfishes (Pomacentridae) > Genus Chromis,38017,28.11.24_Utumbi_Sargassum_ganz.mp4,[2445.023191],3032079
3548455,Indian Half-and-Half (Pycnochromis dimidiatus),Small Ovals - Damselfishes > Damselfishes (Pomacentridae) > Indian Half-and-Half (Pycnochromis dimidiatus),38017,28.11.24_Utumbi_Sargassum_ganz.mp4,[187.3122386],3032080
3548456,Indian Half-and-Half (Pycnochromis dimidiatus),Small Ovals - Damselfishes > Damselfishes (Pomacentridae) > Indian Half-and-Half (Pycnochromis dimidiatus),38017,28.11.24_Utumbi_Sargassum_ganz.mp4,[187.3122386],3032081
3548457,Indian Half-and-Half (Pycnochromis dimidiatus),Small Ovals - Damselfishes > Damselfishes (Pomacentridae) > Indian Half-and-Half (Pycnochromis dimidiatus),38017,28.11.24_Utumbi_Sargassum_ganz.mp4,[187.3122386],3032082
3548458,Indian Half-and-Half (Pycnochromis dimidiatus),Small Ovals - Damselfishes > Damselfishes (Pomacentridae) > Indian Half-and-Half (Pycnochromis dimidiatus),38017,28.11.24_Utumbi_Sargassum_ganz.mp4,[187.3122386],3032083
3548459,Indian Half-and-Half (Pycnochromis dimidiatus),Small Ovals - Damselfishes > Damselfishes (Pomacentridae) > Indian Half-and-Half (Pycnochromis dimidiatus),38017,28.11.24_Utumbi_Sargassum_ganz.mp4,[187.3122386],3032084
3548460,Indian Half-and-Half (Pycnochromis dimidiatus),Small Ovals - Damselfishes > Damselfishes (Pomacentridae) > Indian Half-and-Half (Pycnochromis dimidiatus),38017,28.11.24_Utumbi_Sargassum_ganz.mp4,[187.3122386],3032085
3548461,Indian Half-and-Half (Pycnochromis dimidiatus),Small Ovals - Damselfishes > Damselfishes (Pomacentridae) > Indian Half-and-Half (Pycnochromis dimidiatus),38017,28.11.24_Utumbi_Sargassum_ganz.mp4,[187.3122386],3032086
3548462,Indian Half-and-Half (Pycnochromis dimidiatus),Small Ovals - Damselfishes > Damselfishes (Pomacentridae) > Indian Half-and-Half (Pycnochromis dimidiatus),38017,28.11.24_Utumbi_Sargassum_ganz.mp4,[187.3122386],3032087
3548463,Indian Half-and-Half (Pycnochromis dimidiatus),Small Ovals - Damselfishes > Damselfishes (Pomacentridae) > Indian Half-and-Half (Pycnochromis dimidiatus),38017,28.11.24_Utumbi_Sargassum_ganz.mp4,[187.3122386],3032088
3548464,Indian Half-and-Half (Pycnochromis dimidiatus),Small Ovals - Damselfishes > Damselfishes (Pomacentridae) > Indian Half-and-Half (Pycnochromis dimidiatus),38017,28.11.24_Utumbi_Sargassum_ganz.mp4,[187.3122386],3032089
3548465,Indian Half-and-Half (Pycnochromis dimidiatus),Small Ovals - Damselfishes > Damselfishes (Pomacentridae) > Indian Half-and-Half (Pycnochromis dimidiatus),38017,28.11.24_Utumbi_Sargassum_ganz.mp4,[187.3122386],3032090
3548466,Indian Half-and-Half (Pycnochromis dimidiatus),Small Ovals - Damselfishes > Damselfishes (Pomacentridae) > Indian Half-and-Half (Pycnochromis dimidiatus),38017,28.11.24_Utumbi_Sargassum_ganz.mp4,[187.3122386],3032091
3548467,Indian Half-and-Half (Pycnochromis dimidiatus),Small Ovals - Damselfishes > Damselfishes (Pomacentridae) > Indian Half-and-Half (Pycnochromis dimidiatus),38017,28.11.24_Utumbi_Sargassum_ganz.mp4,[187.3122386],3032092
3548468,Indian Half-and-Half (Pycnochromis dimidiatus),Small Ovals - Damselfishes > Damselfishes (Pomacentridae) > Indian Half-and-Half (Pycnochromis dimidiatus),38017,28.11.24_Utumbi_Sargassum_ganz.mp4,[187.3122386],3032093
3548469,Indian Half-and-Half (Pycnochromis dimidiatus),Small Ovals - Damselfishes > Damselfishes (Pomacentridae) > Indian Half-and-Half (Pycnochromis dimidiatus),38017,28.11.24_Utumbi_Sargassum_ganz.mp4,[187.3122386],3032094
3548470,Indian Half-and-Half (Pycnochromis dimidiatus),Small Ovals - Damselfishes > Damselfishes (Pomacentridae) > Indian Half-and-Half (Pycnochromis dimidiatus),38017,28.11.24_Utumbi_Sargassum_ganz.mp4,[187.3122386],3032095
3548471,Indian Half-and-Half (Pycnochromis dimidiatus),Small Ovals - Damselfishes > Damselfishes (Pomacentridae) > Indian Half-and-Half (Pycnochromis dimidiatus),38017,28.11.24_Utumbi_Sargassum_ganz.mp4,[187.3122386],3032096
3548472,Indian Half-and-Half (Pycnochromis dimidiatus),Small Ovals - Damselfishes > Damselfishes (Pomacentridae) > Indian Half-and-Half (Pycnochromis dimidiatus),38017,28.11.24_Utumbi_Sargassum_ganz.mp4,[187.3122386],3032097
3548473,Indian Half-and-Half (Pycnochromis dimidiatus),Small Ovals - Damselfishes > Damselfishes (Pomacentridae) > Indian Half-and-Half (Pycnochromis dimidiatus),38017,28.11.24_Utumbi_Sargassum_ganz.mp4,[187.3122386],3032098
3548474,Indian Half-and-Half (Pycnochromis dimidiatus),Small Ovals - Damselfishes > Damselfishes (Pomacentridae) > Indian Half-and-Half (Pycnochromis dimidiatus),38017,28.11.24_Utumbi_Sargassum_ganz.mp4,[187.3122386],3032099
3548475,Indian Half-and-Half (Pycnochromis dimidiatus),Small Ovals - Damselfishes > Damselfishes (Pomacentridae) > Indian Half-and-Half (Pycnochromis dimidiatus),38017,28.11.24_Utumbi_Sargassum_ganz.mp4,[187.3122386],3032100
3548476,Indian Half-and-Half (Pycnochromis dimidiatus),Small Ovals - Damselfishes > Damselfishes (Pomacentridae) > Indian Half-and-Half (Pycnochromis dimidiatus),38017,28.11.24_Utumbi_Sargassum_ganz.mp4,[187.3122386],3032101
3548477,Indian Half-and-Half (Pycnochromis dimidiatus),Small Ovals - Damselfishes > Damselfishes (Pomacentridae) > Indian Half-and-Half (Pycnochromis dimidiatus),38017,28.11.24_Utumbi_Sargassum_ganz.mp4,[187.3122386],3032102
3548478,Indian Half-and-Half (Pycnochromis dimidiatus),Small Ovals - Damselfishes > Damselfishes (Pomacentridae) > Indian Half-and-Half (Pycnochromis dimidiatus),38017,28.11.24_Utumbi_Sargassum_ganz.mp4,[187.3122386],3032103
3548479,Indian Half-and-Half (Pycnochromis dimidiatus),Small Ovals - Damselfishes > Damselfishes (Pomacentridae) > Indian Half-and-Half (Pycnochromis dimidiatus),38017,28.11.24_Utumbi_Sargassum_ganz.mp4,[187.3122386],3032104
3548480,Indian Half-and-Half (Pycnochromis dimidiatus),Small Ovals - Damselfishes > Damselfishes (Pomacentridae) > Indian Half-and-Half (Pycnochromis dimidiatus),38017,28.11.24_Utumbi_Sargassum_ganz.mp4,[187.3122386],3032105
3548481,Indian Half-and-Half (Pycnochromis dimidiatus),Small Ovals - Damselfishes > Damselfishes (Pomacentridae) > Indian Half-and-Half (Pycnochromis dimidiatus),38017,28.11.24_Utumbi_Sargassum_ganz.mp4,[187.3122386],3032106
3548482,Indian Half-and-Half (Pycnochromis dimidiatus),Small Ovals - Damselfishes > Damselfishes (Pomacentridae) > Indian Half-and-Half (Pycnochromis dimidiatus),38017,28.11.24_Utumbi_Sargassum_ganz.mp4,[187.3122386],3032107
3548483,Indian Half-and-Half (Pycnochromis dimidiatus),Small Ovals - Damselfishes > Damselfishes (Pomacentridae) > Indian Half-and-Half (Pycnochromis dimidiatus),38017,28.11.24_Utumbi_Sargassum_ganz.mp4,[187.3122386],3032108
3559409,Orangespotted (Lethrinus erythracanthus),Sloping Heads > Emperors (Lethrinidae) > Orangespotted (Lethrinus erythracanthus),38017,28.11.24_Utumbi_Sargassum_ganz.mp4,[2478.4312255],3042180
3620595,Yellowbreast (Anampses twistii),Wrasses > Wrasses (Labridae) > Yellowbreast (Anampses twistii),38017,28.11.24_Utumbi_Sargassum_ganz.mp4,[305.755354],3079936
3620855,Emperors (Lethrinidae),Sloping Heads > Emperors (Lethrinidae),38017,28.11.24_Utumbi_Sargassum_ganz.mp4,[2130.476432],3080196
