video_annotation_label_id,label_name,label_hierarchy,video_id,video_filename,frames,annotation_id
3467948,Green (Amblyglyphidodon indicus),Small Ovals - Damselfishes > Damselfishes (Pomacentridae) > Green (Amblyglyphidodon indicus),38015,24.11.24_Milimani_Makerel_ganz.mp4,[1.9399333],2957601
3467949,Lined Bristletooth (Ctenochaetus striatus),Large Ovals > Surgeonfishes (Acanthuridae) > Lined Bristletooth (Ctenochaetus striatus),38015,24.11.24_Milimani_Makerel_ganz.mp4,[3.4193225],2957602
3467950,Lined Bristletooth (Ctenochaetus striatus),Large Ovals > Surgeonfishes (Acanthuridae) > Lined Bristletooth (Ctenochaetus striatus),38015,24.11.24_Milimani_Makerel_ganz.mp4,[3.4193225],2957603
3467951,Goldbar (Thalassoma hebraicum),Wrasses > Wrasses (Labridae) > Goldbar (Thalassoma hebraicum),38015,24.11.24_Milimani_Makerel_ganz.mp4,[4.3883563],2957604
3467952,Goldbar (Thalassoma hebraicum),Wrasses > Wrasses (Labridae) > Goldbar (Thalassoma hebraicum),38015,24.11.24_Milimani_Makerel_ganz.mp4,[7.5792366],2957605
3467953,Goldbar (Thalassoma hebraicum),Wrasses > Wrasses (Labridae) > Goldbar (Thalassoma hebraicum),38015,24.11.24_Milimani_Makerel_ganz.mp4,[7.5792366],2957606
3467954,Indian Half-and-Half (Pycnochromis dimidiatus),Small Ovals - Damselfishes > Damselfishes (Pomacentridae) > Indian Half-and-Half (Pycnochromis dimidiatus),38015,24.11.24_Milimani_Makerel_ganz.mp4,[14.4675828],2957607
3467955,Bird wrasse (Gomphosus caeruleus),Wrasses > Wrasses (Labridae) > Bird wrasse (Gomphosus caeruleus),38015,24.11.24_Milimani_Makerel_ganz.mp4,[22.6432043],2957608
3467959,Green (Amblyglyphidodon indicus),Small Ovals - Damselfishes > Damselfishes (Pomacentridae) > Green (Amblyglyphidodon indicus),38015,24.11.24_Milimani_Makerel_ganz.mp4,[64.8206926],2957612
3467960,Green (Amblyglyphidodon indicus),Small Ovals - Damselfishes > Damselfishes (Pomacentridae) > Green (Amblyglyphidodon indicus),38015,24.11.24_Milimani_Makerel_ganz.mp4,[64.8206926],2957613
3467961,Green (Amblyglyphidodon indicus),Small Ovals - Damselfishes > Damselfishes (Pomacentridae) > Green (Amblyglyphidodon indicus),38015,24.11.24_Milimani_Makerel_ganz.mp4,[64.3919169],2957614
3467962,Green (Amblyglyphidodon indicus),Small Ovals - Damselfishes > Damselfishes (Pomacentridae) > Green (Amblyglyphidodon indicus),38015,24.11.24_Milimani_Makerel_ganz.mp4,[64.3919169],2957615
3467963,Green (Amblyglyphidodon indicus),Small Ovals - Damselfishes > Damselfishes (Pomacentridae) > Green (Amblyglyphidodon indicus),38015,24.11.24_Milimani_Makerel_ganz.mp4,[64.3919169],2957616
3467964,Sixbar (Thalassoma hardwicke),Wrasses > Wrasses (Labridae) > Sixbar (Thalassoma hardwicke),38015,24.11.24_Milimani_Makerel_ganz.mp4,[66.9557265],2957617
3467965,Genus Chromis,Small Ovals - Damselfishes > Damselfishes (Pomacentridae) > Genus Chromis,38015,24.11.24_Milimani_Makerel_ganz.mp4,[67.255757],2957618
3467966,Brown Pigmy (Centropyge multispinis),Disk-shaped/Colourful > Angelfishes (Pomacanthidae) > Brown Pigmy (Centropyge multispinis),38015,24.11.24_Milimani_Makerel_ganz.mp4,[68.6889257],2957619
3467967,Brown Tang (Zebrasoma scopas),Large Ovals > Surgeonfishes (Acanthuridae) > Brown Tang (Zebrasoma scopas),38015,24.11.24_Milimani_Makerel_ganz.mp4,[75.9625189],2957620
3467968,Green (Amblyglyphidodon indicus),Small Ovals - Damselfishes > Damselfishes (Pomacentridae) > Green (Amblyglyphidodon indicus),38015,24.11.24_Milimani_Makerel_ganz.mp4,[98.6958626],2957621
3467969,Green (Amblyglyphidodon indicus),Small Ovals - Damselfishes > Damselfishes (Pomacentridae) > Green (Amblyglyphidodon indicus),38015,24.11.24_Milimani_Makerel_ganz.mp4,[98.6958626],2957622
3467970,Green (Amblyglyphidodon indicus),Small Ovals - Damselfishes > Damselfishes (Pomacentridae) > Green (Amblyglyphidodon indicus),38015,24.11.24_Milimani_Makerel_ganz.mp4,[98.6958626],2957623
3467971,Green (Amblyglyphidodon indicus),Small Ovals - Damselfishes > Damselfishes (Pomacentridae) > Green (Amblyglyphidodon indicus),38015,24.11.24_Milimani_Makerel_ganz.mp4,[98.6958626],2957624
3467972,Parrotfishes (Scaridae),Parrotfishes > Parrotfishes (Scaridae),38015,24.11.24_Milimani_Makerel_ganz.mp4,[102.3203656],2957625
3467973,Redmouth (Aethaloperca rogaa),Heavy Bodies/Large Lips > Groupers (Serranidae) > Redmouth (Aethaloperca rogaa),38015,24.11.24_Milimani_Makerel_ganz.mp4,[111.5660063],2957626
3467974,Spotted (Chaetodon guttatissimus),Disk-shaped/Colourful > Butterflyfishes (Chaetodontidae) > Spotted (Chaetodon guttatissimus),38015,24.11.24_Milimani_Makerel_ganz.mp4,[141.0570619],2957627
3467975,Scissortail Sergeant (Abudefduf sexfasciatus),Small Ovals - Damselfishes > Damselfishes (Pomacentridae) > Scissortail Sergeant (Abudefduf sexfasciatus),38015,24.11.24_Milimani_Makerel_ganz.mp4,[170.9572789],2957628
3467976,Paletail Unicorn (Naso brevirostris),Large Ovals > Surgeonfishes (Acanthuridae) > Paletail Unicorn (Naso brevirostris),38015,24.11.24_Milimani_Makerel_ganz.mp4,[178.354427],2957629
3467977,Paletail Unicorn (Naso brevirostris),Large Ovals > Surgeonfishes (Acanthuridae) > Paletail Unicorn (Naso brevirostris),38015,24.11.24_Milimani_Makerel_ganz.mp4,[178.354427],2957630
3467978,Paletail Unicorn (Naso brevirostris),Large Ovals > Surgeonfishes (Acanthuridae) > Paletail Unicorn (Naso brevirostris),38015,24.11.24_Milimani_Makerel_ganz.mp4,[178.354427],2957631
3467979,Paletail Unicorn (Naso brevirostris),Large Ovals > Surgeonfishes (Acanthuridae) > Paletail Unicorn (Naso brevirostris),38015,24.11.24_Milimani_Makerel_ganz.mp4,[178.354427],2957632
3467980,Paletail Unicorn (Naso brevirostris),Large Ovals > Surgeonfishes (Acanthuridae) > Paletail Unicorn (Naso brevirostris),38015,24.11.24_Milimani_Makerel_ganz.mp4,[178.354427],2957633
3467981,Triggerfishes (Balistidae),Odd-shaped Swimmers > Triggerfishes (Balistidae),38015,24.11.24_Milimani_Makerel_ganz.mp4,[181.7910532],2957634
3467982,Triggerfishes (Balistidae),Odd-shaped Swimmers > Triggerfishes (Balistidae),38015,24.11.24_Milimani_Makerel_ganz.mp4,[181.7910532],2957635
3467983,Scissortail Sergeant (Abudefduf sexfasciatus),Small Ovals - Damselfishes > Damselfishes (Pomacentridae) > Scissortail Sergeant (Abudefduf sexfasciatus),38015,24.11.24_Milimani_Makerel_ganz.mp4,[183.782984],2957636
3467984,Scissortail Sergeant (Abudefduf sexfasciatus),Small Ovals - Damselfishes > Damselfishes (Pomacentridae) > Scissortail Sergeant (Abudefduf sexfasciatus),38015,24.11.24_Milimani_Makerel_ganz.mp4,[183.782984],2957637
3467985,Moon (Thalassoma lunare),Wrasses > Wrasses (Labridae) > Moon (Thalassoma lunare),38015,24.11.24_Milimani_Makerel_ganz.mp4,[192.8585392],2957638
3467986,Red (Lutjanus bohar),Sloping Heads > Snappers (Lutjanidae) > Red (Lutjanus bohar),38015,24.11.24_Milimani_Makerel_ganz.mp4,[203.8757221],2957639
3467987,Orange-lined (Balistapus undulatus),Odd-shaped Swimmers > Triggerfishes (Balistidae) > Orange-lined (Balistapus undulatus),38015,24.11.24_Milimani_Makerel_ganz.mp4,[211.6415972],2957640
3467988,Brown Tang (Zebrasoma scopas),Large Ovals > Surgeonfishes (Acanthuridae) > Brown Tang (Zebrasoma scopas),38015,24.11.24_Milimani_Makerel_ganz.mp4,[211.6415972],2957641
3467989,Brown Tang (Zebrasoma scopas),Large Ovals > Surgeonfishes (Acanthuridae) > Brown Tang (Zebrasoma scopas),38015,24.11.24_Milimani_Makerel_ganz.mp4,[211.6415972],2957642
3467990,Pyramid (Hemitaurichthys zoster),Disk-shaped/Colourful > Butterflyfishes (Chaetodontidae) > Pyramid (Hemitaurichthys zoster),38015,24.11.24_Milimani_Makerel_ganz.mp4,[234.2286215],2957643
3467991,Parrotfishes (Scaridae),Parrotfishes > Parrotfishes (Scaridae),38015,24.11.24_Milimani_Makerel_ganz.mp4,[234.671939],2957644
3467992,Parrotfishes (Scaridae),Parrotfishes > Parrotfishes (Scaridae),38015,24.11.24_Milimani_Makerel_ganz.mp4,[234.671939],2957645
3467993,Honeycomb (Siganus stellatus),Large Ovals > Rabbitfishes (Siganidae) > Honeycomb (Siganus stellatus),38015,24.11.24_Milimani_Makerel_ganz.mp4,[237.9269304],2957646
3467994,Honeycomb (Siganus stellatus),Large Ovals > Rabbitfishes (Siganidae) > Honeycomb (Siganus stellatus),38015,24.11.24_Milimani_Makerel_ganz.mp4,[237.9269304],2957647
3467995,Black-backed (Chaetodon melannotus),Disk-shaped/Colourful > Butterflyfishes (Chaetodontidae) > Black-backed (Chaetodon melannotus),38015,24.11.24_Milimani_Makerel_ganz.mp4,[239.5197516],2957648
3467996,Mozambique Fangblenny (Meiacanthus mossambicus),Blennies > Blennies (Blenniidae) > Mozambique Fangblenny (Meiacanthus mossambicus),38015,24.11.24_Milimani_Makerel_ganz.mp4,[255.8662977],2957649
3467997,Moon (Thalassoma lunare),Wrasses > Wrasses (Labridae) > Moon (Thalassoma lunare),38015,24.11.24_Milimani_Makerel_ganz.mp4,[276.8973898],2957650
3467998,Moon (Thalassoma lunare),Wrasses > Wrasses (Labridae) > Moon (Thalassoma lunare),38015,24.11.24_Milimani_Makerel_ganz.mp4,[276.8973898],2957651
3467999,Humpnose Bigeye (Monotaxis grandoculis),Sloping Heads > Emperors (Lethrinidae) > Humpnose Bigeye (Monotaxis grandoculis),38015,24.11.24_Milimani_Makerel_ganz.mp4,[288.7790232],2957652
3468000,Filefishes (Monacanthidae),Odd-shaped Swimmers > Filefishes (Monacanthidae),38015,24.11.24_Milimani_Makerel_ganz.mp4,[298.8398703],2957653
3468002,Indian Redfin (Chaetodon trifasciatus),Disk-shaped/Colourful > Butterflyfishes (Chaetodontidae) > Indian Redfin (Chaetodon trifasciatus),38015,24.11.24_Milimani_Makerel_ganz.mp4,[326.3171191],2957655
3468003,Indian Redfin (Chaetodon trifasciatus),Disk-shaped/Colourful > Butterflyfishes (Chaetodontidae) > Indian Redfin (Chaetodon trifasciatus),38015,24.11.24_Milimani_Makerel_ganz.mp4,[328.9900117],2957656
3468004,Indian Redfin (Chaetodon trifasciatus),Disk-shaped/Colourful > Butterflyfishes (Chaetodontidae) > Indian Redfin (Chaetodon trifasciatus),38015,24.11.24_Milimani_Makerel_ganz.mp4,[328.9900117],2957657
3468005,Sixbar (Thalassoma hardwicke),Wrasses > Wrasses (Labridae) > Sixbar (Thalassoma hardwicke),38015,24.11.24_Milimani_Makerel_ganz.mp4,[332.7999184],2957658
3468006,Sixbar (Thalassoma hardwicke),Wrasses > Wrasses (Labridae) > Sixbar (Thalassoma hardwicke),38015,24.11.24_Milimani_Makerel_ganz.mp4,[332.7999184],2957659
3468007,Emperors (Lethrinidae),Sloping Heads > Emperors (Lethrinidae),38015,24.11.24_Milimani_Makerel_ganz.mp4,[362.4010416],2957660
3468008,Regal (Pygoplites diacanthus),Disk-shaped/Colourful > Angelfishes (Pomacanthidae) > Regal (Pygoplites diacanthus),38015,24.11.24_Milimani_Makerel_ganz.mp4,[388.5472273],2957661
3468524,Redmouth (Aethaloperca rogaa),Heavy Bodies/Large Lips > Groupers (Serranidae) > Redmouth (Aethaloperca rogaa),38015,24.11.24_Milimani_Makerel_ganz.mp4,[396.8957296],2958166
3468525,Redmouth (Aethaloperca rogaa),Heavy Bodies/Large Lips > Groupers (Serranidae) > Redmouth (Aethaloperca rogaa),38015,24.11.24_Milimani_Makerel_ganz.mp4,[396.8957296],2958167
3468526,Red (Lutjanus bohar),Sloping Heads > Snappers (Lutjanidae) > Red (Lutjanus bohar),38015,24.11.24_Milimani_Makerel_ganz.mp4,[420.8312],2958168
3468527,Red (Lutjanus bohar),Sloping Heads > Snappers (Lutjanidae) > Red (Lutjanus bohar),38015,24.11.24_Milimani_Makerel_ganz.mp4,[420.8312],2958169
3468528,Sixbar (Thalassoma hardwicke),Wrasses > Wrasses (Labridae) > Sixbar (Thalassoma hardwicke),38015,24.11.24_Milimani_Makerel_ganz.mp4,[426.790204],2958170
3468529,Sixbar (Thalassoma hardwicke),Wrasses > Wrasses (Labridae) > Sixbar (Thalassoma hardwicke),38015,24.11.24_Milimani_Makerel_ganz.mp4,[426.790204],2958171
3468530,Sixbar (Thalassoma hardwicke),Wrasses > Wrasses (Labridae) > Sixbar (Thalassoma hardwicke),38015,24.11.24_Milimani_Makerel_ganz.mp4,[426.790204],2958172
3468531,Moorish Idol (Zanclus cornutus),Large Ovals > Moorish Idol (Zanclidae) > Moorish Idol (Zanclus cornutus),38015,24.11.24_Milimani_Makerel_ganz.mp4,[429.3259291],2958173
3468532,Moorish Idol (Zanclus cornutus),Large Ovals > Moorish Idol (Zanclidae) > Moorish Idol (Zanclus cornutus),38015,24.11.24_Milimani_Makerel_ganz.mp4,[429.3259291],2958174
3468533,Raccoon (Chaetodon lunula),Disk-shaped/Colourful > Butterflyfishes (Chaetodontidae) > Raccoon (Chaetodon lunula),38015,24.11.24_Milimani_Makerel_ganz.mp4,[448.1443693],2958175
3468534,Raccoon (Chaetodon lunula),Disk-shaped/Colourful > Butterflyfishes (Chaetodontidae) > Raccoon (Chaetodon lunula),38015,24.11.24_Milimani_Makerel_ganz.mp4,[448.1443693],2958176
3468536,Lined Bristletooth (Ctenochaetus striatus),Large Ovals > Surgeonfishes (Acanthuridae) > Lined Bristletooth (Ctenochaetus striatus),38015,24.11.24_Milimani_Makerel_ganz.mp4,[471.2759377],2958178
3468537,Lined Bristletooth (Ctenochaetus striatus),Large Ovals > Surgeonfishes (Acanthuridae) > Lined Bristletooth (Ctenochaetus striatus),38015,24.11.24_Milimani_Makerel_ganz.mp4,[471.2759377],2958179
3468538,Lined Bristletooth (Ctenochaetus striatus),Large Ovals > Surgeonfishes (Acanthuridae) > Lined Bristletooth (Ctenochaetus striatus),38015,24.11.24_Milimani_Makerel_ganz.mp4,[471.2759377],2958180
3468540,Bullethead (Chlorurus sordidus),Parrotfishes > Parrotfishes (Scaridae) > Bullethead (Chlorurus sordidus),38015,24.11.24_Milimani_Makerel_ganz.mp4,[500.4694018],2958182
3468541,Bullethead (Chlorurus sordidus),Parrotfishes > Parrotfishes (Scaridae) > Bullethead (Chlorurus sordidus),38015,24.11.24_Milimani_Makerel_ganz.mp4,[501.9860198],2958183
3468542,Bullethead (Chlorurus sordidus),Parrotfishes > Parrotfishes (Scaridae) > Bullethead (Chlorurus sordidus),38015,24.11.24_Milimani_Makerel_ganz.mp4,[501.9860198],2958184
3468543,Orange-lined (Balistapus undulatus),Odd-shaped Swimmers > Triggerfishes (Balistidae) > Orange-lined (Balistapus undulatus),38015,24.11.24_Milimani_Makerel_ganz.mp4,[503.7656127],2958185
3468544,Orange-lined (Balistapus undulatus),Odd-shaped Swimmers > Triggerfishes (Balistidae) > Orange-lined (Balistapus undulatus),38015,24.11.24_Milimani_Makerel_ganz.mp4,[503.7656127],2958186
3468545,Threadfin (Chaetodon auriga),Disk-shaped/Colourful > Butterflyfishes (Chaetodontidae) > Threadfin (Chaetodon auriga),38015,24.11.24_Milimani_Makerel_ganz.mp4,[504.3129819],2958187
3468547,Moon (Thalassoma lunare),Wrasses > Wrasses (Labridae) > Moon (Thalassoma lunare),38015,24.11.24_Milimani_Makerel_ganz.mp4,[637.0603249],2958189
3468548,Moon (Thalassoma lunare),Wrasses > Wrasses (Labridae) > Moon (Thalassoma lunare),38015,24.11.24_Milimani_Makerel_ganz.mp4,[637.0603249],2958190
3468549,Moon (Thalassoma lunare),Wrasses > Wrasses (Labridae) > Moon (Thalassoma lunare),38015,24.11.24_Milimani_Makerel_ganz.mp4,[637.0603249],2958191
3468550,Humpnose Bigeye (Monotaxis grandoculis),Sloping Heads > Emperors (Lethrinidae) > Humpnose Bigeye (Monotaxis grandoculis),38015,24.11.24_Milimani_Makerel_ganz.mp4,[651.8870035],2958192
3468551,Humpnose Bigeye (Monotaxis grandoculis),Sloping Heads > Emperors (Lethrinidae) > Humpnose Bigeye (Monotaxis grandoculis),38015,24.11.24_Milimani_Makerel_ganz.mp4,[651.8870035],2958193
3468552,Groupers (Serranidae),Heavy Bodies/Large Lips > Groupers (Serranidae),38015,24.11.24_Milimani_Makerel_ganz.mp4,[697.6992263],2958194
3468553,Green Interested,Small Ovals - Damselfishes > Damselfishes (Pomacentridae) > Green (Amblyglyphidodon indicus) > Green Interested,38015,24.11.24_Milimani_Makerel_ganz.mp4,[739.117134],2958195
3468564,Brown Tang (Zebrasoma scopas),Large Ovals > Surgeonfishes (Acanthuridae) > Brown Tang (Zebrasoma scopas),38015,24.11.24_Milimani_Makerel_ganz.mp4,[781.1055744],2958206
3468565,Brown Tang (Zebrasoma scopas),Large Ovals > Surgeonfishes (Acanthuridae) > Brown Tang (Zebrasoma scopas),38015,24.11.24_Milimani_Makerel_ganz.mp4,[781.1055744],2958207
3468566,Brown Tang (Zebrasoma scopas),Large Ovals > Surgeonfishes (Acanthuridae) > Brown Tang (Zebrasoma scopas),38015,24.11.24_Milimani_Makerel_ganz.mp4,[781.1055744],2958208
3468567,Brown Tang (Zebrasoma scopas),Large Ovals > Surgeonfishes (Acanthuridae) > Brown Tang (Zebrasoma scopas),38015,24.11.24_Milimani_Makerel_ganz.mp4,[781.1055744],2958209
3468568,Brown Tang (Zebrasoma scopas),Large Ovals > Surgeonfishes (Acanthuridae) > Brown Tang (Zebrasoma scopas),38015,24.11.24_Milimani_Makerel_ganz.mp4,[781.1055744],2958210
3468569,Brown Tang (Zebrasoma scopas),Large Ovals > Surgeonfishes (Acanthuridae) > Brown Tang (Zebrasoma scopas),38015,24.11.24_Milimani_Makerel_ganz.mp4,[781.1055744],2958211
3468570,Longbarbel (Parupeneus macronemus),Odd-shaped Swimmers > Goatfishes (Mullidae) > Longbarbel (Parupeneus macronemus),38015,24.11.24_Milimani_Makerel_ganz.mp4,[790.8098474],2958212
3470589,Barred (Hemigymnus fasciatus),Wrasses > Wrasses (Labridae) > Barred (Hemigymnus fasciatus),38015,24.11.24_Milimani_Makerel_ganz.mp4,[805.3503222],2960219
3470590,Blackeye (Hemigymnus melapterus),Wrasses > Wrasses (Labridae) > Blackeye (Hemigymnus melapterus),38015,24.11.24_Milimani_Makerel_ganz.mp4,[910.7165288],2960220
3470591,Groupers (Serranidae),Heavy Bodies/Large Lips > Groupers (Serranidae),38015,24.11.24_Milimani_Makerel_ganz.mp4,[922.9128941],2960221
3470592,Groupers (Serranidae),Heavy Bodies/Large Lips > Groupers (Serranidae),38015,24.11.24_Milimani_Makerel_ganz.mp4,[922.9128941],2960222
3470593,Swarthy (Scarus niger),Parrotfishes > Parrotfishes (Scaridae) > Swarthy (Scarus niger),38015,24.11.24_Milimani_Makerel_ganz.mp4,[976.3344966],2960223
3470594,Leopard (Cephalopholis leopardus),Heavy Bodies/Large Lips > Groupers (Serranidae) > Leopard (Cephalopholis leopardus),38015,24.11.24_Milimani_Makerel_ganz.mp4,[977.1002446],2960224
3470595,Spotted (Chaetodon guttatissimus),Disk-shaped/Colourful > Butterflyfishes (Chaetodontidae) > Spotted (Chaetodon guttatissimus),38015,24.11.24_Milimani_Makerel_ganz.mp4,[1026.2582709],2960225
3470596,Spotted (Chaetodon guttatissimus),Disk-shaped/Colourful > Butterflyfishes (Chaetodontidae) > Spotted (Chaetodon guttatissimus),38015,24.11.24_Milimani_Makerel_ganz.mp4,[1026.2582709],2960226
3470597,Peacock (Cephalopholis argus),Heavy Bodies/Large Lips > Groupers (Serranidae) > Peacock (Cephalopholis argus),38015,24.11.24_Milimani_Makerel_ganz.mp4,[1055.8108715],2960227
3470598,Checkerboard (Halichoeres hortulanus),Wrasses > Wrasses (Labridae) > Checkerboard (Halichoeres hortulanus),38015,24.11.24_Milimani_Makerel_ganz.mp4,[1057.2838835],2960228
3470601,Indian Redfin (Chaetodon trifasciatus),Disk-shaped/Colourful > Butterflyfishes (Chaetodontidae) > Indian Redfin (Chaetodon trifasciatus),38015,24.11.24_Milimani_Makerel_ganz.mp4,[1105.9420983],2960231
3470602,Indian Redfin (Chaetodon trifasciatus),Disk-shaped/Colourful > Butterflyfishes (Chaetodontidae) > Indian Redfin (Chaetodon trifasciatus),38015,24.11.24_Milimani_Makerel_ganz.mp4,[1105.9420983],2960232
3470603,Indian Redfin (Chaetodon trifasciatus),Disk-shaped/Colourful > Butterflyfishes (Chaetodontidae) > Indian Redfin (Chaetodon trifasciatus),38015,24.11.24_Milimani_Makerel_ganz.mp4,[1105.9420983],2960233
3470604,Chevroned (Chaetodon trifascialis),Disk-shaped/Colourful > Butterflyfishes (Chaetodontidae) > Chevroned (Chaetodon trifascialis),38015,24.11.24_Milimani_Makerel_ganz.mp4,[1130.6516584],2960234
3470605,Humpback Unicorn (Naso brachycentron),Large Ovals > Surgeonfishes (Acanthuridae) > Humpback Unicorn (Naso brachycentron),38015,24.11.24_Milimani_Makerel_ganz.mp4,[1213.6996707],2960235
3470610,Emperors (Lethrinidae),Sloping Heads > Emperors (Lethrinidae),38015,24.11.24_Milimani_Makerel_ganz.mp4,[1379.6156317],2960240
3470611,Axilspot Hogfish (Bodianus axillaris),Wrasses > Wrasses (Labridae) > Axilspot Hogfish (Bodianus axillaris),38015,24.11.24_Milimani_Makerel_ganz.mp4,[1412.8530817],2960241
3470614,Jacks/Trevallyes (Carangidae),Silvery > Jacks/Trevallyes (Carangidae),38015,24.11.24_Milimani_Makerel_ganz.mp4,[1529.7296389],2960244
3470618,Wrasses (Labridae),Wrasses > Wrasses (Labridae),38015,24.11.24_Milimani_Makerel_ganz.mp4,[1559.5086221],2960248
3470619,Bluefin (Caranx melampygus),Silvery > Jacks/Trevallyes (Carangidae) > Bluefin (Caranx melampygus),38015,24.11.24_Milimani_Makerel_ganz.mp4,[1573.3666214],2960249
3470621,Green Feeding,Small Ovals - Damselfishes > Damselfishes (Pomacentridae) > Green (Amblyglyphidodon indicus) > Green Feeding,38015,24.11.24_Milimani_Makerel_ganz.mp4,[1617.195198],2960251
3470624,Green Feeding,Small Ovals - Damselfishes > Damselfishes (Pomacentridae) > Green (Amblyglyphidodon indicus) > Green Feeding,38015,24.11.24_Milimani_Makerel_ganz.mp4,[1617.1951979],2960254
3470626,Red-breasted (Cheilinus fasciatus),Wrasses > Wrasses (Labridae) > Red-breasted (Cheilinus fasciatus),38015,24.11.24_Milimani_Makerel_ganz.mp4,[1674.9465713],2960256
3470627,Bullethead (Chlorurus sordidus),Parrotfishes > Parrotfishes (Scaridae) > Bullethead (Chlorurus sordidus),38015,24.11.24_Milimani_Makerel_ganz.mp4,[1678.5225024],2960257
3470628,Bullethead (Chlorurus sordidus),Parrotfishes > Parrotfishes (Scaridae) > Bullethead (Chlorurus sordidus),38015,24.11.24_Milimani_Makerel_ganz.mp4,[1678.5225024],2960258
3470629,Bullethead (Chlorurus sordidus),Parrotfishes > Parrotfishes (Scaridae) > Bullethead (Chlorurus sordidus),38015,24.11.24_Milimani_Makerel_ganz.mp4,[1678.5225024],2960259
3470630,Bullethead (Chlorurus sordidus),Parrotfishes > Parrotfishes (Scaridae) > Bullethead (Chlorurus sordidus),38015,24.11.24_Milimani_Makerel_ganz.mp4,[1694.8939627],2960260
3470631,Bullethead (Chlorurus sordidus),Parrotfishes > Parrotfishes (Scaridae) > Bullethead (Chlorurus sordidus),38015,24.11.24_Milimani_Makerel_ganz.mp4,[1694.8939627],2960261
3470632,Bullethead (Chlorurus sordidus),Parrotfishes > Parrotfishes (Scaridae) > Bullethead (Chlorurus sordidus),38015,24.11.24_Milimani_Makerel_ganz.mp4,[1694.8939627],2960262
3470633,Bullethead (Chlorurus sordidus),Parrotfishes > Parrotfishes (Scaridae) > Bullethead (Chlorurus sordidus),38015,24.11.24_Milimani_Makerel_ganz.mp4,[1694.8939627],2960263
3470634,Bullethead (Chlorurus sordidus),Parrotfishes > Parrotfishes (Scaridae) > Bullethead (Chlorurus sordidus),38015,24.11.24_Milimani_Makerel_ganz.mp4,[1694.8939627],2960264
3470635,Bullethead (Chlorurus sordidus),Parrotfishes > Parrotfishes (Scaridae) > Bullethead (Chlorurus sordidus),38015,24.11.24_Milimani_Makerel_ganz.mp4,[1694.8939627],2960265
3470636,Longbarbel (Parupeneus macronemus),Odd-shaped Swimmers > Goatfishes (Mullidae) > Longbarbel (Parupeneus macronemus),38015,24.11.24_Milimani_Makerel_ganz.mp4,[1772.8633575],2960266
3470637,Longbarbel (Parupeneus macronemus),Odd-shaped Swimmers > Goatfishes (Mullidae) > Longbarbel (Parupeneus macronemus),38015,24.11.24_Milimani_Makerel_ganz.mp4,[1772.8633575],2960267
3470638,Green Feeding,Small Ovals - Damselfishes > Damselfishes (Pomacentridae) > Green (Amblyglyphidodon indicus) > Green Feeding,38015,24.11.24_Milimani_Makerel_ganz.mp4,[1789.3287129],2960268
3470639,Green Feeding,Small Ovals - Damselfishes > Damselfishes (Pomacentridae) > Green (Amblyglyphidodon indicus) > Green Feeding,38015,24.11.24_Milimani_Makerel_ganz.mp4,[1789.3287129],2960269
3470640,Green Feeding,Small Ovals - Damselfishes > Damselfishes (Pomacentridae) > Green (Amblyglyphidodon indicus) > Green Feeding,38015,24.11.24_Milimani_Makerel_ganz.mp4,[1789.3287129],2960270
3470641,Wrasses (Labridae),Wrasses > Wrasses (Labridae),38015,24.11.24_Milimani_Makerel_ganz.mp4,[1823.5534557],2960271
3470642,Green Feeding,Small Ovals - Damselfishes > Damselfishes (Pomacentridae) > Green (Amblyglyphidodon indicus) > Green Feeding,38015,24.11.24_Milimani_Makerel_ganz.mp4,[1847.6902084],2960272
3470643,Green Feeding,Small Ovals - Damselfishes > Damselfishes (Pomacentridae) > Green (Amblyglyphidodon indicus) > Green Feeding,38015,24.11.24_Milimani_Makerel_ganz.mp4,[1847.6902084],2960273
3470644,Green Feeding,Small Ovals - Damselfishes > Damselfishes (Pomacentridae) > Green (Amblyglyphidodon indicus) > Green Feeding,38015,24.11.24_Milimani_Makerel_ganz.mp4,[1847.6902084],2960274
3470645,Green Feeding,Small Ovals - Damselfishes > Damselfishes (Pomacentridae) > Green (Amblyglyphidodon indicus) > Green Feeding,38015,24.11.24_Milimani_Makerel_ganz.mp4,[1847.6902084],2960275
3470646,Black-backed (Chaetodon melannotus),Disk-shaped/Colourful > Butterflyfishes (Chaetodontidae) > Black-backed (Chaetodon melannotus),38015,24.11.24_Milimani_Makerel_ganz.mp4,[1864.3604601],2960276
3470647,Black-backed (Chaetodon melannotus),Disk-shaped/Colourful > Butterflyfishes (Chaetodontidae) > Black-backed (Chaetodon melannotus),38015,24.11.24_Milimani_Makerel_ganz.mp4,[1864.3604601],2960277
3470650,Red Interested,Sloping Heads > Snappers (Lutjanidae) > Red (Lutjanus bohar) > Red Interested,38015,24.11.24_Milimani_Makerel_ganz.mp4,[1921.4517485],2960280
3470651,Groupers Feeding,Heavy Bodies/Large Lips > Groupers (Serranidae) > Groupers Feeding,38015,24.11.24_Milimani_Makerel_ganz.mp4,[1941.1256872],2960281
3470652,Red Feeding,Sloping Heads > Snappers (Lutjanidae) > Red (Lutjanus bohar) > Red Feeding,38015,24.11.24_Milimani_Makerel_ganz.mp4,[1949.9703977],2960282
3470653,Groupers Interested,Heavy Bodies/Large Lips > Groupers (Serranidae) > Groupers Interested,38015,24.11.24_Milimani_Makerel_ganz.mp4,[1966.0772491],2960283
3470654,Groupers Interested,Heavy Bodies/Large Lips > Groupers (Serranidae) > Groupers Interested,38015,24.11.24_Milimani_Makerel_ganz.mp4,[1966.0772491],2960284
3470655,Goldbar Interested,Wrasses > Wrasses (Labridae) > Goldbar (Thalassoma hebraicum) > Goldbar Interested,38015,24.11.24_Milimani_Makerel_ganz.mp4,[1984.600129],2960285
3470656,Goldbar Interested,Wrasses > Wrasses (Labridae) > Goldbar (Thalassoma hebraicum) > Goldbar Interested,38015,24.11.24_Milimani_Makerel_ganz.mp4,[1984.600129],2960286
3470657,Speckled (Parapercis hexophthalma),Elongate Sand & Burrow Dwellers > Sandperches (Pinguipedidae) > Speckled (Parapercis hexophthalma),38015,24.11.24_Milimani_Makerel_ganz.mp4,[1991.2481884],2960287
3470658,Green (Amblyglyphidodon indicus),Small Ovals - Damselfishes > Damselfishes (Pomacentridae) > Green (Amblyglyphidodon indicus),38015,24.11.24_Milimani_Makerel_ganz.mp4,[2012.9193565],2960288
3470659,Green (Amblyglyphidodon indicus),Small Ovals - Damselfishes > Damselfishes (Pomacentridae) > Green (Amblyglyphidodon indicus),38015,24.11.24_Milimani_Makerel_ganz.mp4,[2012.9193565],2960289
3470660,Green (Amblyglyphidodon indicus),Small Ovals - Damselfishes > Damselfishes (Pomacentridae) > Green (Amblyglyphidodon indicus),38015,24.11.24_Milimani_Makerel_ganz.mp4,[2012.9193565],2960290
3470661,Green (Amblyglyphidodon indicus),Small Ovals - Damselfishes > Damselfishes (Pomacentridae) > Green (Amblyglyphidodon indicus),38015,24.11.24_Milimani_Makerel_ganz.mp4,[2012.9193565],2960291
3470662,Green (Amblyglyphidodon indicus),Small Ovals - Damselfishes > Damselfishes (Pomacentridae) > Green (Amblyglyphidodon indicus),38015,24.11.24_Milimani_Makerel_ganz.mp4,[2012.9193565],2960292
3470663,Green (Amblyglyphidodon indicus),Small Ovals - Damselfishes > Damselfishes (Pomacentridae) > Green (Amblyglyphidodon indicus),38015,24.11.24_Milimani_Makerel_ganz.mp4,[2012.9193565],2960293
3470664,Green (Amblyglyphidodon indicus),Small Ovals - Damselfishes > Damselfishes (Pomacentridae) > Green (Amblyglyphidodon indicus),38015,24.11.24_Milimani_Makerel_ganz.mp4,[2012.9193565],2960294
3470665,Green (Amblyglyphidodon indicus),Small Ovals - Damselfishes > Damselfishes (Pomacentridae) > Green (Amblyglyphidodon indicus),38015,24.11.24_Milimani_Makerel_ganz.mp4,[2012.9193565],2960295
3470666,Moon Interested,Wrasses > Wrasses (Labridae) > Moon (Thalassoma lunare) > Moon Interested,38015,24.11.24_Milimani_Makerel_ganz.mp4,[2018.1640699],2960296
3470667,Goldbar (Thalassoma hebraicum),Wrasses > Wrasses (Labridae) > Goldbar (Thalassoma hebraicum),38015,24.11.24_Milimani_Makerel_ganz.mp4,[2023.9088316],2960297
3470668,Goldbar (Thalassoma hebraicum),Wrasses > Wrasses (Labridae) > Goldbar (Thalassoma hebraicum),38015,24.11.24_Milimani_Makerel_ganz.mp4,[2023.9088316],2960298
3470669,Goldbar (Thalassoma hebraicum),Wrasses > Wrasses (Labridae) > Goldbar (Thalassoma hebraicum),38015,24.11.24_Milimani_Makerel_ganz.mp4,[2023.9088316],2960299
3470670,Goldbar Feeding,Wrasses > Wrasses (Labridae) > Goldbar (Thalassoma hebraicum) > Goldbar Feeding,38015,24.11.24_Milimani_Makerel_ganz.mp4,[2027.6168142],2960300
3470671,Goldbar Feeding,Wrasses > Wrasses (Labridae) > Goldbar (Thalassoma hebraicum) > Goldbar Feeding,38015,24.11.24_Milimani_Makerel_ganz.mp4,[2027.6168142],2960301
3470672,Lyretail Hogfish (Bodianus anthioides),Wrasses > Wrasses (Labridae) > Lyretail Hogfish (Bodianus anthioides),38015,24.11.24_Milimani_Makerel_ganz.mp4,[2035.9306916],2960302
3470673,Titan (Balistoides viridescens),Odd-shaped Swimmers > Triggerfishes (Balistidae) > Titan (Balistoides viridescens),38015,24.11.24_Milimani_Makerel_ganz.mp4,[2332.1201583],2960303
3470675,Sailfin Tang (Zebrasoma desjardinii),Large Ovals > Surgeonfishes (Acanthuridae) > Sailfin Tang (Zebrasoma desjardinii),38015,24.11.24_Milimani_Makerel_ganz.mp4,[2646.6842309],2960305
3470676,Sailfin Tang (Zebrasoma desjardinii),Large Ovals > Surgeonfishes (Acanthuridae) > Sailfin Tang (Zebrasoma desjardinii),38015,24.11.24_Milimani_Makerel_ganz.mp4,[2646.6842309],2960306
3470677,Sailfin Tang (Zebrasoma desjardinii),Large Ovals > Surgeonfishes (Acanthuridae) > Sailfin Tang (Zebrasoma desjardinii),38015,24.11.24_Milimani_Makerel_ganz.mp4,[2646.6842309],2960307
3470678,Sailfin Tang (Zebrasoma desjardinii),Large Ovals > Surgeonfishes (Acanthuridae) > Sailfin Tang (Zebrasoma desjardinii),38015,24.11.24_Milimani_Makerel_ganz.mp4,[2646.6842309],2960308
3470679,Sailfin Tang (Zebrasoma desjardinii),Large Ovals > Surgeonfishes (Acanthuridae) > Sailfin Tang (Zebrasoma desjardinii),38015,24.11.24_Milimani_Makerel_ganz.mp4,[2646.6842309],2960309
3470680,Sailfin Tang (Zebrasoma desjardinii),Large Ovals > Surgeonfishes (Acanthuridae) > Sailfin Tang (Zebrasoma desjardinii),38015,24.11.24_Milimani_Makerel_ganz.mp4,[2646.6842309],2960310
3470681,Sailfin Tang (Zebrasoma desjardinii),Large Ovals > Surgeonfishes (Acanthuridae) > Sailfin Tang (Zebrasoma desjardinii),38015,24.11.24_Milimani_Makerel_ganz.mp4,[2646.6842309],2960311
3470682,Sailfin Tang (Zebrasoma desjardinii),Large Ovals > Surgeonfishes (Acanthuridae) > Sailfin Tang (Zebrasoma desjardinii),38015,24.11.24_Milimani_Makerel_ganz.mp4,[2646.6842309],2960312
3470683,Sailfin Tang (Zebrasoma desjardinii),Large Ovals > Surgeonfishes (Acanthuridae) > Sailfin Tang (Zebrasoma desjardinii),38015,24.11.24_Milimani_Makerel_ganz.mp4,[2646.6842309],2960313
3470684,Sailfin Tang (Zebrasoma desjardinii),Large Ovals > Surgeonfishes (Acanthuridae) > Sailfin Tang (Zebrasoma desjardinii),38015,24.11.24_Milimani_Makerel_ganz.mp4,[2646.6842309],2960314
3470685,Sailfin Tang (Zebrasoma desjardinii),Large Ovals > Surgeonfishes (Acanthuridae) > Sailfin Tang (Zebrasoma desjardinii),38015,24.11.24_Milimani_Makerel_ganz.mp4,[2646.6842309],2960315
3470686,Sailfin Tang (Zebrasoma desjardinii),Large Ovals > Surgeonfishes (Acanthuridae) > Sailfin Tang (Zebrasoma desjardinii),38015,24.11.24_Milimani_Makerel_ganz.mp4,[2646.6842309],2960316
3470687,Sailfin Tang (Zebrasoma desjardinii),Large Ovals > Surgeonfishes (Acanthuridae) > Sailfin Tang (Zebrasoma desjardinii),38015,24.11.24_Milimani_Makerel_ganz.mp4,[2646.6842309],2960317
3470688,Sailfin Tang (Zebrasoma desjardinii),Large Ovals > Surgeonfishes (Acanthuridae) > Sailfin Tang (Zebrasoma desjardinii),38015,24.11.24_Milimani_Makerel_ganz.mp4,[2646.6842309],2960318
3470689,Sailfin Tang (Zebrasoma desjardinii),Large Ovals > Surgeonfishes (Acanthuridae) > Sailfin Tang (Zebrasoma desjardinii),38015,24.11.24_Milimani_Makerel_ganz.mp4,[2646.6842309],2960319
3470690,Sailfin Tang (Zebrasoma desjardinii),Large Ovals > Surgeonfishes (Acanthuridae) > Sailfin Tang (Zebrasoma desjardinii),38015,24.11.24_Milimani_Makerel_ganz.mp4,[2646.6842309],2960320
3470691,Sailfin Tang (Zebrasoma desjardinii),Large Ovals > Surgeonfishes (Acanthuridae) > Sailfin Tang (Zebrasoma desjardinii),38015,24.11.24_Milimani_Makerel_ganz.mp4,[2646.6842309],2960321
3470692,Sailfin Tang (Zebrasoma desjardinii),Large Ovals > Surgeonfishes (Acanthuridae) > Sailfin Tang (Zebrasoma desjardinii),38015,24.11.24_Milimani_Makerel_ganz.mp4,[2646.6842309],2960322
3470693,Sailfin Tang (Zebrasoma desjardinii),Large Ovals > Surgeonfishes (Acanthuridae) > Sailfin Tang (Zebrasoma desjardinii),38015,24.11.24_Milimani_Makerel_ganz.mp4,[2646.6842309],2960323
3470694,Sailfin Tang (Zebrasoma desjardinii),Large Ovals > Surgeonfishes (Acanthuridae) > Sailfin Tang (Zebrasoma desjardinii),38015,24.11.24_Milimani_Makerel_ganz.mp4,[2646.6842309],2960324
3470695,Sailfin Tang (Zebrasoma desjardinii),Large Ovals > Surgeonfishes (Acanthuridae) > Sailfin Tang (Zebrasoma desjardinii),38015,24.11.24_Milimani_Makerel_ganz.mp4,[2646.6842309],2960325
3470696,Sailfin Tang (Zebrasoma desjardinii),Large Ovals > Surgeonfishes (Acanthuridae) > Sailfin Tang (Zebrasoma desjardinii),38015,24.11.24_Milimani_Makerel_ganz.mp4,[2646.6842309],2960326
3470697,Sailfin Tang (Zebrasoma desjardinii),Large Ovals > Surgeonfishes (Acanthuridae) > Sailfin Tang (Zebrasoma desjardinii),38015,24.11.24_Milimani_Makerel_ganz.mp4,[2646.6842309],2960327
3470698,Sailfin Tang (Zebrasoma desjardinii),Large Ovals > Surgeonfishes (Acanthuridae) > Sailfin Tang (Zebrasoma desjardinii),38015,24.11.24_Milimani_Makerel_ganz.mp4,[2646.6842309],2960328
3470699,Sailfin Tang (Zebrasoma desjardinii),Large Ovals > Surgeonfishes (Acanthuridae) > Sailfin Tang (Zebrasoma desjardinii),38015,24.11.24_Milimani_Makerel_ganz.mp4,[2646.6842309],2960329
3470700,Sailfin Tang (Zebrasoma desjardinii),Large Ovals > Surgeonfishes (Acanthuridae) > Sailfin Tang (Zebrasoma desjardinii),38015,24.11.24_Milimani_Makerel_ganz.mp4,[2646.6842309],2960330
3470701,Sailfin Tang (Zebrasoma desjardinii),Large Ovals > Surgeonfishes (Acanthuridae) > Sailfin Tang (Zebrasoma desjardinii),38015,24.11.24_Milimani_Makerel_ganz.mp4,[2646.6842309],2960331
3470702,Sailfin Tang (Zebrasoma desjardinii),Large Ovals > Surgeonfishes (Acanthuridae) > Sailfin Tang (Zebrasoma desjardinii),38015,24.11.24_Milimani_Makerel_ganz.mp4,[2646.6842309],2960332
3470703,Sailfin Tang (Zebrasoma desjardinii),Large Ovals > Surgeonfishes (Acanthuridae) > Sailfin Tang (Zebrasoma desjardinii),38015,24.11.24_Milimani_Makerel_ganz.mp4,[2646.6842309],2960333
3470704,Sailfin Tang (Zebrasoma desjardinii),Large Ovals > Surgeonfishes (Acanthuridae) > Sailfin Tang (Zebrasoma desjardinii),38015,24.11.24_Milimani_Makerel_ganz.mp4,[2646.6842309],2960334
3470705,Sailfin Tang (Zebrasoma desjardinii),Large Ovals > Surgeonfishes (Acanthuridae) > Sailfin Tang (Zebrasoma desjardinii),38015,24.11.24_Milimani_Makerel_ganz.mp4,[2646.6842309],2960335
3470706,Sailfin Tang (Zebrasoma desjardinii),Large Ovals > Surgeonfishes (Acanthuridae) > Sailfin Tang (Zebrasoma desjardinii),38015,24.11.24_Milimani_Makerel_ganz.mp4,[2646.6842309],2960336
3470707,Sailfin Tang (Zebrasoma desjardinii),Large Ovals > Surgeonfishes (Acanthuridae) > Sailfin Tang (Zebrasoma desjardinii),38015,24.11.24_Milimani_Makerel_ganz.mp4,[2646.6842309],2960337
3470708,Sailfin Tang (Zebrasoma desjardinii),Large Ovals > Surgeonfishes (Acanthuridae) > Sailfin Tang (Zebrasoma desjardinii),38015,24.11.24_Milimani_Makerel_ganz.mp4,[2646.6842309],2960338
3470709,Sailfin Tang (Zebrasoma desjardinii),Large Ovals > Surgeonfishes (Acanthuridae) > Sailfin Tang (Zebrasoma desjardinii),38015,24.11.24_Milimani_Makerel_ganz.mp4,[2646.6842309],2960339
3470710,Sailfin Tang (Zebrasoma desjardinii),Large Ovals > Surgeonfishes (Acanthuridae) > Sailfin Tang (Zebrasoma desjardinii),38015,24.11.24_Milimani_Makerel_ganz.mp4,[2646.6842309],2960340
3470711,Sailfin Tang (Zebrasoma desjardinii),Large Ovals > Surgeonfishes (Acanthuridae) > Sailfin Tang (Zebrasoma desjardinii),38015,24.11.24_Milimani_Makerel_ganz.mp4,[2646.6842309],2960341
3470712,Sailfin Tang (Zebrasoma desjardinii),Large Ovals > Surgeonfishes (Acanthuridae) > Sailfin Tang (Zebrasoma desjardinii),38015,24.11.24_Milimani_Makerel_ganz.mp4,[2646.6842309],2960342
3470713,Monk (Acanthurus gahhm),Large Ovals > Surgeonfishes (Acanthuridae) > Monk (Acanthurus gahhm),38015,24.11.24_Milimani_Makerel_ganz.mp4,[2652.2565858],2960343
3470714,Monk (Acanthurus gahhm),Large Ovals > Surgeonfishes (Acanthuridae) > Monk (Acanthurus gahhm),38015,24.11.24_Milimani_Makerel_ganz.mp4,[2652.2565858],2960344
3470715,Morays (Muraenidae),Eels > Morays (Muraenidae),38015,24.11.24_Milimani_Makerel_ganz.mp4,[2918.1758109],2960345
3470716,Undulated Feeding,Eels > Morays (Muraenidae) > Undulated (Gymnothorax undulatus) > Undulated Feeding,38015,24.11.24_Milimani_Makerel_ganz.mp4,[2919.9905294],2960346
3470717,Bicolor (Labroides bicolor),Wrasses > Wrasses (Labridae) > Bicolor (Labroides bicolor),38015,24.11.24_Milimani_Makerel_ganz.mp4,[2923.231935],2960347
3470718,Humpnose Bigeye (Monotaxis grandoculis),Sloping Heads > Emperors (Lethrinidae) > Humpnose Bigeye (Monotaxis grandoculis),38015,24.11.24_Milimani_Makerel_ganz.mp4,[2945.0439008],2960348
3470719,Humpnose Bigeye (Monotaxis grandoculis),Sloping Heads > Emperors (Lethrinidae) > Humpnose Bigeye (Monotaxis grandoculis),38015,24.11.24_Milimani_Makerel_ganz.mp4,[2945.0439008],2960349
3470720,Humpnose Bigeye (Monotaxis grandoculis),Sloping Heads > Emperors (Lethrinidae) > Humpnose Bigeye (Monotaxis grandoculis),38015,24.11.24_Milimani_Makerel_ganz.mp4,[2945.0439008],2960350
3470721,Humpnose Bigeye (Monotaxis grandoculis),Sloping Heads > Emperors (Lethrinidae) > Humpnose Bigeye (Monotaxis grandoculis),38015,24.11.24_Milimani_Makerel_ganz.mp4,[2945.0439008],2960351
3470722,Humpnose Bigeye (Monotaxis grandoculis),Sloping Heads > Emperors (Lethrinidae) > Humpnose Bigeye (Monotaxis grandoculis),38015,24.11.24_Milimani_Makerel_ganz.mp4,[2945.0439008],2960352
3470723,Humpnose Bigeye (Monotaxis grandoculis),Sloping Heads > Emperors (Lethrinidae) > Humpnose Bigeye (Monotaxis grandoculis),38015,24.11.24_Milimani_Makerel_ganz.mp4,[2987.571452],2960353
3470724,Humpnose Bigeye (Monotaxis grandoculis),Sloping Heads > Emperors (Lethrinidae) > Humpnose Bigeye (Monotaxis grandoculis),38015,24.11.24_Milimani_Makerel_ganz.mp4,[2987.571452],2960354
3470725,Humpnose Bigeye (Monotaxis grandoculis),Sloping Heads > Emperors (Lethrinidae) > Humpnose Bigeye (Monotaxis grandoculis),38015,24.11.24_Milimani_Makerel_ganz.mp4,[2987.571452],2960355
3470726,Humpnose Bigeye (Monotaxis grandoculis),Sloping Heads > Emperors (Lethrinidae) > Humpnose Bigeye (Monotaxis grandoculis),38015,24.11.24_Milimani_Makerel_ganz.mp4,[2987.571452],2960356
3470727,Humpnose Bigeye (Monotaxis grandoculis),Sloping Heads > Emperors (Lethrinidae) > Humpnose Bigeye (Monotaxis grandoculis),38015,24.11.24_Milimani_Makerel_ganz.mp4,[2987.571452],2960357
3470728,Humpnose Bigeye (Monotaxis grandoculis),Sloping Heads > Emperors (Lethrinidae) > Humpnose Bigeye (Monotaxis grandoculis),38015,24.11.24_Milimani_Makerel_ganz.mp4,[2987.571452],2960358
3470729,Trumpetfish (Aulostomus chinensis),Odd-shaped Swimmers > Trumpetfishes (Aulostomidae) > Trumpetfish (Aulostomus chinensis),38015,24.11.24_Milimani_Makerel_ganz.mp4,[3000.9441718],2960359
3470730,Parrotfishes (Scaridae),Parrotfishes > Parrotfishes (Scaridae),38015,24.11.24_Milimani_Makerel_ganz.mp4,[3139.1968267],2960360
3470731,Parrotfishes (Scaridae),Parrotfishes > Parrotfishes (Scaridae),38015,24.11.24_Milimani_Makerel_ganz.mp4,[3139.1968267],2960361
3470732,Parrotfishes (Scaridae),Parrotfishes > Parrotfishes (Scaridae),38015,24.11.24_Milimani_Makerel_ganz.mp4,[3139.1968267],2960362
3470733,Parrotfishes (Scaridae),Parrotfishes > Parrotfishes (Scaridae),38015,24.11.24_Milimani_Makerel_ganz.mp4,[3139.1968267],2960363
3470734,Parrotfishes (Scaridae),Parrotfishes > Parrotfishes (Scaridae),38015,24.11.24_Milimani_Makerel_ganz.mp4,[3139.1968267],2960364
3470735,Parrotfishes (Scaridae),Parrotfishes > Parrotfishes (Scaridae),38015,24.11.24_Milimani_Makerel_ganz.mp4,[3139.1968267],2960365
3470736,Parrotfishes (Scaridae),Parrotfishes > Parrotfishes (Scaridae),38015,24.11.24_Milimani_Makerel_ganz.mp4,[3139.1968267],2960366
3470737,Parrotfishes (Scaridae),Parrotfishes > Parrotfishes (Scaridae),38015,24.11.24_Milimani_Makerel_ganz.mp4,[3139.1968267],2960367
3470738,Parrotfishes (Scaridae),Parrotfishes > Parrotfishes (Scaridae),38015,24.11.24_Milimani_Makerel_ganz.mp4,[3139.1968267],2960368
3470739,Parrotfishes (Scaridae),Parrotfishes > Parrotfishes (Scaridae),38015,24.11.24_Milimani_Makerel_ganz.mp4,[3139.1968267],2960369
3470740,Parrotfishes (Scaridae),Parrotfishes > Parrotfishes (Scaridae),38015,24.11.24_Milimani_Makerel_ganz.mp4,[3139.1968267],2960370
3470741,Parrotfishes (Scaridae),Parrotfishes > Parrotfishes (Scaridae),38015,24.11.24_Milimani_Makerel_ganz.mp4,[3139.1968267],2960371
3470742,Parrotfishes (Scaridae),Parrotfishes > Parrotfishes (Scaridae),38015,24.11.24_Milimani_Makerel_ganz.mp4,[3139.1968267],2960372
3470743,Parrotfishes (Scaridae),Parrotfishes > Parrotfishes (Scaridae),38015,24.11.24_Milimani_Makerel_ganz.mp4,[3139.1968267],2960373
3470744,Parrotfishes (Scaridae),Parrotfishes > Parrotfishes (Scaridae),38015,24.11.24_Milimani_Makerel_ganz.mp4,[3139.1968267],2960374
3470745,Parrotfishes (Scaridae),Parrotfishes > Parrotfishes (Scaridae),38015,24.11.24_Milimani_Makerel_ganz.mp4,[3139.1968267],2960375
3470746,Parrotfishes (Scaridae),Parrotfishes > Parrotfishes (Scaridae),38015,24.11.24_Milimani_Makerel_ganz.mp4,[3139.1968267],2960376
3470747,Parrotfishes (Scaridae),Parrotfishes > Parrotfishes (Scaridae),38015,24.11.24_Milimani_Makerel_ganz.mp4,[3139.1968267],2960377
3470748,Parrotfishes (Scaridae),Parrotfishes > Parrotfishes (Scaridae),38015,24.11.24_Milimani_Makerel_ganz.mp4,[3139.1968267],2960378
3470749,Parrotfishes (Scaridae),Parrotfishes > Parrotfishes (Scaridae),38015,24.11.24_Milimani_Makerel_ganz.mp4,[3139.1968267],2960379
3470750,Parrotfishes (Scaridae),Parrotfishes > Parrotfishes (Scaridae),38015,24.11.24_Milimani_Makerel_ganz.mp4,[3139.1968267],2960380
3470751,Parrotfishes (Scaridae),Parrotfishes > Parrotfishes (Scaridae),38015,24.11.24_Milimani_Makerel_ganz.mp4,[3139.1968267],2960381
3470752,Parrotfishes (Scaridae),Parrotfishes > Parrotfishes (Scaridae),38015,24.11.24_Milimani_Makerel_ganz.mp4,[3139.1968267],2960382
3470753,Parrotfishes (Scaridae),Parrotfishes > Parrotfishes (Scaridae),38015,24.11.24_Milimani_Makerel_ganz.mp4,[3139.1968267],2960383
3470754,Parrotfishes (Scaridae),Parrotfishes > Parrotfishes (Scaridae),38015,24.11.24_Milimani_Makerel_ganz.mp4,[3139.1968267],2960384
3470755,Parrotfishes (Scaridae),Parrotfishes > Parrotfishes (Scaridae),38015,24.11.24_Milimani_Makerel_ganz.mp4,[3139.1968267],2960385
3470756,Parrotfishes (Scaridae),Parrotfishes > Parrotfishes (Scaridae),38015,24.11.24_Milimani_Makerel_ganz.mp4,[3139.1968267],2960386
3470757,Parrotfishes (Scaridae),Parrotfishes > Parrotfishes (Scaridae),38015,24.11.24_Milimani_Makerel_ganz.mp4,[3139.1968267],2960387
3470758,Parrotfishes (Scaridae),Parrotfishes > Parrotfishes (Scaridae),38015,24.11.24_Milimani_Makerel_ganz.mp4,[3139.1968267],2960388
3470759,Bluefin (Caranx melampygus),Silvery > Jacks/Trevallyes (Carangidae) > Bluefin (Caranx melampygus),38015,24.11.24_Milimani_Makerel_ganz.mp4,[3163.6836024],2960389
3470760,Bluefin (Caranx melampygus),Silvery > Jacks/Trevallyes (Carangidae) > Bluefin (Caranx melampygus),38015,24.11.24_Milimani_Makerel_ganz.mp4,[3163.6836024],2960390
3470761,Queenfish (Scomberoides lysan),Silvery > Jacks/Trevallyes (Carangidae) > Queenfish (Scomberoides lysan),38015,24.11.24_Milimani_Makerel_ganz.mp4,[3163.6836024],2960391
3470762,Black-lipped (Chaetodon kleinii),Disk-shaped/Colourful > Butterflyfishes (Chaetodontidae) > Black-lipped (Chaetodon kleinii),38015,24.11.24_Milimani_Makerel_ganz.mp4,[3204.3232469],2960392
3470763,Black-lipped Feeding,Disk-shaped/Colourful > Butterflyfishes (Chaetodontidae) > Black-lipped (Chaetodon kleinii) > Black-lipped Feeding,38015,24.11.24_Milimani_Makerel_ganz.mp4,[3225.3229016],2960393
3470764,Black Saddled Toby (Canthigaster valentini),Odd-shaped Swimmers > Puffers (Tetraodontidae) > Black Saddled Toby (Canthigaster valentini),38015,24.11.24_Milimani_Makerel_ganz.mp4,[3266.0091722],2960394
3470765,Freckled (Paracirrhites forsteri),Heavy Bodies/Large Lips > Hawkfishes (Cirrhitidae) > Freckled (Paracirrhites forsteri),38015,24.11.24_Milimani_Makerel_ganz.mp4,[3302.9808629],2960395
3470766,Weber's puller (Chromis weberi),Small Ovals - Damselfishes > Damselfishes (Pomacentridae) > Weber's puller (Chromis weberi),38015,24.11.24_Milimani_Makerel_ganz.mp4,[3343.3920036],2960396
3470767,Ternate (Chromis ternatensis),Small Ovals - Damselfishes > Damselfishes (Pomacentridae) > Ternate (Chromis ternatensis),38015,24.11.24_Milimani_Makerel_ganz.mp4,[3343.3920036],2960397
3470769,Tubelip (Labrichthys unilineatus),Wrasses > Wrasses (Labridae) > Tubelip (Labrichthys unilineatus),38015,24.11.24_Milimani_Makerel_ganz.mp4,[3437.297671],2960399
3470770,Titan Interested,Odd-shaped Swimmers > Triggerfishes (Balistidae) > Titan (Balistoides viridescens) > Titan Interested,38015,24.11.24_Milimani_Makerel_ganz.mp4,[3462.0608433],2960400
3470771,Titan Feeding,Odd-shaped Swimmers > Triggerfishes (Balistidae) > Titan (Balistoides viridescens) > Titan Feeding,38015,24.11.24_Milimani_Makerel_ganz.mp4,[3481.4041967],2960401
3470772,Green Interested,Small Ovals - Damselfishes > Damselfishes (Pomacentridae) > Green (Amblyglyphidodon indicus) > Green Interested,38015,24.11.24_Milimani_Makerel_ganz.mp4,[2497.6886358],2960402
3470773,Green Interested,Small Ovals - Damselfishes > Damselfishes (Pomacentridae) > Green (Amblyglyphidodon indicus) > Green Interested,38015,24.11.24_Milimani_Makerel_ganz.mp4,[2497.6886358],2960403
3470774,Green Interested,Small Ovals - Damselfishes > Damselfishes (Pomacentridae) > Green (Amblyglyphidodon indicus) > Green Interested,38015,24.11.24_Milimani_Makerel_ganz.mp4,[2497.6886358],2960404
3470775,Green Interested,Small Ovals - Damselfishes > Damselfishes (Pomacentridae) > Green (Amblyglyphidodon indicus) > Green Interested,38015,24.11.24_Milimani_Makerel_ganz.mp4,[2497.6886358],2960405
3470776,Green Interested,Small Ovals - Damselfishes > Damselfishes (Pomacentridae) > Green (Amblyglyphidodon indicus) > Green Interested,38015,24.11.24_Milimani_Makerel_ganz.mp4,[2497.6886358],2960406
3470777,Green Interested,Small Ovals - Damselfishes > Damselfishes (Pomacentridae) > Green (Amblyglyphidodon indicus) > Green Interested,38015,24.11.24_Milimani_Makerel_ganz.mp4,[2497.6886358],2960407
3548830,Indian Half-and-Half (Pycnochromis dimidiatus),Small Ovals - Damselfishes > Damselfishes (Pomacentridae) > Indian Half-and-Half (Pycnochromis dimidiatus),38015,24.11.24_Milimani_Makerel_ganz.mp4,[2618.4764504],3032455
3548831,Indian Half-and-Half (Pycnochromis dimidiatus),Small Ovals - Damselfishes > Damselfishes (Pomacentridae) > Indian Half-and-Half (Pycnochromis dimidiatus),38015,24.11.24_Milimani_Makerel_ganz.mp4,[2618.4764504],3032456
3548832,Indian Half-and-Half (Pycnochromis dimidiatus),Small Ovals - Damselfishes > Damselfishes (Pomacentridae) > Indian Half-and-Half (Pycnochromis dimidiatus),38015,24.11.24_Milimani_Makerel_ganz.mp4,[2618.4764504],3032457
3548833,Indian Half-and-Half (Pycnochromis dimidiatus),Small Ovals - Damselfishes > Damselfishes (Pomacentridae) > Indian Half-and-Half (Pycnochromis dimidiatus),38015,24.11.24_Milimani_Makerel_ganz.mp4,[2618.4764504],3032458
3548834,Indian Half-and-Half (Pycnochromis dimidiatus),Small Ovals - Damselfishes > Damselfishes (Pomacentridae) > Indian Half-and-Half (Pycnochromis dimidiatus),38015,24.11.24_Milimani_Makerel_ganz.mp4,[2618.4764504],3032459
3548835,Indian Half-and-Half (Pycnochromis dimidiatus),Small Ovals - Damselfishes > Damselfishes (Pomacentridae) > Indian Half-and-Half (Pycnochromis dimidiatus),38015,24.11.24_Milimani_Makerel_ganz.mp4,[2618.4764504],3032460
3548836,Indian Half-and-Half (Pycnochromis dimidiatus),Small Ovals - Damselfishes > Damselfishes (Pomacentridae) > Indian Half-and-Half (Pycnochromis dimidiatus),38015,24.11.24_Milimani_Makerel_ganz.mp4,[2618.4764504],3032461
3548837,Indian Half-and-Half (Pycnochromis dimidiatus),Small Ovals - Damselfishes > Damselfishes (Pomacentridae) > Indian Half-and-Half (Pycnochromis dimidiatus),38015,24.11.24_Milimani_Makerel_ganz.mp4,[2618.4764504],3032462
3548838,Indian Half-and-Half (Pycnochromis dimidiatus),Small Ovals - Damselfishes > Damselfishes (Pomacentridae) > Indian Half-and-Half (Pycnochromis dimidiatus),38015,24.11.24_Milimani_Makerel_ganz.mp4,[2618.4764504],3032463
3548839,Indian Half-and-Half (Pycnochromis dimidiatus),Small Ovals - Damselfishes > Damselfishes (Pomacentridae) > Indian Half-and-Half (Pycnochromis dimidiatus),38015,24.11.24_Milimani_Makerel_ganz.mp4,[2618.4764504],3032464
3548840,Indian Half-and-Half (Pycnochromis dimidiatus),Small Ovals - Damselfishes > Damselfishes (Pomacentridae) > Indian Half-and-Half (Pycnochromis dimidiatus),38015,24.11.24_Milimani_Makerel_ganz.mp4,[2618.4764504],3032465
3548841,Indian Half-and-Half (Pycnochromis dimidiatus),Small Ovals - Damselfishes > Damselfishes (Pomacentridae) > Indian Half-and-Half (Pycnochromis dimidiatus),38015,24.11.24_Milimani_Makerel_ganz.mp4,[2618.4764504],3032466
3548842,Indian Half-and-Half (Pycnochromis dimidiatus),Small Ovals - Damselfishes > Damselfishes (Pomacentridae) > Indian Half-and-Half (Pycnochromis dimidiatus),38015,24.11.24_Milimani_Makerel_ganz.mp4,[2618.4764504],3032467
3548843,Indian Half-and-Half (Pycnochromis dimidiatus),Small Ovals - Damselfishes > Damselfishes (Pomacentridae) > Indian Half-and-Half (Pycnochromis dimidiatus),38015,24.11.24_Milimani_Makerel_ganz.mp4,[2618.4764504],3032468
3548844,Indian Half-and-Half (Pycnochromis dimidiatus),Small Ovals - Damselfishes > Damselfishes (Pomacentridae) > Indian Half-and-Half (Pycnochromis dimidiatus),38015,24.11.24_Milimani_Makerel_ganz.mp4,[2618.4764504],3032469
3548845,Indian Half-and-Half (Pycnochromis dimidiatus),Small Ovals - Damselfishes > Damselfishes (Pomacentridae) > Indian Half-and-Half (Pycnochromis dimidiatus),38015,24.11.24_Milimani_Makerel_ganz.mp4,[2618.4764504],3032470
3548846,Indian Half-and-Half (Pycnochromis dimidiatus),Small Ovals - Damselfishes > Damselfishes (Pomacentridae) > Indian Half-and-Half (Pycnochromis dimidiatus),38015,24.11.24_Milimani_Makerel_ganz.mp4,[2618.4764504],3032471
3548847,Indian Half-and-Half (Pycnochromis dimidiatus),Small Ovals - Damselfishes > Damselfishes (Pomacentridae) > Indian Half-and-Half (Pycnochromis dimidiatus),38015,24.11.24_Milimani_Makerel_ganz.mp4,[2618.4764504],3032472
3548848,Indian Half-and-Half (Pycnochromis dimidiatus),Small Ovals - Damselfishes > Damselfishes (Pomacentridae) > Indian Half-and-Half (Pycnochromis dimidiatus),38015,24.11.24_Milimani_Makerel_ganz.mp4,[2618.4764504],3032473
3548849,Indian Half-and-Half (Pycnochromis dimidiatus),Small Ovals - Damselfishes > Damselfishes (Pomacentridae) > Indian Half-and-Half (Pycnochromis dimidiatus),38015,24.11.24_Milimani_Makerel_ganz.mp4,[2618.4764504],3032474
3548850,Indian Half-and-Half (Pycnochromis dimidiatus),Small Ovals - Damselfishes > Damselfishes (Pomacentridae) > Indian Half-and-Half (Pycnochromis dimidiatus),38015,24.11.24_Milimani_Makerel_ganz.mp4,[2618.4764504],3032475
3548851,Indian Half-and-Half (Pycnochromis dimidiatus),Small Ovals - Damselfishes > Damselfishes (Pomacentridae) > Indian Half-and-Half (Pycnochromis dimidiatus),38015,24.11.24_Milimani_Makerel_ganz.mp4,[2618.4764504],3032476
3548852,Indian Half-and-Half (Pycnochromis dimidiatus),Small Ovals - Damselfishes > Damselfishes (Pomacentridae) > Indian Half-and-Half (Pycnochromis dimidiatus),38015,24.11.24_Milimani_Makerel_ganz.mp4,[2618.4764504],3032477
3548853,Indian Half-and-Half (Pycnochromis dimidiatus),Small Ovals - Damselfishes > Damselfishes (Pomacentridae) > Indian Half-and-Half (Pycnochromis dimidiatus),38015,24.11.24_Milimani_Makerel_ganz.mp4,[2618.4764504],3032478
3548854,Indian Half-and-Half (Pycnochromis dimidiatus),Small Ovals - Damselfishes > Damselfishes (Pomacentridae) > Indian Half-and-Half (Pycnochromis dimidiatus),38015,24.11.24_Milimani_Makerel_ganz.mp4,[2618.4764504],3032479
3548855,Indian Half-and-Half (Pycnochromis dimidiatus),Small Ovals - Damselfishes > Damselfishes (Pomacentridae) > Indian Half-and-Half (Pycnochromis dimidiatus),38015,24.11.24_Milimani_Makerel_ganz.mp4,[2618.4764504],3032480
3548856,Indian Half-and-Half (Pycnochromis dimidiatus),Small Ovals - Damselfishes > Damselfishes (Pomacentridae) > Indian Half-and-Half (Pycnochromis dimidiatus),38015,24.11.24_Milimani_Makerel_ganz.mp4,[2618.4764504],3032481
3548857,Indian Half-and-Half (Pycnochromis dimidiatus),Small Ovals - Damselfishes > Damselfishes (Pomacentridae) > Indian Half-and-Half (Pycnochromis dimidiatus),38015,24.11.24_Milimani_Makerel_ganz.mp4,[2618.4764504],3032482
3548858,Indian Half-and-Half (Pycnochromis dimidiatus),Small Ovals - Damselfishes > Damselfishes (Pomacentridae) > Indian Half-and-Half (Pycnochromis dimidiatus),38015,24.11.24_Milimani_Makerel_ganz.mp4,[2618.4764504],3032483
3548859,Indian Half-and-Half (Pycnochromis dimidiatus),Small Ovals - Damselfishes > Damselfishes (Pomacentridae) > Indian Half-and-Half (Pycnochromis dimidiatus),38015,24.11.24_Milimani_Makerel_ganz.mp4,[2618.4764504],3032484
3548860,Ternate (Chromis ternatensis),Small Ovals - Damselfishes > Damselfishes (Pomacentridae) > Ternate (Chromis ternatensis),38015,24.11.24_Milimani_Makerel_ganz.mp4,[2625.1520184],3032485
3548861,Ternate (Chromis ternatensis),Small Ovals - Damselfishes > Damselfishes (Pomacentridae) > Ternate (Chromis ternatensis),38015,24.11.24_Milimani_Makerel_ganz.mp4,[2625.1520184],3032486
3548862,Ternate (Chromis ternatensis),Small Ovals - Damselfishes > Damselfishes (Pomacentridae) > Ternate (Chromis ternatensis),38015,24.11.24_Milimani_Makerel_ganz.mp4,[2625.1520184],3032487
3548863,Ternate (Chromis ternatensis),Small Ovals - Damselfishes > Damselfishes (Pomacentridae) > Ternate (Chromis ternatensis),38015,24.11.24_Milimani_Makerel_ganz.mp4,[2625.1520184],3032488
3548864,Ternate (Chromis ternatensis),Small Ovals - Damselfishes > Damselfishes (Pomacentridae) > Ternate (Chromis ternatensis),38015,24.11.24_Milimani_Makerel_ganz.mp4,[2625.1520184],3032489
3548865,Ternate (Chromis ternatensis),Small Ovals - Damselfishes > Damselfishes (Pomacentridae) > Ternate (Chromis ternatensis),38015,24.11.24_Milimani_Makerel_ganz.mp4,[2625.1520184],3032490
3548866,Ternate (Chromis ternatensis),Small Ovals - Damselfishes > Damselfishes (Pomacentridae) > Ternate (Chromis ternatensis),38015,24.11.24_Milimani_Makerel_ganz.mp4,[2625.1520184],3032491
3548867,Ternate (Chromis ternatensis),Small Ovals - Damselfishes > Damselfishes (Pomacentridae) > Ternate (Chromis ternatensis),38015,24.11.24_Milimani_Makerel_ganz.mp4,[2625.1520184],3032492
3548868,Ternate (Chromis ternatensis),Small Ovals - Damselfishes > Damselfishes (Pomacentridae) > Ternate (Chromis ternatensis),38015,24.11.24_Milimani_Makerel_ganz.mp4,[2625.1520184],3032493
3548869,Ternate (Chromis ternatensis),Small Ovals - Damselfishes > Damselfishes (Pomacentridae) > Ternate (Chromis ternatensis),38015,24.11.24_Milimani_Makerel_ganz.mp4,[2625.1520184],3032494
3548870,Ternate (Chromis ternatensis),Small Ovals - Damselfishes > Damselfishes (Pomacentridae) > Ternate (Chromis ternatensis),38015,24.11.24_Milimani_Makerel_ganz.mp4,[2625.1520184],3032495
3548871,Ternate (Chromis ternatensis),Small Ovals - Damselfishes > Damselfishes (Pomacentridae) > Ternate (Chromis ternatensis),38015,24.11.24_Milimani_Makerel_ganz.mp4,[2625.1520184],3032496
3548872,Ternate (Chromis ternatensis),Small Ovals - Damselfishes > Damselfishes (Pomacentridae) > Ternate (Chromis ternatensis),38015,24.11.24_Milimani_Makerel_ganz.mp4,[2625.1520184],3032497
3548873,Ternate (Chromis ternatensis),Small Ovals - Damselfishes > Damselfishes (Pomacentridae) > Ternate (Chromis ternatensis),38015,24.11.24_Milimani_Makerel_ganz.mp4,[2625.1520184],3032498
3548874,Ternate (Chromis ternatensis),Small Ovals - Damselfishes > Damselfishes (Pomacentridae) > Ternate (Chromis ternatensis),38015,24.11.24_Milimani_Makerel_ganz.mp4,[2625.1520184],3032499
3548875,Ternate (Chromis ternatensis),Small Ovals - Damselfishes > Damselfishes (Pomacentridae) > Ternate (Chromis ternatensis),38015,24.11.24_Milimani_Makerel_ganz.mp4,[2625.1520184],3032500
3548876,Ternate (Chromis ternatensis),Small Ovals - Damselfishes > Damselfishes (Pomacentridae) > Ternate (Chromis ternatensis),38015,24.11.24_Milimani_Makerel_ganz.mp4,[2625.1520184],3032501
3548877,Ternate (Chromis ternatensis),Small Ovals - Damselfishes > Damselfishes (Pomacentridae) > Ternate (Chromis ternatensis),38015,24.11.24_Milimani_Makerel_ganz.mp4,[2625.1520184],3032502
3548878,Ternate (Chromis ternatensis),Small Ovals - Damselfishes > Damselfishes (Pomacentridae) > Ternate (Chromis ternatensis),38015,24.11.24_Milimani_Makerel_ganz.mp4,[2625.1520184],3032503
3548879,Ternate (Chromis ternatensis),Small Ovals - Damselfishes > Damselfishes (Pomacentridae) > Ternate (Chromis ternatensis),38015,24.11.24_Milimani_Makerel_ganz.mp4,[2625.1520184],3032504
3548880,Ternate (Chromis ternatensis),Small Ovals - Damselfishes > Damselfishes (Pomacentridae) > Ternate (Chromis ternatensis),38015,24.11.24_Milimani_Makerel_ganz.mp4,[2625.1520184],3032505
3548881,Ternate (Chromis ternatensis),Small Ovals - Damselfishes > Damselfishes (Pomacentridae) > Ternate (Chromis ternatensis),38015,24.11.24_Milimani_Makerel_ganz.mp4,[2625.1520184],3032506
3548882,Ternate (Chromis ternatensis),Small Ovals - Damselfishes > Damselfishes (Pomacentridae) > Ternate (Chromis ternatensis),38015,24.11.24_Milimani_Makerel_ganz.mp4,[2625.1520184],3032507
3548883,Ternate (Chromis ternatensis),Small Ovals - Damselfishes > Damselfishes (Pomacentridae) > Ternate (Chromis ternatensis),38015,24.11.24_Milimani_Makerel_ganz.mp4,[2625.1520184],3032508
3548884,Ternate (Chromis ternatensis),Small Ovals - Damselfishes > Damselfishes (Pomacentridae) > Ternate (Chromis ternatensis),38015,24.11.24_Milimani_Makerel_ganz.mp4,[2625.1520184],3032509
3548885,Ternate (Chromis ternatensis),Small Ovals - Damselfishes > Damselfishes (Pomacentridae) > Ternate (Chromis ternatensis),38015,24.11.24_Milimani_Makerel_ganz.mp4,[2625.1520184],3032510
3548886,Ternate (Chromis ternatensis),Small Ovals - Damselfishes > Damselfishes (Pomacentridae) > Ternate (Chromis ternatensis),38015,24.11.24_Milimani_Makerel_ganz.mp4,[2625.1520184],3032511
3548887,Ternate (Chromis ternatensis),Small Ovals - Damselfishes > Damselfishes (Pomacentridae) > Ternate (Chromis ternatensis),38015,24.11.24_Milimani_Makerel_ganz.mp4,[2625.1520184],3032512
3548888,Ternate (Chromis ternatensis),Small Ovals - Damselfishes > Damselfishes (Pomacentridae) > Ternate (Chromis ternatensis),38015,24.11.24_Milimani_Makerel_ganz.mp4,[2625.1520184],3032513
3548889,Ternate (Chromis ternatensis),Small Ovals - Damselfishes > Damselfishes (Pomacentridae) > Ternate (Chromis ternatensis),38015,24.11.24_Milimani_Makerel_ganz.mp4,[2625.1520184],3032514
3548890,Ternate (Chromis ternatensis),Small Ovals - Damselfishes > Damselfishes (Pomacentridae) > Ternate (Chromis ternatensis),38015,24.11.24_Milimani_Makerel_ganz.mp4,[2625.1520184],3032515
3548891,Ternate (Chromis ternatensis),Small Ovals - Damselfishes > Damselfishes (Pomacentridae) > Ternate (Chromis ternatensis),38015,24.11.24_Milimani_Makerel_ganz.mp4,[2625.1520184],3032516
3548892,Ternate (Chromis ternatensis),Small Ovals - Damselfishes > Damselfishes (Pomacentridae) > Ternate (Chromis ternatensis),38015,24.11.24_Milimani_Makerel_ganz.mp4,[2625.1520184],3032517
3548893,Ternate (Chromis ternatensis),Small Ovals - Damselfishes > Damselfishes (Pomacentridae) > Ternate (Chromis ternatensis),38015,24.11.24_Milimani_Makerel_ganz.mp4,[2625.1520184],3032518
3548894,Ternate (Chromis ternatensis),Small Ovals - Damselfishes > Damselfishes (Pomacentridae) > Ternate (Chromis ternatensis),38015,24.11.24_Milimani_Makerel_ganz.mp4,[2625.1520184],3032519
3548895,Ternate (Chromis ternatensis),Small Ovals - Damselfishes > Damselfishes (Pomacentridae) > Ternate (Chromis ternatensis),38015,24.11.24_Milimani_Makerel_ganz.mp4,[2625.1520184],3032520
3548896,Ternate (Chromis ternatensis),Small Ovals - Damselfishes > Damselfishes (Pomacentridae) > Ternate (Chromis ternatensis),38015,24.11.24_Milimani_Makerel_ganz.mp4,[2625.1520184],3032521
3548897,Ternate (Chromis ternatensis),Small Ovals - Damselfishes > Damselfishes (Pomacentridae) > Ternate (Chromis ternatensis),38015,24.11.24_Milimani_Makerel_ganz.mp4,[2625.1520184],3032522
3548898,Ternate (Chromis ternatensis),Small Ovals - Damselfishes > Damselfishes (Pomacentridae) > Ternate (Chromis ternatensis),38015,24.11.24_Milimani_Makerel_ganz.mp4,[2625.1520184],3032523
3548899,Ternate (Chromis ternatensis),Small Ovals - Damselfishes > Damselfishes (Pomacentridae) > Ternate (Chromis ternatensis),38015,24.11.24_Milimani_Makerel_ganz.mp4,[2625.1520184],3032524
3548900,Weber's puller (Chromis weberi),Small Ovals - Damselfishes > Damselfishes (Pomacentridae) > Weber's puller (Chromis weberi),38015,24.11.24_Milimani_Makerel_ganz.mp4,[2627.562868],3032525
3548901,Weber's puller (Chromis weberi),Small Ovals - Damselfishes > Damselfishes (Pomacentridae) > Weber's puller (Chromis weberi),38015,24.11.24_Milimani_Makerel_ganz.mp4,[2631.7397776],3032526
3548902,Weber's puller (Chromis weberi),Small Ovals - Damselfishes > Damselfishes (Pomacentridae) > Weber's puller (Chromis weberi),38015,24.11.24_Milimani_Makerel_ganz.mp4,[2631.7397776],3032527
3548903,Weber's puller (Chromis weberi),Small Ovals - Damselfishes > Damselfishes (Pomacentridae) > Weber's puller (Chromis weberi),38015,24.11.24_Milimani_Makerel_ganz.mp4,[2631.7397776],3032528
3548904,Weber's puller (Chromis weberi),Small Ovals - Damselfishes > Damselfishes (Pomacentridae) > Weber's puller (Chromis weberi),38015,24.11.24_Milimani_Makerel_ganz.mp4,[2631.7397775],3032529
3559335,Wirenet (Cantherhines pardalis),Odd-shaped Swimmers > Filefishes (Monacanthidae) > Wirenet (Cantherhines pardalis),38015,24.11.24_Milimani_Makerel_ganz.mp4,[300.3992959],3042110
3559336,Arabian Monocle (Scolopsis ghanam),Sloping Heads > Coral Breams (Nemipteridae) > Arabian Monocle (Scolopsis ghanam),38015,24.11.24_Milimani_Makerel_ganz.mp4,[2607.2212811],3042111
3559337,Arabian Monocle (Scolopsis ghanam),Sloping Heads > Coral Breams (Nemipteridae) > Arabian Monocle (Scolopsis ghanam),38015,24.11.24_Milimani_Makerel_ganz.mp4,[2607.2212811],3042112
3610189,Turtle (Cheloniidae),Turtles > Turtle (Cheloniidae),38015,24.11.24_Milimani_Makerel_ganz.mp4,[3383.219811],3071851
3620575,Longnose (Oxymonacanthus longirostris),Odd-shaped Swimmers > Filefishes (Monacanthidae) > Longnose (Oxymonacanthus longirostris),38015,24.11.24_Milimani_Makerel_ganz.mp4,[44.613511],3079916
3620576,Longnose (Oxymonacanthus longirostris),Odd-shaped Swimmers > Filefishes (Monacanthidae) > Longnose (Oxymonacanthus longirostris),38015,24.11.24_Milimani_Makerel_ganz.mp4,[44.613511],3079917
3620577,Jacks/Trevallyes (Carangidae),Silvery > Jacks/Trevallyes (Carangidae),38015,24.11.24_Milimani_Makerel_ganz.mp4,[1531.131211],3079918
3620578,Stomatapoda,Stomatapoda,38015,24.11.24_Milimani_Makerel_ganz.mp4,[1585.212989],3079919
