video_annotation_label_id,label_name,label_hierarchy,video_id,video_filename,frames,annotation_id
3541345,Red (Lutjanus bohar),Sloping Heads > Snappers (Lutjanidae) > Red (Lutjanus bohar),38038,29.11.2024_Milimani_Sargassum_ganz.mp4,[0.519226],3025975
3541353,Scissortail Sergeant (Abudefduf sexfasciatus),Small Ovals - Damselfishes > Damselfishes (Pomacentridae) > Scissortail Sergeant (Abudefduf sexfasciatus),38038,29.11.2024_Milimani_Sargassum_ganz.mp4,[0.363656],3025983
3541355,Scissortail Sergeant (Abudefduf sexfasciatus),Small Ovals - Damselfishes > Damselfishes (Pomacentridae) > Scissortail Sergeant (Abudefduf sexfasciatus),38038,29.11.2024_Milimani_Sargassum_ganz.mp4,[0.363656],3025985
3541359,Genus Chromis,Small Ovals - Damselfishes > Damselfishes (Pomacentridae) > Genus Chromis,38038,29.11.2024_Milimani_Sargassum_ganz.mp4,[2.5051057],3025989
3541366,Indian Half-and-Half (Pycnochromis dimidiatus),Small Ovals - Damselfishes > Damselfishes (Pomacentridae) > Indian Half-and-Half (Pycnochromis dimidiatus),38038,29.11.2024_Milimani_Sargassum_ganz.mp4,[5.8015975],3025996
3541633,Brown Pigmy (Centropyge multispinis),Disk-shaped/Colourful > Angelfishes (Pomacanthidae) > Brown Pigmy (Centropyge multispinis),38038,29.11.2024_Milimani_Sargassum_ganz.mp4,[10.0631871],3026260
3541636,Green (Amblyglyphidodon indicus),Small Ovals - Damselfishes > Damselfishes (Pomacentridae) > Green (Amblyglyphidodon indicus),38038,29.11.2024_Milimani_Sargassum_ganz.mp4,[16.9641585],3026263
3541643,Green (Amblyglyphidodon indicus),Small Ovals - Damselfishes > Damselfishes (Pomacentridae) > Green (Amblyglyphidodon indicus),38038,29.11.2024_Milimani_Sargassum_ganz.mp4,[21.4155165],3026265
3541644,Green (Amblyglyphidodon indicus),Small Ovals - Damselfishes > Damselfishes (Pomacentridae) > Green (Amblyglyphidodon indicus),38038,29.11.2024_Milimani_Sargassum_ganz.mp4,[21.4155165],3026266
3541646,Goldbar (Thalassoma hebraicum),Wrasses > Wrasses (Labridae) > Goldbar (Thalassoma hebraicum),38038,29.11.2024_Milimani_Sargassum_ganz.mp4,[21.4155165],3026268
3541648,Green Interested,Small Ovals - Damselfishes > Damselfishes (Pomacentridae) > Green (Amblyglyphidodon indicus) > Green Interested,38038,29.11.2024_Milimani_Sargassum_ganz.mp4,[21.4155165],3026270
3541650,Green Feeding,Small Ovals - Damselfishes > Damselfishes (Pomacentridae) > Green (Amblyglyphidodon indicus) > Green Feeding,38038,29.11.2024_Milimani_Sargassum_ganz.mp4,[24.6604014],3026272
3541652,Moon (Thalassoma lunare),Wrasses > Wrasses (Labridae) > Moon (Thalassoma lunare),38038,29.11.2024_Milimani_Sargassum_ganz.mp4,[32.501483],3026274
3541653,Moon (Thalassoma lunare),Wrasses > Wrasses (Labridae) > Moon (Thalassoma lunare),38038,29.11.2024_Milimani_Sargassum_ganz.mp4,[46.3556741],3026275
3541655,Moon (Thalassoma lunare),Wrasses > Wrasses (Labridae) > Moon (Thalassoma lunare),38038,29.11.2024_Milimani_Sargassum_ganz.mp4,[46.3556741],3026277
3541659,Green (Amblyglyphidodon indicus),Small Ovals - Damselfishes > Damselfishes (Pomacentridae) > Green (Amblyglyphidodon indicus),38038,29.11.2024_Milimani_Sargassum_ganz.mp4,[61.1807123],3026281
3541661,Green (Amblyglyphidodon indicus),Small Ovals - Damselfishes > Damselfishes (Pomacentridae) > Green (Amblyglyphidodon indicus),38038,29.11.2024_Milimani_Sargassum_ganz.mp4,[61.1807123],3026283
3541662,Green (Amblyglyphidodon indicus),Small Ovals - Damselfishes > Damselfishes (Pomacentridae) > Green (Amblyglyphidodon indicus),38038,29.11.2024_Milimani_Sargassum_ganz.mp4,[61.1807123],3026284
3541664,Green (Amblyglyphidodon indicus),Small Ovals - Damselfishes > Damselfishes (Pomacentridae) > Green (Amblyglyphidodon indicus),38038,29.11.2024_Milimani_Sargassum_ganz.mp4,[61.1807123],3026286
3541671,Bird wrasse (Gomphosus caeruleus),Wrasses > Wrasses (Labridae) > Bird wrasse (Gomphosus caeruleus),38038,29.11.2024_Milimani_Sargassum_ganz.mp4,[75.0407004],3026293
3541673,Tubelip (Labrichthys unilineatus),Wrasses > Wrasses (Labridae) > Tubelip (Labrichthys unilineatus),38038,29.11.2024_Milimani_Sargassum_ganz.mp4,[76.7185456],3026295
3541678,Longbarbel (Parupeneus macronemus),Odd-shaped Swimmers > Goatfishes (Mullidae) > Longbarbel (Parupeneus macronemus),38038,29.11.2024_Milimani_Sargassum_ganz.mp4,[88.4747546],3026300
3541679,Lined Bristletooth (Ctenochaetus striatus),Large Ovals > Surgeonfishes (Acanthuridae) > Lined Bristletooth (Ctenochaetus striatus),38038,29.11.2024_Milimani_Sargassum_ganz.mp4,[92.0034214],3026301
3541681,Slingjaw (Epibulus insidiator),Wrasses > Wrasses (Labridae) > Slingjaw (Epibulus insidiator),38038,29.11.2024_Milimani_Sargassum_ganz.mp4,[98.3927444],3026303
3541683,Parrotfishes (Scaridae),Parrotfishes > Parrotfishes (Scaridae),38038,29.11.2024_Milimani_Sargassum_ganz.mp4,[98.6689748],3026305
3541780,Groupers (Serranidae),Heavy Bodies/Large Lips > Groupers (Serranidae),38038,29.11.2024_Milimani_Sargassum_ganz.mp4,[105.5682589],3026307
3541785,Sixbar (Thalassoma hardwicke),Wrasses > Wrasses (Labridae) > Sixbar (Thalassoma hardwicke),38038,29.11.2024_Milimani_Sargassum_ganz.mp4,[124.9838857],3026312
3541786,Axilspot Hogfish (Bodianus axillaris),Wrasses > Wrasses (Labridae) > Axilspot Hogfish (Bodianus axillaris),38038,29.11.2024_Milimani_Sargassum_ganz.mp4,[129.5307634],3026313
3541791,Barred (Hemigymnus fasciatus),Wrasses > Wrasses (Labridae) > Barred (Hemigymnus fasciatus),38038,29.11.2024_Milimani_Sargassum_ganz.mp4,[149.9065194],3026318
3541796,Bullethead (Chlorurus sordidus),Parrotfishes > Parrotfishes (Scaridae) > Bullethead (Chlorurus sordidus),38038,29.11.2024_Milimani_Sargassum_ganz.mp4,[210.1336205],3026323
3541820,Regal (Pygoplites diacanthus),Disk-shaped/Colourful > Angelfishes (Pomacanthidae) > Regal (Pygoplites diacanthus),38038,29.11.2024_Milimani_Sargassum_ganz.mp4,[270.3084167],3026347
3541828,Parrotfishes (Scaridae),Parrotfishes > Parrotfishes (Scaridae),38038,29.11.2024_Milimani_Sargassum_ganz.mp4,[306.169391],3026355
3541829,Parrotfishes (Scaridae),Parrotfishes > Parrotfishes (Scaridae),38038,29.11.2024_Milimani_Sargassum_ganz.mp4,[306.169391],3026356
3541832,Orange-lined (Balistapus undulatus),Odd-shaped Swimmers > Triggerfishes (Balistidae) > Orange-lined (Balistapus undulatus),38038,29.11.2024_Milimani_Sargassum_ganz.mp4,[332.3568663],3026359
3541851,Meyer's (Chaetodon meyeri),Disk-shaped/Colourful > Butterflyfishes (Chaetodontidae) > Meyer's (Chaetodon meyeri),38038,29.11.2024_Milimani_Sargassum_ganz.mp4,[439.6639131],3026378
3541857,Blackeye (Hemigymnus melapterus),Wrasses > Wrasses (Labridae) > Blackeye (Hemigymnus melapterus),38038,29.11.2024_Milimani_Sargassum_ganz.mp4,[454.5537088],3026384
3541869,Brown Tang (Zebrasoma scopas),Large Ovals > Surgeonfishes (Acanthuridae) > Brown Tang (Zebrasoma scopas),38038,29.11.2024_Milimani_Sargassum_ganz.mp4,[487.1567952],3026396
3541871,Brown Tang (Zebrasoma scopas),Large Ovals > Surgeonfishes (Acanthuridae) > Brown Tang (Zebrasoma scopas),38038,29.11.2024_Milimani_Sargassum_ganz.mp4,[498.5336109],3026398
3541872,Brown Tang (Zebrasoma scopas),Large Ovals > Surgeonfishes (Acanthuridae) > Brown Tang (Zebrasoma scopas),38038,29.11.2024_Milimani_Sargassum_ganz.mp4,[498.5336109],3026399
3541891,Paletail Unicorn (Naso brevirostris),Large Ovals > Surgeonfishes (Acanthuridae) > Paletail Unicorn (Naso brevirostris),38038,29.11.2024_Milimani_Sargassum_ganz.mp4,[556.1952427],3026418
3541896,Wirenet (Cantherhines pardalis),Odd-shaped Swimmers > Filefishes (Monacanthidae) > Wirenet (Cantherhines pardalis),38038,29.11.2024_Milimani_Sargassum_ganz.mp4,[571.7638914],3026423
3541899,Indian Redfin (Chaetodon trifasciatus),Disk-shaped/Colourful > Butterflyfishes (Chaetodontidae) > Indian Redfin (Chaetodon trifasciatus),38038,29.11.2024_Milimani_Sargassum_ganz.mp4,[573.4676362],3026426
3541900,Indian Redfin (Chaetodon trifasciatus),Disk-shaped/Colourful > Butterflyfishes (Chaetodontidae) > Indian Redfin (Chaetodon trifasciatus),38038,29.11.2024_Milimani_Sargassum_ganz.mp4,[573.4676362],3026427
3541904,Lined Bristletooth (Ctenochaetus striatus),Large Ovals > Surgeonfishes (Acanthuridae) > Lined Bristletooth (Ctenochaetus striatus),38038,29.11.2024_Milimani_Sargassum_ganz.mp4,[589.713692],3026431
3541905,Lined Bristletooth (Ctenochaetus striatus),Large Ovals > Surgeonfishes (Acanthuridae) > Lined Bristletooth (Ctenochaetus striatus),38038,29.11.2024_Milimani_Sargassum_ganz.mp4,[589.713692],3026432
3541907,Brown Pigmy (Centropyge multispinis),Disk-shaped/Colourful > Angelfishes (Pomacanthidae) > Brown Pigmy (Centropyge multispinis),38038,29.11.2024_Milimani_Sargassum_ganz.mp4,[600.2121571],3026434
3541908,Brown Pigmy (Centropyge multispinis),Disk-shaped/Colourful > Angelfishes (Pomacanthidae) > Brown Pigmy (Centropyge multispinis),38038,29.11.2024_Milimani_Sargassum_ganz.mp4,[600.2121571],3026435
3541909,Peacock (Cephalopholis argus),Heavy Bodies/Large Lips > Groupers (Serranidae) > Peacock (Cephalopholis argus),38038,29.11.2024_Milimani_Sargassum_ganz.mp4,[605.2342989],3026436
3541913,Brown Pigmy (Centropyge multispinis),Disk-shaped/Colourful > Angelfishes (Pomacanthidae) > Brown Pigmy (Centropyge multispinis),38038,29.11.2024_Milimani_Sargassum_ganz.mp4,[615.0995225],3026440
3541914,Brown Pigmy (Centropyge multispinis),Disk-shaped/Colourful > Angelfishes (Pomacanthidae) > Brown Pigmy (Centropyge multispinis),38038,29.11.2024_Milimani_Sargassum_ganz.mp4,[615.0995225],3026441
3541916,Brown Pigmy (Centropyge multispinis),Disk-shaped/Colourful > Angelfishes (Pomacanthidae) > Brown Pigmy (Centropyge multispinis),38038,29.11.2024_Milimani_Sargassum_ganz.mp4,[615.0995225],3026443
3541918,Brown Pigmy (Centropyge multispinis),Disk-shaped/Colourful > Angelfishes (Pomacanthidae) > Brown Pigmy (Centropyge multispinis),38038,29.11.2024_Milimani_Sargassum_ganz.mp4,[615.0995225],3026445
3541924,Lined Bristletooth (Ctenochaetus striatus),Large Ovals > Surgeonfishes (Acanthuridae) > Lined Bristletooth (Ctenochaetus striatus),38038,29.11.2024_Milimani_Sargassum_ganz.mp4,[622.2365114],3026451
3541925,Lined Bristletooth (Ctenochaetus striatus),Large Ovals > Surgeonfishes (Acanthuridae) > Lined Bristletooth (Ctenochaetus striatus),38038,29.11.2024_Milimani_Sargassum_ganz.mp4,[622.2365114],3026452
3541926,Lined Bristletooth (Ctenochaetus striatus),Large Ovals > Surgeonfishes (Acanthuridae) > Lined Bristletooth (Ctenochaetus striatus),38038,29.11.2024_Milimani_Sargassum_ganz.mp4,[622.2365114],3026453
3541932,Lined Bristletooth Interested,Large Ovals > Surgeonfishes (Acanthuridae) > Lined Bristletooth (Ctenochaetus striatus) > Lined Bristletooth Interested,38038,29.11.2024_Milimani_Sargassum_ganz.mp4,[634.3270385],3026459
3541933,Lined Bristletooth Interested,Large Ovals > Surgeonfishes (Acanthuridae) > Lined Bristletooth (Ctenochaetus striatus) > Lined Bristletooth Interested,38038,29.11.2024_Milimani_Sargassum_ganz.mp4,[634.3270385],3026460
3541934,Lined Bristletooth Feeding,Large Ovals > Surgeonfishes (Acanthuridae) > Lined Bristletooth (Ctenochaetus striatus) > Lined Bristletooth Feeding,38038,29.11.2024_Milimani_Sargassum_ganz.mp4,[634.3270385],3026461
3541940,Black Saddled Toby (Canthigaster valentini),Odd-shaped Swimmers > Puffers (Tetraodontidae) > Black Saddled Toby (Canthigaster valentini),38038,29.11.2024_Milimani_Sargassum_ganz.mp4,[643.4300129],3026467
3541954,Checkerboard (Halichoeres hortulanus),Wrasses > Wrasses (Labridae) > Checkerboard (Halichoeres hortulanus),38038,29.11.2024_Milimani_Sargassum_ganz.mp4,[730.6271349],3026481
3541967,Redmouth (Aethaloperca rogaa),Heavy Bodies/Large Lips > Groupers (Serranidae) > Redmouth (Aethaloperca rogaa),38038,29.11.2024_Milimani_Sargassum_ganz.mp4,[864.4383636],3026494
3541977,Humpnose Bigeye (Monotaxis grandoculis),Sloping Heads > Emperors (Lethrinidae) > Humpnose Bigeye (Monotaxis grandoculis),38038,29.11.2024_Milimani_Sargassum_ganz.mp4,[935.3392427],3026504
3541979,Mozambique Fangblenny (Meiacanthus mossambicus),Blennies > Blennies (Blenniidae) > Mozambique Fangblenny (Meiacanthus mossambicus),38038,29.11.2024_Milimani_Sargassum_ganz.mp4,[941.2697168],3026506
3541995,Humpback Unicorn (Naso brachycentron),Large Ovals > Surgeonfishes (Acanthuridae) > Humpback Unicorn (Naso brachycentron),38038,29.11.2024_Milimani_Sargassum_ganz.mp4,[966.9141473],3026522
3541998,Saddleback (Chaetodon falcula),Disk-shaped/Colourful > Butterflyfishes (Chaetodontidae) > Saddleback (Chaetodon falcula),38038,29.11.2024_Milimani_Sargassum_ganz.mp4,[968.2932969],3026525
3542015,Indian Redfin (Chaetodon trifasciatus),Disk-shaped/Colourful > Butterflyfishes (Chaetodontidae) > Indian Redfin (Chaetodon trifasciatus),38038,29.11.2024_Milimani_Sargassum_ganz.mp4,[1063.8792613],3026542
3542016,Indian Redfin (Chaetodon trifasciatus),Disk-shaped/Colourful > Butterflyfishes (Chaetodontidae) > Indian Redfin (Chaetodon trifasciatus),38038,29.11.2024_Milimani_Sargassum_ganz.mp4,[1063.8792613],3026543
3542017,Indian Redfin (Chaetodon trifasciatus),Disk-shaped/Colourful > Butterflyfishes (Chaetodontidae) > Indian Redfin (Chaetodon trifasciatus),38038,29.11.2024_Milimani_Sargassum_ganz.mp4,[1063.8792613],3026544
3542021,Red (Lutjanus bohar),Sloping Heads > Snappers (Lutjanidae) > Red (Lutjanus bohar),38038,29.11.2024_Milimani_Sargassum_ganz.mp4,[1092.7333109],3026548
3542022,Red (Lutjanus bohar),Sloping Heads > Snappers (Lutjanidae) > Red (Lutjanus bohar),38038,29.11.2024_Milimani_Sargassum_ganz.mp4,[1092.7333109],3026549
3542032,Trumpetfish (Aulostomus chinensis),Odd-shaped Swimmers > Trumpetfishes (Aulostomidae) > Trumpetfish (Aulostomus chinensis),38038,29.11.2024_Milimani_Sargassum_ganz.mp4,[1160.36034],3026559
3542035,Red Interested,Sloping Heads > Snappers (Lutjanidae) > Red (Lutjanus bohar) > Red Interested,38038,29.11.2024_Milimani_Sargassum_ganz.mp4,[1187.1602911],3026562
3542039,Swarthy (Scarus niger),Parrotfishes > Parrotfishes (Scaridae) > Swarthy (Scarus niger),38038,29.11.2024_Milimani_Sargassum_ganz.mp4,[1210.8676821],3026566
3542042,Red-breasted (Cheilinus fasciatus),Wrasses > Wrasses (Labridae) > Red-breasted (Cheilinus fasciatus),38038,29.11.2024_Milimani_Sargassum_ganz.mp4,[1261.2437301],3026569
3542044,Titan (Balistoides viridescens),Odd-shaped Swimmers > Triggerfishes (Balistidae) > Titan (Balistoides viridescens),38038,29.11.2024_Milimani_Sargassum_ganz.mp4,[1361.833383],3026571
3542045,Regal (Pygoplites diacanthus),Disk-shaped/Colourful > Angelfishes (Pomacanthidae) > Regal (Pygoplites diacanthus),38038,29.11.2024_Milimani_Sargassum_ganz.mp4,[1424.6953365],3026572
3542046,Regal (Pygoplites diacanthus),Disk-shaped/Colourful > Angelfishes (Pomacanthidae) > Regal (Pygoplites diacanthus),38038,29.11.2024_Milimani_Sargassum_ganz.mp4,[1424.6953365],3026573
3542047,Bullethead (Chlorurus sordidus),Parrotfishes > Parrotfishes (Scaridae) > Bullethead (Chlorurus sordidus),38038,29.11.2024_Milimani_Sargassum_ganz.mp4,[1475.5040776],3026574
3542048,Bullethead (Chlorurus sordidus),Parrotfishes > Parrotfishes (Scaridae) > Bullethead (Chlorurus sordidus),38038,29.11.2024_Milimani_Sargassum_ganz.mp4,[1475.5040776],3026575
3542050,Groupers (Serranidae),Heavy Bodies/Large Lips > Groupers (Serranidae),38038,29.11.2024_Milimani_Sargassum_ganz.mp4,[1602.4995181],3026577
3542051,Threadfin (Chaetodon auriga),Disk-shaped/Colourful > Butterflyfishes (Chaetodontidae) > Threadfin (Chaetodon auriga),38038,29.11.2024_Milimani_Sargassum_ganz.mp4,[1708.0232636],3026578
3542079,Threadfin (Chaetodon auriga),Disk-shaped/Colourful > Butterflyfishes (Chaetodontidae) > Threadfin (Chaetodon auriga),38038,29.11.2024_Milimani_Sargassum_ganz.mp4,[1858.8569715],3026606
3542080,Threadfin (Chaetodon auriga),Disk-shaped/Colourful > Butterflyfishes (Chaetodontidae) > Threadfin (Chaetodon auriga),38038,29.11.2024_Milimani_Sargassum_ganz.mp4,[1858.8569715],3026607
3542081,Checkerboard (Halichoeres hortulanus),Wrasses > Wrasses (Labridae) > Checkerboard (Halichoeres hortulanus),38038,29.11.2024_Milimani_Sargassum_ganz.mp4,[1871.6526748],3026608
3542082,Checkerboard (Halichoeres hortulanus),Wrasses > Wrasses (Labridae) > Checkerboard (Halichoeres hortulanus),38038,29.11.2024_Milimani_Sargassum_ganz.mp4,[1871.6526748],3026609
3542083,Axilspot Hogfish (Bodianus axillaris),Wrasses > Wrasses (Labridae) > Axilspot Hogfish (Bodianus axillaris),38038,29.11.2024_Milimani_Sargassum_ganz.mp4,[1875.4628416],3026610
3542084,Axilspot Hogfish (Bodianus axillaris),Wrasses > Wrasses (Labridae) > Axilspot Hogfish (Bodianus axillaris),38038,29.11.2024_Milimani_Sargassum_ganz.mp4,[1875.4628416],3026611
3542085,Axilspot Hogfish (Bodianus axillaris),Wrasses > Wrasses (Labridae) > Axilspot Hogfish (Bodianus axillaris),38038,29.11.2024_Milimani_Sargassum_ganz.mp4,[1880.1693359],3026612
3542086,Axilspot Hogfish (Bodianus axillaris),Wrasses > Wrasses (Labridae) > Axilspot Hogfish (Bodianus axillaris),38038,29.11.2024_Milimani_Sargassum_ganz.mp4,[1880.1693359],3026613
3542087,Axilspot Hogfish (Bodianus axillaris),Wrasses > Wrasses (Labridae) > Axilspot Hogfish (Bodianus axillaris),38038,29.11.2024_Milimani_Sargassum_ganz.mp4,[1880.1693359],3026614
3542088,Wrasses (Labridae),Wrasses > Wrasses (Labridae),38038,29.11.2024_Milimani_Sargassum_ganz.mp4,[2038.2200902],3026615
3542089,Wrasses (Labridae),Wrasses > Wrasses (Labridae),38038,29.11.2024_Milimani_Sargassum_ganz.mp4,[2038.2200902],3026616
3542114,Indian Redfin (Chaetodon trifasciatus),Disk-shaped/Colourful > Butterflyfishes (Chaetodontidae) > Indian Redfin (Chaetodon trifasciatus),38038,29.11.2024_Milimani_Sargassum_ganz.mp4,[2186.1427662],3026641
3542115,Indian Redfin (Chaetodon trifasciatus),Disk-shaped/Colourful > Butterflyfishes (Chaetodontidae) > Indian Redfin (Chaetodon trifasciatus),38038,29.11.2024_Milimani_Sargassum_ganz.mp4,[2186.1427662],3026642
3542116,Indian Redfin (Chaetodon trifasciatus),Disk-shaped/Colourful > Butterflyfishes (Chaetodontidae) > Indian Redfin (Chaetodon trifasciatus),38038,29.11.2024_Milimani_Sargassum_ganz.mp4,[2186.1427662],3026643
3542118,Indian Redfin (Chaetodon trifasciatus),Disk-shaped/Colourful > Butterflyfishes (Chaetodontidae) > Indian Redfin (Chaetodon trifasciatus),38038,29.11.2024_Milimani_Sargassum_ganz.mp4,[2186.1427662],3026645
3542121,Lined Bristletooth (Ctenochaetus striatus),Large Ovals > Surgeonfishes (Acanthuridae) > Lined Bristletooth (Ctenochaetus striatus),38038,29.11.2024_Milimani_Sargassum_ganz.mp4,[2355.5506157],3026648
3542122,Lined Bristletooth (Ctenochaetus striatus),Large Ovals > Surgeonfishes (Acanthuridae) > Lined Bristletooth (Ctenochaetus striatus),38038,29.11.2024_Milimani_Sargassum_ganz.mp4,[2355.5506157],3026649
3542123,Lined Bristletooth (Ctenochaetus striatus),Large Ovals > Surgeonfishes (Acanthuridae) > Lined Bristletooth (Ctenochaetus striatus),38038,29.11.2024_Milimani_Sargassum_ganz.mp4,[2355.5506157],3026650
3542124,Lined Bristletooth (Ctenochaetus striatus),Large Ovals > Surgeonfishes (Acanthuridae) > Lined Bristletooth (Ctenochaetus striatus),38038,29.11.2024_Milimani_Sargassum_ganz.mp4,[2355.5506157],3026651
3542125,Lined Bristletooth (Ctenochaetus striatus),Large Ovals > Surgeonfishes (Acanthuridae) > Lined Bristletooth (Ctenochaetus striatus),38038,29.11.2024_Milimani_Sargassum_ganz.mp4,[2355.5506157],3026652
3542126,Humpnose Bigeye (Monotaxis grandoculis),Sloping Heads > Emperors (Lethrinidae) > Humpnose Bigeye (Monotaxis grandoculis),38038,29.11.2024_Milimani_Sargassum_ganz.mp4,[2455.961683],3026653
3542127,Humpnose Bigeye (Monotaxis grandoculis),Sloping Heads > Emperors (Lethrinidae) > Humpnose Bigeye (Monotaxis grandoculis),38038,29.11.2024_Milimani_Sargassum_ganz.mp4,[2455.961683],3026654
3542128,Humpnose Bigeye (Monotaxis grandoculis),Sloping Heads > Emperors (Lethrinidae) > Humpnose Bigeye (Monotaxis grandoculis),38038,29.11.2024_Milimani_Sargassum_ganz.mp4,[2455.961683],3026655
3542129,Humpnose Bigeye (Monotaxis grandoculis),Sloping Heads > Emperors (Lethrinidae) > Humpnose Bigeye (Monotaxis grandoculis),38038,29.11.2024_Milimani_Sargassum_ganz.mp4,[2455.961683],3026656
3542130,Humpnose Bigeye (Monotaxis grandoculis),Sloping Heads > Emperors (Lethrinidae) > Humpnose Bigeye (Monotaxis grandoculis),38038,29.11.2024_Milimani_Sargassum_ganz.mp4,[2455.961683],3026657
3542131,Humpnose Bigeye (Monotaxis grandoculis),Sloping Heads > Emperors (Lethrinidae) > Humpnose Bigeye (Monotaxis grandoculis),38038,29.11.2024_Milimani_Sargassum_ganz.mp4,[2455.961683],3026658
3542132,Humpnose Bigeye (Monotaxis grandoculis),Sloping Heads > Emperors (Lethrinidae) > Humpnose Bigeye (Monotaxis grandoculis),38038,29.11.2024_Milimani_Sargassum_ganz.mp4,[2455.961683],3026659
3542133,Humpnose Bigeye (Monotaxis grandoculis),Sloping Heads > Emperors (Lethrinidae) > Humpnose Bigeye (Monotaxis grandoculis),38038,29.11.2024_Milimani_Sargassum_ganz.mp4,[2455.961683],3026660
3542134,Humpnose Bigeye (Monotaxis grandoculis),Sloping Heads > Emperors (Lethrinidae) > Humpnose Bigeye (Monotaxis grandoculis),38038,29.11.2024_Milimani_Sargassum_ganz.mp4,[2455.961683],3026661
3542135,Genus Soldier (Myripristis),Reddish/Big Eyes > Soldier-&Squirrelfishes (Holocentridae) > Genus Soldier (Myripristis),38038,29.11.2024_Milimani_Sargassum_ganz.mp4,[2467.4334159],3026662
3542136,Parrotfishes (Scaridae),Parrotfishes > Parrotfishes (Scaridae),38038,29.11.2024_Milimani_Sargassum_ganz.mp4,[2510.3313431],3026663
3542137,Parrotfishes (Scaridae),Parrotfishes > Parrotfishes (Scaridae),38038,29.11.2024_Milimani_Sargassum_ganz.mp4,[2510.3313431],3026664
3542138,Parrotfishes (Scaridae),Parrotfishes > Parrotfishes (Scaridae),38038,29.11.2024_Milimani_Sargassum_ganz.mp4,[2510.3313431],3026665
3542139,Parrotfishes (Scaridae),Parrotfishes > Parrotfishes (Scaridae),38038,29.11.2024_Milimani_Sargassum_ganz.mp4,[2510.3313431],3026666
3542140,Parrotfishes (Scaridae),Parrotfishes > Parrotfishes (Scaridae),38038,29.11.2024_Milimani_Sargassum_ganz.mp4,[2510.3313431],3026667
3542142,Freckled (Paracirrhites forsteri),Heavy Bodies/Large Lips > Hawkfishes (Cirrhitidae) > Freckled (Paracirrhites forsteri),38038,29.11.2024_Milimani_Sargassum_ganz.mp4,[2551.6287546],3026669
3542143,Brown Tang (Zebrasoma scopas),Large Ovals > Surgeonfishes (Acanthuridae) > Brown Tang (Zebrasoma scopas),38038,29.11.2024_Milimani_Sargassum_ganz.mp4,[2792.6090811],3026670
3542144,Brown Tang (Zebrasoma scopas),Large Ovals > Surgeonfishes (Acanthuridae) > Brown Tang (Zebrasoma scopas),38038,29.11.2024_Milimani_Sargassum_ganz.mp4,[2792.6090811],3026671
3542145,Brown Tang (Zebrasoma scopas),Large Ovals > Surgeonfishes (Acanthuridae) > Brown Tang (Zebrasoma scopas),38038,29.11.2024_Milimani_Sargassum_ganz.mp4,[2792.6090811],3026672
3542147,Stareye (Calotomus carolinus),Parrotfishes > Parrotfishes (Scaridae) > Stareye (Calotomus carolinus),38038,29.11.2024_Milimani_Sargassum_ganz.mp4,[2852.2685384],3026674
3542157,Genus Squirrel (Sargocentron),Reddish/Big Eyes > Soldier-&Squirrelfishes (Holocentridae) > Genus Squirrel (Sargocentron),38038,29.11.2024_Milimani_Sargassum_ganz.mp4,[2958.7401603],3026684
3542163,Spotted (Chaetodon guttatissimus),Disk-shaped/Colourful > Butterflyfishes (Chaetodontidae) > Spotted (Chaetodon guttatissimus),38038,29.11.2024_Milimani_Sargassum_ganz.mp4,[2982.033879],3026690
3542164,Spotted (Chaetodon guttatissimus),Disk-shaped/Colourful > Butterflyfishes (Chaetodontidae) > Spotted (Chaetodon guttatissimus),38038,29.11.2024_Milimani_Sargassum_ganz.mp4,[2982.033879],3026691
3542186,Longbarbel (Parupeneus macronemus),Odd-shaped Swimmers > Goatfishes (Mullidae) > Longbarbel (Parupeneus macronemus),38038,29.11.2024_Milimani_Sargassum_ganz.mp4,[3136.2213847],3026713
3542187,Longbarbel (Parupeneus macronemus),Odd-shaped Swimmers > Goatfishes (Mullidae) > Longbarbel (Parupeneus macronemus),38038,29.11.2024_Milimani_Sargassum_ganz.mp4,[3136.2213847],3026714
3542188,Longbarbel (Parupeneus macronemus),Odd-shaped Swimmers > Goatfishes (Mullidae) > Longbarbel (Parupeneus macronemus),38038,29.11.2024_Milimani_Sargassum_ganz.mp4,[3136.2213847],3026715
3542191,Goldbar (Thalassoma hebraicum),Wrasses > Wrasses (Labridae) > Goldbar (Thalassoma hebraicum),38038,29.11.2024_Milimani_Sargassum_ganz.mp4,[3144.8357021],3026718
3542192,Goldbar (Thalassoma hebraicum),Wrasses > Wrasses (Labridae) > Goldbar (Thalassoma hebraicum),38038,29.11.2024_Milimani_Sargassum_ganz.mp4,[3144.8357021],3026719
3542194,Paletail Unicorn (Naso brevirostris),Large Ovals > Surgeonfishes (Acanthuridae) > Paletail Unicorn (Naso brevirostris),38038,29.11.2024_Milimani_Sargassum_ganz.mp4,[3158.6192384],3026721
3542195,Paletail Unicorn (Naso brevirostris),Large Ovals > Surgeonfishes (Acanthuridae) > Paletail Unicorn (Naso brevirostris),38038,29.11.2024_Milimani_Sargassum_ganz.mp4,[3158.6192384],3026722
3542196,Parrotfishes (Scaridae),Parrotfishes > Parrotfishes (Scaridae),38038,29.11.2024_Milimani_Sargassum_ganz.mp4,[3181.4061375],3026723
3542197,Parrotfishes (Scaridae),Parrotfishes > Parrotfishes (Scaridae),38038,29.11.2024_Milimani_Sargassum_ganz.mp4,[3181.4061375],3026724
3542198,Parrotfishes (Scaridae),Parrotfishes > Parrotfishes (Scaridae),38038,29.11.2024_Milimani_Sargassum_ganz.mp4,[3181.4061375],3026725
3542199,Parrotfishes (Scaridae),Parrotfishes > Parrotfishes (Scaridae),38038,29.11.2024_Milimani_Sargassum_ganz.mp4,[3181.4061375],3026726
3542200,Parrotfishes (Scaridae),Parrotfishes > Parrotfishes (Scaridae),38038,29.11.2024_Milimani_Sargassum_ganz.mp4,[3181.4061375],3026727
3542205,Barred (Hemigymnus fasciatus),Wrasses > Wrasses (Labridae) > Barred (Hemigymnus fasciatus),38038,29.11.2024_Milimani_Sargassum_ganz.mp4,[3311.5006859],3026732
3542206,Barred (Hemigymnus fasciatus),Wrasses > Wrasses (Labridae) > Barred (Hemigymnus fasciatus),38038,29.11.2024_Milimani_Sargassum_ganz.mp4,[3311.5006859],3026733
3542220,Leopard (Cephalopholis leopardus),Heavy Bodies/Large Lips > Groupers (Serranidae) > Leopard (Cephalopholis leopardus),38038,29.11.2024_Milimani_Sargassum_ganz.mp4,[3415.1131073],3026747
3547953,Genus Chromis,Small Ovals - Damselfishes > Damselfishes (Pomacentridae) > Genus Chromis,38038,29.11.2024_Milimani_Sargassum_ganz.mp4,[2.5051057],3031578
3547954,Genus Chromis,Small Ovals - Damselfishes > Damselfishes (Pomacentridae) > Genus Chromis,38038,29.11.2024_Milimani_Sargassum_ganz.mp4,[2.5051057],3031579
3547955,Genus Chromis,Small Ovals - Damselfishes > Damselfishes (Pomacentridae) > Genus Chromis,38038,29.11.2024_Milimani_Sargassum_ganz.mp4,[2.5051057],3031580
3547956,Genus Chromis,Small Ovals - Damselfishes > Damselfishes (Pomacentridae) > Genus Chromis,38038,29.11.2024_Milimani_Sargassum_ganz.mp4,[2.5051057],3031581
3547957,Genus Chromis,Small Ovals - Damselfishes > Damselfishes (Pomacentridae) > Genus Chromis,38038,29.11.2024_Milimani_Sargassum_ganz.mp4,[2.5051057],3031582
3547958,Genus Chromis,Small Ovals - Damselfishes > Damselfishes (Pomacentridae) > Genus Chromis,38038,29.11.2024_Milimani_Sargassum_ganz.mp4,[2.5051057],3031583
3547959,Genus Chromis,Small Ovals - Damselfishes > Damselfishes (Pomacentridae) > Genus Chromis,38038,29.11.2024_Milimani_Sargassum_ganz.mp4,[2.5051057],3031584
3547960,Genus Chromis,Small Ovals - Damselfishes > Damselfishes (Pomacentridae) > Genus Chromis,38038,29.11.2024_Milimani_Sargassum_ganz.mp4,[2.5051057],3031585
3547961,Genus Chromis,Small Ovals - Damselfishes > Damselfishes (Pomacentridae) > Genus Chromis,38038,29.11.2024_Milimani_Sargassum_ganz.mp4,[2.5051057],3031586
3547962,Genus Chromis,Small Ovals - Damselfishes > Damselfishes (Pomacentridae) > Genus Chromis,38038,29.11.2024_Milimani_Sargassum_ganz.mp4,[2.5051057],3031587
3547963,Genus Chromis,Small Ovals - Damselfishes > Damselfishes (Pomacentridae) > Genus Chromis,38038,29.11.2024_Milimani_Sargassum_ganz.mp4,[2.5051057],3031588
3547964,Genus Chromis,Small Ovals - Damselfishes > Damselfishes (Pomacentridae) > Genus Chromis,38038,29.11.2024_Milimani_Sargassum_ganz.mp4,[2.5051057],3031589
3547965,Genus Chromis,Small Ovals - Damselfishes > Damselfishes (Pomacentridae) > Genus Chromis,38038,29.11.2024_Milimani_Sargassum_ganz.mp4,[2.5051057],3031590
3547966,Genus Chromis,Small Ovals - Damselfishes > Damselfishes (Pomacentridae) > Genus Chromis,38038,29.11.2024_Milimani_Sargassum_ganz.mp4,[2.5051057],3031591
3547967,Genus Chromis,Small Ovals - Damselfishes > Damselfishes (Pomacentridae) > Genus Chromis,38038,29.11.2024_Milimani_Sargassum_ganz.mp4,[2.5051057],3031592
3547968,Genus Chromis,Small Ovals - Damselfishes > Damselfishes (Pomacentridae) > Genus Chromis,38038,29.11.2024_Milimani_Sargassum_ganz.mp4,[2.5051057],3031593
3547969,Genus Chromis,Small Ovals - Damselfishes > Damselfishes (Pomacentridae) > Genus Chromis,38038,29.11.2024_Milimani_Sargassum_ganz.mp4,[2.5051057],3031594
3547970,Genus Chromis,Small Ovals - Damselfishes > Damselfishes (Pomacentridae) > Genus Chromis,38038,29.11.2024_Milimani_Sargassum_ganz.mp4,[2.5051057],3031595
3547971,Genus Chromis,Small Ovals - Damselfishes > Damselfishes (Pomacentridae) > Genus Chromis,38038,29.11.2024_Milimani_Sargassum_ganz.mp4,[2.5051057],3031596
3547972,Genus Chromis,Small Ovals - Damselfishes > Damselfishes (Pomacentridae) > Genus Chromis,38038,29.11.2024_Milimani_Sargassum_ganz.mp4,[2.5051057],3031597
3547973,Genus Chromis,Small Ovals - Damselfishes > Damselfishes (Pomacentridae) > Genus Chromis,38038,29.11.2024_Milimani_Sargassum_ganz.mp4,[2.5051057],3031598
3547974,Genus Chromis,Small Ovals - Damselfishes > Damselfishes (Pomacentridae) > Genus Chromis,38038,29.11.2024_Milimani_Sargassum_ganz.mp4,[2.5051057],3031599
3547975,Genus Chromis,Small Ovals - Damselfishes > Damselfishes (Pomacentridae) > Genus Chromis,38038,29.11.2024_Milimani_Sargassum_ganz.mp4,[2.5051057],3031600
3547976,Genus Chromis,Small Ovals - Damselfishes > Damselfishes (Pomacentridae) > Genus Chromis,38038,29.11.2024_Milimani_Sargassum_ganz.mp4,[2.5051057],3031601
3547977,Genus Chromis,Small Ovals - Damselfishes > Damselfishes (Pomacentridae) > Genus Chromis,38038,29.11.2024_Milimani_Sargassum_ganz.mp4,[2.5051057],3031602
3547978,Genus Chromis,Small Ovals - Damselfishes > Damselfishes (Pomacentridae) > Genus Chromis,38038,29.11.2024_Milimani_Sargassum_ganz.mp4,[2.5051057],3031603
3547979,Genus Chromis,Small Ovals - Damselfishes > Damselfishes (Pomacentridae) > Genus Chromis,38038,29.11.2024_Milimani_Sargassum_ganz.mp4,[2.5051057],3031604
3547980,Genus Chromis,Small Ovals - Damselfishes > Damselfishes (Pomacentridae) > Genus Chromis,38038,29.11.2024_Milimani_Sargassum_ganz.mp4,[2.5051057],3031605
3547981,Genus Chromis,Small Ovals - Damselfishes > Damselfishes (Pomacentridae) > Genus Chromis,38038,29.11.2024_Milimani_Sargassum_ganz.mp4,[2.5051057],3031606
3547982,Genus Chromis,Small Ovals - Damselfishes > Damselfishes (Pomacentridae) > Genus Chromis,38038,29.11.2024_Milimani_Sargassum_ganz.mp4,[2.5051057],3031607
3547983,Genus Chromis,Small Ovals - Damselfishes > Damselfishes (Pomacentridae) > Genus Chromis,38038,29.11.2024_Milimani_Sargassum_ganz.mp4,[2.5051057],3031608
3547984,Genus Chromis,Small Ovals - Damselfishes > Damselfishes (Pomacentridae) > Genus Chromis,38038,29.11.2024_Milimani_Sargassum_ganz.mp4,[2.5051057],3031609
3547985,Genus Chromis,Small Ovals - Damselfishes > Damselfishes (Pomacentridae) > Genus Chromis,38038,29.11.2024_Milimani_Sargassum_ganz.mp4,[2.5051057],3031610
3547986,Genus Chromis,Small Ovals - Damselfishes > Damselfishes (Pomacentridae) > Genus Chromis,38038,29.11.2024_Milimani_Sargassum_ganz.mp4,[2.5051057],3031611
3547987,Genus Chromis,Small Ovals - Damselfishes > Damselfishes (Pomacentridae) > Genus Chromis,38038,29.11.2024_Milimani_Sargassum_ganz.mp4,[2.5051057],3031612
3547988,Genus Chromis,Small Ovals - Damselfishes > Damselfishes (Pomacentridae) > Genus Chromis,38038,29.11.2024_Milimani_Sargassum_ganz.mp4,[2.5051057],3031613
3547989,Genus Chromis,Small Ovals - Damselfishes > Damselfishes (Pomacentridae) > Genus Chromis,38038,29.11.2024_Milimani_Sargassum_ganz.mp4,[2.5051057],3031614
3547990,Genus Chromis,Small Ovals - Damselfishes > Damselfishes (Pomacentridae) > Genus Chromis,38038,29.11.2024_Milimani_Sargassum_ganz.mp4,[2.5051057],3031615
3547991,Genus Chromis,Small Ovals - Damselfishes > Damselfishes (Pomacentridae) > Genus Chromis,38038,29.11.2024_Milimani_Sargassum_ganz.mp4,[2.5051057],3031616
3547992,Genus Chromis,Small Ovals - Damselfishes > Damselfishes (Pomacentridae) > Genus Chromis,38038,29.11.2024_Milimani_Sargassum_ganz.mp4,[2.5051057],3031617
3547993,Genus Chromis,Small Ovals - Damselfishes > Damselfishes (Pomacentridae) > Genus Chromis,38038,29.11.2024_Milimani_Sargassum_ganz.mp4,[2.5051057],3031618
3547994,Genus Chromis,Small Ovals - Damselfishes > Damselfishes (Pomacentridae) > Genus Chromis,38038,29.11.2024_Milimani_Sargassum_ganz.mp4,[2.5051057],3031619
3547995,Genus Chromis,Small Ovals - Damselfishes > Damselfishes (Pomacentridae) > Genus Chromis,38038,29.11.2024_Milimani_Sargassum_ganz.mp4,[2.5051057],3031620
3547996,Genus Chromis,Small Ovals - Damselfishes > Damselfishes (Pomacentridae) > Genus Chromis,38038,29.11.2024_Milimani_Sargassum_ganz.mp4,[2.5051057],3031621
3547997,Genus Chromis,Small Ovals - Damselfishes > Damselfishes (Pomacentridae) > Genus Chromis,38038,29.11.2024_Milimani_Sargassum_ganz.mp4,[2.5051057],3031622
3547998,Genus Chromis,Small Ovals - Damselfishes > Damselfishes (Pomacentridae) > Genus Chromis,38038,29.11.2024_Milimani_Sargassum_ganz.mp4,[2.5051057],3031623
3547999,Genus Chromis,Small Ovals - Damselfishes > Damselfishes (Pomacentridae) > Genus Chromis,38038,29.11.2024_Milimani_Sargassum_ganz.mp4,[2.5051057],3031624
3548000,Genus Chromis,Small Ovals - Damselfishes > Damselfishes (Pomacentridae) > Genus Chromis,38038,29.11.2024_Milimani_Sargassum_ganz.mp4,[2.5051057],3031625
3548001,Genus Chromis,Small Ovals - Damselfishes > Damselfishes (Pomacentridae) > Genus Chromis,38038,29.11.2024_Milimani_Sargassum_ganz.mp4,[2.5051057],3031626
3548002,Genus Chromis,Small Ovals - Damselfishes > Damselfishes (Pomacentridae) > Genus Chromis,38038,29.11.2024_Milimani_Sargassum_ganz.mp4,[2.5051057],3031627
3548003,Genus Chromis,Small Ovals - Damselfishes > Damselfishes (Pomacentridae) > Genus Chromis,38038,29.11.2024_Milimani_Sargassum_ganz.mp4,[2.5051057],3031628
3548004,Genus Chromis,Small Ovals - Damselfishes > Damselfishes (Pomacentridae) > Genus Chromis,38038,29.11.2024_Milimani_Sargassum_ganz.mp4,[2.5051057],3031629
3548005,Genus Chromis,Small Ovals - Damselfishes > Damselfishes (Pomacentridae) > Genus Chromis,38038,29.11.2024_Milimani_Sargassum_ganz.mp4,[2.5051057],3031630
3548006,Genus Chromis,Small Ovals - Damselfishes > Damselfishes (Pomacentridae) > Genus Chromis,38038,29.11.2024_Milimani_Sargassum_ganz.mp4,[2.5051057],3031631
3548007,Genus Chromis,Small Ovals - Damselfishes > Damselfishes (Pomacentridae) > Genus Chromis,38038,29.11.2024_Milimani_Sargassum_ganz.mp4,[2.5051057],3031632
3548008,Genus Chromis,Small Ovals - Damselfishes > Damselfishes (Pomacentridae) > Genus Chromis,38038,29.11.2024_Milimani_Sargassum_ganz.mp4,[2.5051057],3031633
3548009,Genus Chromis,Small Ovals - Damselfishes > Damselfishes (Pomacentridae) > Genus Chromis,38038,29.11.2024_Milimani_Sargassum_ganz.mp4,[2.5051057],3031634
3548010,Genus Chromis,Small Ovals - Damselfishes > Damselfishes (Pomacentridae) > Genus Chromis,38038,29.11.2024_Milimani_Sargassum_ganz.mp4,[2.5051057],3031635
3548011,Genus Chromis,Small Ovals - Damselfishes > Damselfishes (Pomacentridae) > Genus Chromis,38038,29.11.2024_Milimani_Sargassum_ganz.mp4,[2.5051057],3031636
3548012,Genus Chromis,Small Ovals - Damselfishes > Damselfishes (Pomacentridae) > Genus Chromis,38038,29.11.2024_Milimani_Sargassum_ganz.mp4,[2.5051057],3031637
3548013,Genus Chromis,Small Ovals - Damselfishes > Damselfishes (Pomacentridae) > Genus Chromis,38038,29.11.2024_Milimani_Sargassum_ganz.mp4,[2.5051057],3031638
3548014,Genus Chromis,Small Ovals - Damselfishes > Damselfishes (Pomacentridae) > Genus Chromis,38038,29.11.2024_Milimani_Sargassum_ganz.mp4,[2.5051057],3031639
3548015,Genus Chromis,Small Ovals - Damselfishes > Damselfishes (Pomacentridae) > Genus Chromis,38038,29.11.2024_Milimani_Sargassum_ganz.mp4,[2.5051057],3031640
3548016,Genus Chromis,Small Ovals - Damselfishes > Damselfishes (Pomacentridae) > Genus Chromis,38038,29.11.2024_Milimani_Sargassum_ganz.mp4,[2.5051057],3031641
3548017,Genus Chromis,Small Ovals - Damselfishes > Damselfishes (Pomacentridae) > Genus Chromis,38038,29.11.2024_Milimani_Sargassum_ganz.mp4,[2.5051057],3031642
3548018,Genus Chromis,Small Ovals - Damselfishes > Damselfishes (Pomacentridae) > Genus Chromis,38038,29.11.2024_Milimani_Sargassum_ganz.mp4,[2.5051057],3031643
3548019,Genus Chromis,Small Ovals - Damselfishes > Damselfishes (Pomacentridae) > Genus Chromis,38038,29.11.2024_Milimani_Sargassum_ganz.mp4,[2.5051057],3031644
3548020,Genus Chromis,Small Ovals - Damselfishes > Damselfishes (Pomacentridae) > Genus Chromis,38038,29.11.2024_Milimani_Sargassum_ganz.mp4,[2.5051057],3031645
3548021,Genus Chromis,Small Ovals - Damselfishes > Damselfishes (Pomacentridae) > Genus Chromis,38038,29.11.2024_Milimani_Sargassum_ganz.mp4,[2.5051057],3031646
3548022,Genus Chromis,Small Ovals - Damselfishes > Damselfishes (Pomacentridae) > Genus Chromis,38038,29.11.2024_Milimani_Sargassum_ganz.mp4,[2.5051057],3031647
3548023,Genus Chromis,Small Ovals - Damselfishes > Damselfishes (Pomacentridae) > Genus Chromis,38038,29.11.2024_Milimani_Sargassum_ganz.mp4,[2.5051057],3031648
3548024,Genus Chromis,Small Ovals - Damselfishes > Damselfishes (Pomacentridae) > Genus Chromis,38038,29.11.2024_Milimani_Sargassum_ganz.mp4,[2.5051057],3031649
3548025,Genus Chromis,Small Ovals - Damselfishes > Damselfishes (Pomacentridae) > Genus Chromis,38038,29.11.2024_Milimani_Sargassum_ganz.mp4,[2.5051057],3031650
3548026,Genus Chromis,Small Ovals - Damselfishes > Damselfishes (Pomacentridae) > Genus Chromis,38038,29.11.2024_Milimani_Sargassum_ganz.mp4,[2.5051057],3031651
3548027,Genus Chromis,Small Ovals - Damselfishes > Damselfishes (Pomacentridae) > Genus Chromis,38038,29.11.2024_Milimani_Sargassum_ganz.mp4,[2.5051057],3031652
3548028,Genus Chromis,Small Ovals - Damselfishes > Damselfishes (Pomacentridae) > Genus Chromis,38038,29.11.2024_Milimani_Sargassum_ganz.mp4,[2.5051057],3031653
3548029,Genus Chromis,Small Ovals - Damselfishes > Damselfishes (Pomacentridae) > Genus Chromis,38038,29.11.2024_Milimani_Sargassum_ganz.mp4,[2.5051057],3031654
3548030,Genus Chromis,Small Ovals - Damselfishes > Damselfishes (Pomacentridae) > Genus Chromis,38038,29.11.2024_Milimani_Sargassum_ganz.mp4,[2.5051057],3031655
3548031,Genus Chromis,Small Ovals - Damselfishes > Damselfishes (Pomacentridae) > Genus Chromis,38038,29.11.2024_Milimani_Sargassum_ganz.mp4,[2.5051057],3031656
3548032,Genus Chromis,Small Ovals - Damselfishes > Damselfishes (Pomacentridae) > Genus Chromis,38038,29.11.2024_Milimani_Sargassum_ganz.mp4,[2.5051057],3031657
3548033,Genus Chromis,Small Ovals - Damselfishes > Damselfishes (Pomacentridae) > Genus Chromis,38038,29.11.2024_Milimani_Sargassum_ganz.mp4,[2.5051057],3031658
3548034,Genus Chromis,Small Ovals - Damselfishes > Damselfishes (Pomacentridae) > Genus Chromis,38038,29.11.2024_Milimani_Sargassum_ganz.mp4,[2.5051057],3031659
3548035,Genus Chromis,Small Ovals - Damselfishes > Damselfishes (Pomacentridae) > Genus Chromis,38038,29.11.2024_Milimani_Sargassum_ganz.mp4,[2.5051057],3031660
3548036,Genus Chromis,Small Ovals - Damselfishes > Damselfishes (Pomacentridae) > Genus Chromis,38038,29.11.2024_Milimani_Sargassum_ganz.mp4,[2.5051057],3031661
3548037,Genus Chromis,Small Ovals - Damselfishes > Damselfishes (Pomacentridae) > Genus Chromis,38038,29.11.2024_Milimani_Sargassum_ganz.mp4,[2.5051057],3031662
3548038,Genus Chromis,Small Ovals - Damselfishes > Damselfishes (Pomacentridae) > Genus Chromis,38038,29.11.2024_Milimani_Sargassum_ganz.mp4,[2.5051057],3031663
3548039,Genus Chromis,Small Ovals - Damselfishes > Damselfishes (Pomacentridae) > Genus Chromis,38038,29.11.2024_Milimani_Sargassum_ganz.mp4,[2.5051057],3031664
3548040,Genus Chromis,Small Ovals - Damselfishes > Damselfishes (Pomacentridae) > Genus Chromis,38038,29.11.2024_Milimani_Sargassum_ganz.mp4,[2.5051057],3031665
3548041,Genus Chromis,Small Ovals - Damselfishes > Damselfishes (Pomacentridae) > Genus Chromis,38038,29.11.2024_Milimani_Sargassum_ganz.mp4,[2.5051057],3031666
3548042,Genus Chromis,Small Ovals - Damselfishes > Damselfishes (Pomacentridae) > Genus Chromis,38038,29.11.2024_Milimani_Sargassum_ganz.mp4,[2.5051057],3031667
3548043,Genus Chromis,Small Ovals - Damselfishes > Damselfishes (Pomacentridae) > Genus Chromis,38038,29.11.2024_Milimani_Sargassum_ganz.mp4,[2.5051057],3031668
3548044,Genus Chromis,Small Ovals - Damselfishes > Damselfishes (Pomacentridae) > Genus Chromis,38038,29.11.2024_Milimani_Sargassum_ganz.mp4,[2.5051057],3031669
3548045,Genus Chromis,Small Ovals - Damselfishes > Damselfishes (Pomacentridae) > Genus Chromis,38038,29.11.2024_Milimani_Sargassum_ganz.mp4,[2.5051057],3031670
3548046,Genus Chromis,Small Ovals - Damselfishes > Damselfishes (Pomacentridae) > Genus Chromis,38038,29.11.2024_Milimani_Sargassum_ganz.mp4,[2.5051057],3031671
3548047,Genus Chromis,Small Ovals - Damselfishes > Damselfishes (Pomacentridae) > Genus Chromis,38038,29.11.2024_Milimani_Sargassum_ganz.mp4,[2.5051057],3031672
3548048,Genus Chromis,Small Ovals - Damselfishes > Damselfishes (Pomacentridae) > Genus Chromis,38038,29.11.2024_Milimani_Sargassum_ganz.mp4,[2.5051057],3031673
3548049,Genus Chromis,Small Ovals - Damselfishes > Damselfishes (Pomacentridae) > Genus Chromis,38038,29.11.2024_Milimani_Sargassum_ganz.mp4,[2.5051057],3031674
3548050,Genus Chromis,Small Ovals - Damselfishes > Damselfishes (Pomacentridae) > Genus Chromis,38038,29.11.2024_Milimani_Sargassum_ganz.mp4,[2.5051057],3031675
3548051,Genus Chromis,Small Ovals - Damselfishes > Damselfishes (Pomacentridae) > Genus Chromis,38038,29.11.2024_Milimani_Sargassum_ganz.mp4,[2.5051057],3031676
3548052,Genus Chromis,Small Ovals - Damselfishes > Damselfishes (Pomacentridae) > Genus Chromis,38038,29.11.2024_Milimani_Sargassum_ganz.mp4,[2.5051057],3031677
3548053,Genus Chromis,Small Ovals - Damselfishes > Damselfishes (Pomacentridae) > Genus Chromis,38038,29.11.2024_Milimani_Sargassum_ganz.mp4,[2.5051057],3031678
3548054,Genus Chromis,Small Ovals - Damselfishes > Damselfishes (Pomacentridae) > Genus Chromis,38038,29.11.2024_Milimani_Sargassum_ganz.mp4,[2.5051057],3031679
3548055,Genus Chromis,Small Ovals - Damselfishes > Damselfishes (Pomacentridae) > Genus Chromis,38038,29.11.2024_Milimani_Sargassum_ganz.mp4,[2.5051057],3031680
3548056,Genus Chromis,Small Ovals - Damselfishes > Damselfishes (Pomacentridae) > Genus Chromis,38038,29.11.2024_Milimani_Sargassum_ganz.mp4,[2.5051057],3031681
3548057,Genus Chromis,Small Ovals - Damselfishes > Damselfishes (Pomacentridae) > Genus Chromis,38038,29.11.2024_Milimani_Sargassum_ganz.mp4,[2.5051057],3031682
3548058,Genus Chromis,Small Ovals - Damselfishes > Damselfishes (Pomacentridae) > Genus Chromis,38038,29.11.2024_Milimani_Sargassum_ganz.mp4,[2.5051057],3031683
3548059,Genus Chromis,Small Ovals - Damselfishes > Damselfishes (Pomacentridae) > Genus Chromis,38038,29.11.2024_Milimani_Sargassum_ganz.mp4,[2.5051057],3031684
3548060,Genus Chromis,Small Ovals - Damselfishes > Damselfishes (Pomacentridae) > Genus Chromis,38038,29.11.2024_Milimani_Sargassum_ganz.mp4,[2.5051057],3031685
3548061,Genus Chromis,Small Ovals - Damselfishes > Damselfishes (Pomacentridae) > Genus Chromis,38038,29.11.2024_Milimani_Sargassum_ganz.mp4,[2.5051057],3031686
3548062,Genus Chromis,Small Ovals - Damselfishes > Damselfishes (Pomacentridae) > Genus Chromis,38038,29.11.2024_Milimani_Sargassum_ganz.mp4,[2.5051057],3031687
3548063,Genus Chromis,Small Ovals - Damselfishes > Damselfishes (Pomacentridae) > Genus Chromis,38038,29.11.2024_Milimani_Sargassum_ganz.mp4,[2.5051057],3031688
3548064,Genus Chromis,Small Ovals - Damselfishes > Damselfishes (Pomacentridae) > Genus Chromis,38038,29.11.2024_Milimani_Sargassum_ganz.mp4,[2.5051057],3031689
3548065,Genus Chromis,Small Ovals - Damselfishes > Damselfishes (Pomacentridae) > Genus Chromis,38038,29.11.2024_Milimani_Sargassum_ganz.mp4,[2.5051057],3031690
3548066,Genus Chromis,Small Ovals - Damselfishes > Damselfishes (Pomacentridae) > Genus Chromis,38038,29.11.2024_Milimani_Sargassum_ganz.mp4,[2.5051057],3031691
3548067,Genus Chromis,Small Ovals - Damselfishes > Damselfishes (Pomacentridae) > Genus Chromis,38038,29.11.2024_Milimani_Sargassum_ganz.mp4,[2.5051057],3031692
3548068,Genus Chromis,Small Ovals - Damselfishes > Damselfishes (Pomacentridae) > Genus Chromis,38038,29.11.2024_Milimani_Sargassum_ganz.mp4,[2.5051057],3031693
3548069,Genus Chromis,Small Ovals - Damselfishes > Damselfishes (Pomacentridae) > Genus Chromis,38038,29.11.2024_Milimani_Sargassum_ganz.mp4,[2.5051057],3031694
3548070,Genus Chromis,Small Ovals - Damselfishes > Damselfishes (Pomacentridae) > Genus Chromis,38038,29.11.2024_Milimani_Sargassum_ganz.mp4,[2.5051057],3031695
3548071,Genus Chromis,Small Ovals - Damselfishes > Damselfishes (Pomacentridae) > Genus Chromis,38038,29.11.2024_Milimani_Sargassum_ganz.mp4,[2.5051057],3031696
3548072,Genus Chromis,Small Ovals - Damselfishes > Damselfishes (Pomacentridae) > Genus Chromis,38038,29.11.2024_Milimani_Sargassum_ganz.mp4,[2.5051057],3031697
3548073,Genus Chromis,Small Ovals - Damselfishes > Damselfishes (Pomacentridae) > Genus Chromis,38038,29.11.2024_Milimani_Sargassum_ganz.mp4,[2.5051057],3031698
3548074,Genus Chromis,Small Ovals - Damselfishes > Damselfishes (Pomacentridae) > Genus Chromis,38038,29.11.2024_Milimani_Sargassum_ganz.mp4,[2.5051057],3031699
3548075,Genus Chromis,Small Ovals - Damselfishes > Damselfishes (Pomacentridae) > Genus Chromis,38038,29.11.2024_Milimani_Sargassum_ganz.mp4,[2.5051057],3031700
3548076,Genus Chromis,Small Ovals - Damselfishes > Damselfishes (Pomacentridae) > Genus Chromis,38038,29.11.2024_Milimani_Sargassum_ganz.mp4,[2.5051057],3031701
3548077,Genus Chromis,Small Ovals - Damselfishes > Damselfishes (Pomacentridae) > Genus Chromis,38038,29.11.2024_Milimani_Sargassum_ganz.mp4,[2.5051057],3031702
3548078,Genus Chromis,Small Ovals - Damselfishes > Damselfishes (Pomacentridae) > Genus Chromis,38038,29.11.2024_Milimani_Sargassum_ganz.mp4,[2.5051057],3031703
3548079,Genus Chromis,Small Ovals - Damselfishes > Damselfishes (Pomacentridae) > Genus Chromis,38038,29.11.2024_Milimani_Sargassum_ganz.mp4,[2.5051057],3031704
3548080,Genus Chromis,Small Ovals - Damselfishes > Damselfishes (Pomacentridae) > Genus Chromis,38038,29.11.2024_Milimani_Sargassum_ganz.mp4,[2.5051057],3031705
3548081,Indian Half-and-Half (Pycnochromis dimidiatus),Small Ovals - Damselfishes > Damselfishes (Pomacentridae) > Indian Half-and-Half (Pycnochromis dimidiatus),38038,29.11.2024_Milimani_Sargassum_ganz.mp4,[1170.8400126],3031706
3548082,Indian Half-and-Half (Pycnochromis dimidiatus),Small Ovals - Damselfishes > Damselfishes (Pomacentridae) > Indian Half-and-Half (Pycnochromis dimidiatus),38038,29.11.2024_Milimani_Sargassum_ganz.mp4,[1170.8400126],3031707
3548083,Indian Half-and-Half (Pycnochromis dimidiatus),Small Ovals - Damselfishes > Damselfishes (Pomacentridae) > Indian Half-and-Half (Pycnochromis dimidiatus),38038,29.11.2024_Milimani_Sargassum_ganz.mp4,[1170.8400126],3031708
3548084,Indian Half-and-Half (Pycnochromis dimidiatus),Small Ovals - Damselfishes > Damselfishes (Pomacentridae) > Indian Half-and-Half (Pycnochromis dimidiatus),38038,29.11.2024_Milimani_Sargassum_ganz.mp4,[1170.8400126],3031709
3548085,Indian Half-and-Half (Pycnochromis dimidiatus),Small Ovals - Damselfishes > Damselfishes (Pomacentridae) > Indian Half-and-Half (Pycnochromis dimidiatus),38038,29.11.2024_Milimani_Sargassum_ganz.mp4,[1170.8400126],3031710
3548086,Indian Half-and-Half (Pycnochromis dimidiatus),Small Ovals - Damselfishes > Damselfishes (Pomacentridae) > Indian Half-and-Half (Pycnochromis dimidiatus),38038,29.11.2024_Milimani_Sargassum_ganz.mp4,[1170.8400126],3031711
3548087,Indian Half-and-Half (Pycnochromis dimidiatus),Small Ovals - Damselfishes > Damselfishes (Pomacentridae) > Indian Half-and-Half (Pycnochromis dimidiatus),38038,29.11.2024_Milimani_Sargassum_ganz.mp4,[1170.8400126],3031712
3548088,Indian Half-and-Half (Pycnochromis dimidiatus),Small Ovals - Damselfishes > Damselfishes (Pomacentridae) > Indian Half-and-Half (Pycnochromis dimidiatus),38038,29.11.2024_Milimani_Sargassum_ganz.mp4,[1170.8400126],3031713
3548089,Indian Half-and-Half (Pycnochromis dimidiatus),Small Ovals - Damselfishes > Damselfishes (Pomacentridae) > Indian Half-and-Half (Pycnochromis dimidiatus),38038,29.11.2024_Milimani_Sargassum_ganz.mp4,[1170.8400126],3031714
3548090,Indian Half-and-Half (Pycnochromis dimidiatus),Small Ovals - Damselfishes > Damselfishes (Pomacentridae) > Indian Half-and-Half (Pycnochromis dimidiatus),38038,29.11.2024_Milimani_Sargassum_ganz.mp4,[1170.8400126],3031715
3548091,Indian Half-and-Half (Pycnochromis dimidiatus),Small Ovals - Damselfishes > Damselfishes (Pomacentridae) > Indian Half-and-Half (Pycnochromis dimidiatus),38038,29.11.2024_Milimani_Sargassum_ganz.mp4,[1170.8400126],3031716
3548092,Indian Half-and-Half (Pycnochromis dimidiatus),Small Ovals - Damselfishes > Damselfishes (Pomacentridae) > Indian Half-and-Half (Pycnochromis dimidiatus),38038,29.11.2024_Milimani_Sargassum_ganz.mp4,[1170.8400126],3031717
3548093,Indian Half-and-Half (Pycnochromis dimidiatus),Small Ovals - Damselfishes > Damselfishes (Pomacentridae) > Indian Half-and-Half (Pycnochromis dimidiatus),38038,29.11.2024_Milimani_Sargassum_ganz.mp4,[1170.8400126],3031718
3548094,Indian Half-and-Half (Pycnochromis dimidiatus),Small Ovals - Damselfishes > Damselfishes (Pomacentridae) > Indian Half-and-Half (Pycnochromis dimidiatus),38038,29.11.2024_Milimani_Sargassum_ganz.mp4,[1170.8400126],3031719
3548095,Indian Half-and-Half (Pycnochromis dimidiatus),Small Ovals - Damselfishes > Damselfishes (Pomacentridae) > Indian Half-and-Half (Pycnochromis dimidiatus),38038,29.11.2024_Milimani_Sargassum_ganz.mp4,[1170.8400126],3031720
3548096,Indian Half-and-Half (Pycnochromis dimidiatus),Small Ovals - Damselfishes > Damselfishes (Pomacentridae) > Indian Half-and-Half (Pycnochromis dimidiatus),38038,29.11.2024_Milimani_Sargassum_ganz.mp4,[1170.8400126],3031721
3548097,Indian Half-and-Half (Pycnochromis dimidiatus),Small Ovals - Damselfishes > Damselfishes (Pomacentridae) > Indian Half-and-Half (Pycnochromis dimidiatus),38038,29.11.2024_Milimani_Sargassum_ganz.mp4,[1170.8400126],3031722
3548098,Indian Half-and-Half (Pycnochromis dimidiatus),Small Ovals - Damselfishes > Damselfishes (Pomacentridae) > Indian Half-and-Half (Pycnochromis dimidiatus),38038,29.11.2024_Milimani_Sargassum_ganz.mp4,[1170.8400126],3031723
3548099,Indian Half-and-Half (Pycnochromis dimidiatus),Small Ovals - Damselfishes > Damselfishes (Pomacentridae) > Indian Half-and-Half (Pycnochromis dimidiatus),38038,29.11.2024_Milimani_Sargassum_ganz.mp4,[1170.8400126],3031724
3548100,Indian Half-and-Half (Pycnochromis dimidiatus),Small Ovals - Damselfishes > Damselfishes (Pomacentridae) > Indian Half-and-Half (Pycnochromis dimidiatus),38038,29.11.2024_Milimani_Sargassum_ganz.mp4,[1170.8400126],3031725
3548101,Indian Half-and-Half (Pycnochromis dimidiatus),Small Ovals - Damselfishes > Damselfishes (Pomacentridae) > Indian Half-and-Half (Pycnochromis dimidiatus),38038,29.11.2024_Milimani_Sargassum_ganz.mp4,[1170.8400126],3031726
3548102,Indian Half-and-Half (Pycnochromis dimidiatus),Small Ovals - Damselfishes > Damselfishes (Pomacentridae) > Indian Half-and-Half (Pycnochromis dimidiatus),38038,29.11.2024_Milimani_Sargassum_ganz.mp4,[1170.8400126],3031727
3548103,Indian Half-and-Half (Pycnochromis dimidiatus),Small Ovals - Damselfishes > Damselfishes (Pomacentridae) > Indian Half-and-Half (Pycnochromis dimidiatus),38038,29.11.2024_Milimani_Sargassum_ganz.mp4,[1170.8400126],3031728
3548104,Indian Half-and-Half (Pycnochromis dimidiatus),Small Ovals - Damselfishes > Damselfishes (Pomacentridae) > Indian Half-and-Half (Pycnochromis dimidiatus),38038,29.11.2024_Milimani_Sargassum_ganz.mp4,[1170.8400126],3031729
3548105,Indian Half-and-Half (Pycnochromis dimidiatus),Small Ovals - Damselfishes > Damselfishes (Pomacentridae) > Indian Half-and-Half (Pycnochromis dimidiatus),38038,29.11.2024_Milimani_Sargassum_ganz.mp4,[1170.8400126],3031730
3548106,Indian Half-and-Half (Pycnochromis dimidiatus),Small Ovals - Damselfishes > Damselfishes (Pomacentridae) > Indian Half-and-Half (Pycnochromis dimidiatus),38038,29.11.2024_Milimani_Sargassum_ganz.mp4,[1170.8400126],3031731
3548107,Indian Half-and-Half (Pycnochromis dimidiatus),Small Ovals - Damselfishes > Damselfishes (Pomacentridae) > Indian Half-and-Half (Pycnochromis dimidiatus),38038,29.11.2024_Milimani_Sargassum_ganz.mp4,[1170.8400126],3031732
3548108,Indian Half-and-Half (Pycnochromis dimidiatus),Small Ovals - Damselfishes > Damselfishes (Pomacentridae) > Indian Half-and-Half (Pycnochromis dimidiatus),38038,29.11.2024_Milimani_Sargassum_ganz.mp4,[1170.8400126],3031733
3548109,Indian Half-and-Half (Pycnochromis dimidiatus),Small Ovals - Damselfishes > Damselfishes (Pomacentridae) > Indian Half-and-Half (Pycnochromis dimidiatus),38038,29.11.2024_Milimani_Sargassum_ganz.mp4,[1170.8400126],3031734
3548110,Indian Half-and-Half (Pycnochromis dimidiatus),Small Ovals - Damselfishes > Damselfishes (Pomacentridae) > Indian Half-and-Half (Pycnochromis dimidiatus),38038,29.11.2024_Milimani_Sargassum_ganz.mp4,[1170.8400126],3031735
3548111,Indian Half-and-Half (Pycnochromis dimidiatus),Small Ovals - Damselfishes > Damselfishes (Pomacentridae) > Indian Half-and-Half (Pycnochromis dimidiatus),38038,29.11.2024_Milimani_Sargassum_ganz.mp4,[1170.8400126],3031736
3548112,Indian Half-and-Half (Pycnochromis dimidiatus),Small Ovals - Damselfishes > Damselfishes (Pomacentridae) > Indian Half-and-Half (Pycnochromis dimidiatus),38038,29.11.2024_Milimani_Sargassum_ganz.mp4,[1170.8400126],3031737
3548113,Indian Half-and-Half (Pycnochromis dimidiatus),Small Ovals - Damselfishes > Damselfishes (Pomacentridae) > Indian Half-and-Half (Pycnochromis dimidiatus),38038,29.11.2024_Milimani_Sargassum_ganz.mp4,[1170.8400126],3031738
3548114,Indian Half-and-Half (Pycnochromis dimidiatus),Small Ovals - Damselfishes > Damselfishes (Pomacentridae) > Indian Half-and-Half (Pycnochromis dimidiatus),38038,29.11.2024_Milimani_Sargassum_ganz.mp4,[1170.8400126],3031739
3548115,Indian Half-and-Half (Pycnochromis dimidiatus),Small Ovals - Damselfishes > Damselfishes (Pomacentridae) > Indian Half-and-Half (Pycnochromis dimidiatus),38038,29.11.2024_Milimani_Sargassum_ganz.mp4,[1170.8400126],3031740
3548116,Indian Half-and-Half (Pycnochromis dimidiatus),Small Ovals - Damselfishes > Damselfishes (Pomacentridae) > Indian Half-and-Half (Pycnochromis dimidiatus),38038,29.11.2024_Milimani_Sargassum_ganz.mp4,[1170.8400126],3031741
3548117,Indian Half-and-Half (Pycnochromis dimidiatus),Small Ovals - Damselfishes > Damselfishes (Pomacentridae) > Indian Half-and-Half (Pycnochromis dimidiatus),38038,29.11.2024_Milimani_Sargassum_ganz.mp4,[1170.8400126],3031742
3548118,Indian Half-and-Half (Pycnochromis dimidiatus),Small Ovals - Damselfishes > Damselfishes (Pomacentridae) > Indian Half-and-Half (Pycnochromis dimidiatus),38038,29.11.2024_Milimani_Sargassum_ganz.mp4,[1170.8400126],3031743
3548119,Indian Half-and-Half (Pycnochromis dimidiatus),Small Ovals - Damselfishes > Damselfishes (Pomacentridae) > Indian Half-and-Half (Pycnochromis dimidiatus),38038,29.11.2024_Milimani_Sargassum_ganz.mp4,[1170.8400126],3031744
3548120,Indian Half-and-Half (Pycnochromis dimidiatus),Small Ovals - Damselfishes > Damselfishes (Pomacentridae) > Indian Half-and-Half (Pycnochromis dimidiatus),38038,29.11.2024_Milimani_Sargassum_ganz.mp4,[1170.8400126],3031745
3548121,Indian Half-and-Half (Pycnochromis dimidiatus),Small Ovals - Damselfishes > Damselfishes (Pomacentridae) > Indian Half-and-Half (Pycnochromis dimidiatus),38038,29.11.2024_Milimani_Sargassum_ganz.mp4,[1170.8400126],3031746
3548122,Indian Half-and-Half (Pycnochromis dimidiatus),Small Ovals - Damselfishes > Damselfishes (Pomacentridae) > Indian Half-and-Half (Pycnochromis dimidiatus),38038,29.11.2024_Milimani_Sargassum_ganz.mp4,[1170.8400126],3031747
3548123,Indian Half-and-Half (Pycnochromis dimidiatus),Small Ovals - Damselfishes > Damselfishes (Pomacentridae) > Indian Half-and-Half (Pycnochromis dimidiatus),38038,29.11.2024_Milimani_Sargassum_ganz.mp4,[1170.8400126],3031748
3548124,Indian Half-and-Half (Pycnochromis dimidiatus),Small Ovals - Damselfishes > Damselfishes (Pomacentridae) > Indian Half-and-Half (Pycnochromis dimidiatus),38038,29.11.2024_Milimani_Sargassum_ganz.mp4,[1170.8400126],3031749
3548125,Indian Half-and-Half (Pycnochromis dimidiatus),Small Ovals - Damselfishes > Damselfishes (Pomacentridae) > Indian Half-and-Half (Pycnochromis dimidiatus),38038,29.11.2024_Milimani_Sargassum_ganz.mp4,[1170.8400126],3031750
3548126,Indian Half-and-Half (Pycnochromis dimidiatus),Small Ovals - Damselfishes > Damselfishes (Pomacentridae) > Indian Half-and-Half (Pycnochromis dimidiatus),38038,29.11.2024_Milimani_Sargassum_ganz.mp4,[1170.8400126],3031751
3548127,Indian Half-and-Half (Pycnochromis dimidiatus),Small Ovals - Damselfishes > Damselfishes (Pomacentridae) > Indian Half-and-Half (Pycnochromis dimidiatus),38038,29.11.2024_Milimani_Sargassum_ganz.mp4,[1170.8400126],3031752
3548128,Indian Half-and-Half (Pycnochromis dimidiatus),Small Ovals - Damselfishes > Damselfishes (Pomacentridae) > Indian Half-and-Half (Pycnochromis dimidiatus),38038,29.11.2024_Milimani_Sargassum_ganz.mp4,[1170.8400126],3031753
3548129,Indian Half-and-Half (Pycnochromis dimidiatus),Small Ovals - Damselfishes > Damselfishes (Pomacentridae) > Indian Half-and-Half (Pycnochromis dimidiatus),38038,29.11.2024_Milimani_Sargassum_ganz.mp4,[1170.8400126],3031754
3548130,Indian Half-and-Half (Pycnochromis dimidiatus),Small Ovals - Damselfishes > Damselfishes (Pomacentridae) > Indian Half-and-Half (Pycnochromis dimidiatus),38038,29.11.2024_Milimani_Sargassum_ganz.mp4,[1170.8400126],3031755
3548131,Indian Half-and-Half (Pycnochromis dimidiatus),Small Ovals - Damselfishes > Damselfishes (Pomacentridae) > Indian Half-and-Half (Pycnochromis dimidiatus),38038,29.11.2024_Milimani_Sargassum_ganz.mp4,[1170.8400126],3031756
3548132,Indian Half-and-Half (Pycnochromis dimidiatus),Small Ovals - Damselfishes > Damselfishes (Pomacentridae) > Indian Half-and-Half (Pycnochromis dimidiatus),38038,29.11.2024_Milimani_Sargassum_ganz.mp4,[1170.8400126],3031757
3548133,Indian Half-and-Half (Pycnochromis dimidiatus),Small Ovals - Damselfishes > Damselfishes (Pomacentridae) > Indian Half-and-Half (Pycnochromis dimidiatus),38038,29.11.2024_Milimani_Sargassum_ganz.mp4,[1170.8400126],3031758
3548134,Indian Half-and-Half (Pycnochromis dimidiatus),Small Ovals - Damselfishes > Damselfishes (Pomacentridae) > Indian Half-and-Half (Pycnochromis dimidiatus),38038,29.11.2024_Milimani_Sargassum_ganz.mp4,[1170.8400126],3031759
3548135,Indian Half-and-Half (Pycnochromis dimidiatus),Small Ovals - Damselfishes > Damselfishes (Pomacentridae) > Indian Half-and-Half (Pycnochromis dimidiatus),38038,29.11.2024_Milimani_Sargassum_ganz.mp4,[1170.8400126],3031760
3548136,Indian Half-and-Half (Pycnochromis dimidiatus),Small Ovals - Damselfishes > Damselfishes (Pomacentridae) > Indian Half-and-Half (Pycnochromis dimidiatus),38038,29.11.2024_Milimani_Sargassum_ganz.mp4,[1170.8400126],3031761
3548137,Indian Half-and-Half (Pycnochromis dimidiatus),Small Ovals - Damselfishes > Damselfishes (Pomacentridae) > Indian Half-and-Half (Pycnochromis dimidiatus),38038,29.11.2024_Milimani_Sargassum_ganz.mp4,[1170.8400126],3031762
3548138,Indian Half-and-Half (Pycnochromis dimidiatus),Small Ovals - Damselfishes > Damselfishes (Pomacentridae) > Indian Half-and-Half (Pycnochromis dimidiatus),38038,29.11.2024_Milimani_Sargassum_ganz.mp4,[1170.8400126],3031763
3548139,Indian Half-and-Half (Pycnochromis dimidiatus),Small Ovals - Damselfishes > Damselfishes (Pomacentridae) > Indian Half-and-Half (Pycnochromis dimidiatus),38038,29.11.2024_Milimani_Sargassum_ganz.mp4,[1170.8400126],3031764
3548140,Indian Half-and-Half (Pycnochromis dimidiatus),Small Ovals - Damselfishes > Damselfishes (Pomacentridae) > Indian Half-and-Half (Pycnochromis dimidiatus),38038,29.11.2024_Milimani_Sargassum_ganz.mp4,[1170.8400126],3031765
3548141,Indian Half-and-Half (Pycnochromis dimidiatus),Small Ovals - Damselfishes > Damselfishes (Pomacentridae) > Indian Half-and-Half (Pycnochromis dimidiatus),38038,29.11.2024_Milimani_Sargassum_ganz.mp4,[1170.8400126],3031766
3548142,Indian Half-and-Half (Pycnochromis dimidiatus),Small Ovals - Damselfishes > Damselfishes (Pomacentridae) > Indian Half-and-Half (Pycnochromis dimidiatus),38038,29.11.2024_Milimani_Sargassum_ganz.mp4,[1170.8400126],3031767
3548143,Indian Half-and-Half (Pycnochromis dimidiatus),Small Ovals - Damselfishes > Damselfishes (Pomacentridae) > Indian Half-and-Half (Pycnochromis dimidiatus),38038,29.11.2024_Milimani_Sargassum_ganz.mp4,[1170.8400126],3031768
3548144,Indian Half-and-Half (Pycnochromis dimidiatus),Small Ovals - Damselfishes > Damselfishes (Pomacentridae) > Indian Half-and-Half (Pycnochromis dimidiatus),38038,29.11.2024_Milimani_Sargassum_ganz.mp4,[1170.8400126],3031769
3548145,Indian Half-and-Half (Pycnochromis dimidiatus),Small Ovals - Damselfishes > Damselfishes (Pomacentridae) > Indian Half-and-Half (Pycnochromis dimidiatus),38038,29.11.2024_Milimani_Sargassum_ganz.mp4,[1170.8400126],3031770
3548146,Indian Half-and-Half (Pycnochromis dimidiatus),Small Ovals - Damselfishes > Damselfishes (Pomacentridae) > Indian Half-and-Half (Pycnochromis dimidiatus),38038,29.11.2024_Milimani_Sargassum_ganz.mp4,[1170.8400126],3031771
3559413,Puffers (Tetraodontidae),Odd-shaped Swimmers > Puffers (Tetraodontidae),38038,29.11.2024_Milimani_Sargassum_ganz.mp4,[1248.7229384],3042184
3620596,Yellowstripe (Mulloidichthys flavolineatus),Odd-shaped Swimmers > Goatfishes (Mullidae) > Yellowstripe (Mulloidichthys flavolineatus),38038,29.11.2024_Milimani_Sargassum_ganz.mp4,[1554.28414],3079937
3620597,Longnose (Oxymonacanthus longirostris),Odd-shaped Swimmers > Filefishes (Monacanthidae) > Longnose (Oxymonacanthus longirostris),38038,29.11.2024_Milimani_Sargassum_ganz.mp4,[1736.457724],3079938
3620598,Longnose (Oxymonacanthus longirostris),Odd-shaped Swimmers > Filefishes (Monacanthidae) > Longnose (Oxymonacanthus longirostris),38038,29.11.2024_Milimani_Sargassum_ganz.mp4,[1770.387288],3079939
3620599,Longnose (Oxymonacanthus longirostris),Odd-shaped Swimmers > Filefishes (Monacanthidae) > Longnose (Oxymonacanthus longirostris),38038,29.11.2024_Milimani_Sargassum_ganz.mp4,[1770.387288],3079940
3620601,Wrasses (Labridae),Wrasses > Wrasses (Labridae),38038,29.11.2024_Milimani_Sargassum_ganz.mp4,[2549.584591],3079942
