video_annotation_label_id,label_name,label_hierarchy,video_id,video_filename,frames,annotation_id
3466276,Green (Amblyglyphidodon indicus),Small Ovals - Damselfishes > Damselfishes (Pomacentridae) > Green (Amblyglyphidodon indicus),38014,15.11.24_Utumbi_Control_ganz.mp4,[6.2763467],2956525
3466279,Genus Chromis,Small Ovals - Damselfishes > Damselfishes (Pomacentridae) > Genus Chromis,38014,15.11.24_Utumbi_Control_ganz.mp4,[6.5972194],2956528
3466288,Elegant Unicorn (Naso elegans),Large Ovals > Surgeonfishes (Acanthuridae) > Elegant Unicorn (Naso elegans),38014,15.11.24_Utumbi_Control_ganz.mp4,[8.2612297],2956537
3466297,Green (Amblyglyphidodon indicus),Small Ovals - Damselfishes > Damselfishes (Pomacentridae) > Green (Amblyglyphidodon indicus),38014,15.11.24_Utumbi_Control_ganz.mp4,[13.0958446],2956546
3466300,Green (Amblyglyphidodon indicus),Small Ovals - Damselfishes > Damselfishes (Pomacentridae) > Green (Amblyglyphidodon indicus),38014,15.11.24_Utumbi_Control_ganz.mp4,[13.0958446],2956549
3466308,Genus Naso,Large Ovals > Surgeonfishes (Acanthuridae) > Genus Naso,38014,15.11.24_Utumbi_Control_ganz.mp4,[13.0958446],2956557
3466314,Indian Half-and-Half (Pycnochromis dimidiatus),Small Ovals - Damselfishes > Damselfishes (Pomacentridae) > Indian Half-and-Half (Pycnochromis dimidiatus),38014,15.11.24_Utumbi_Control_ganz.mp4,[15.2381918],2956563
3466325,Bicolor (Labroides bicolor),Wrasses > Wrasses (Labridae) > Bicolor (Labroides bicolor),38014,15.11.24_Utumbi_Control_ganz.mp4,[24.6783716],2956574
3466333,Genus Squirrel (Sargocentron),Reddish/Big Eyes > Soldier-&Squirrelfishes (Holocentridae) > Genus Squirrel (Sargocentron),38014,15.11.24_Utumbi_Control_ganz.mp4,[29.7410624],2956582
3466334,Golden (Ctenochaetus truncates),Large Ovals > Surgeonfishes (Acanthuridae) > Golden (Ctenochaetus truncates),38014,15.11.24_Utumbi_Control_ganz.mp4,[31.5095899],2956583
3466335,Golden (Ctenochaetus truncates),Large Ovals > Surgeonfishes (Acanthuridae) > Golden (Ctenochaetus truncates),38014,15.11.24_Utumbi_Control_ganz.mp4,[31.5095899],2956584
3466336,Parrotfishes (Scaridae),Parrotfishes > Parrotfishes (Scaridae),38014,15.11.24_Utumbi_Control_ganz.mp4,[34.6995499],2956585
3466337,Parrotfishes (Scaridae),Parrotfishes > Parrotfishes (Scaridae),38014,15.11.24_Utumbi_Control_ganz.mp4,[34.6995499],2956586
3466338,Moon (Thalassoma lunare),Wrasses > Wrasses (Labridae) > Moon (Thalassoma lunare),38014,15.11.24_Utumbi_Control_ganz.mp4,[39.694944],2956587
3466342,Brown Tang (Zebrasoma scopas),Large Ovals > Surgeonfishes (Acanthuridae) > Brown Tang (Zebrasoma scopas),38014,15.11.24_Utumbi_Control_ganz.mp4,[51.8874147],2956591
3466355,Wrasses (Labridae),Wrasses > Wrasses (Labridae),38014,15.11.24_Utumbi_Control_ganz.mp4,[59.9347378],2956604
3466364,Whitetail (Acanthurus thompsoni),Large Ovals > Surgeonfishes (Acanthuridae) > Whitetail (Acanthurus thompsoni),38014,15.11.24_Utumbi_Control_ganz.mp4,[68.6343559],2956613
3466367,Whitetail (Acanthurus thompsoni),Large Ovals > Surgeonfishes (Acanthuridae) > Whitetail (Acanthurus thompsoni),38014,15.11.24_Utumbi_Control_ganz.mp4,[73.1845898],2956616
3466369,Whitetail (Acanthurus thompsoni),Large Ovals > Surgeonfishes (Acanthuridae) > Whitetail (Acanthurus thompsoni),38014,15.11.24_Utumbi_Control_ganz.mp4,[73.1845898],2956618
3466371,Leopard (Cephalopholis leopardus),Heavy Bodies/Large Lips > Groupers (Serranidae) > Leopard (Cephalopholis leopardus),38014,15.11.24_Utumbi_Control_ganz.mp4,[90.8305942],2956620
3466373,Disappearing (Pseudocheilinus evanidus),Wrasses > Wrasses (Labridae) > Disappearing (Pseudocheilinus evanidus),38014,15.11.24_Utumbi_Control_ganz.mp4,[92.6458803],2956622
3466374,Genus Soldier (Myripristis),Reddish/Big Eyes > Soldier-&Squirrelfishes (Holocentridae) > Genus Soldier (Myripristis),38014,15.11.24_Utumbi_Control_ganz.mp4,[98.6339409],2956623
3466389,Surgeonfishes (Acanthuridae),Large Ovals > Surgeonfishes (Acanthuridae),38014,15.11.24_Utumbi_Control_ganz.mp4,[121.4999139],2956638
3466392,Goldbar (Thalassoma hebraicum),Wrasses > Wrasses (Labridae) > Goldbar (Thalassoma hebraicum),38014,15.11.24_Utumbi_Control_ganz.mp4,[125.6678779],2956641
3466401,Redmouth (Aethaloperca rogaa),Heavy Bodies/Large Lips > Groupers (Serranidae) > Redmouth (Aethaloperca rogaa),38014,15.11.24_Utumbi_Control_ganz.mp4,[127.2393504],2956650
3466411,Checkerboard (Halichoeres hortulanus),Wrasses > Wrasses (Labridae) > Checkerboard (Halichoeres hortulanus),38014,15.11.24_Utumbi_Control_ganz.mp4,[150.6648002],2956660
3466439,Brown Pigmy (Centropyge multispinis),Disk-shaped/Colourful > Angelfishes (Pomacanthidae) > Brown Pigmy (Centropyge multispinis),38014,15.11.24_Utumbi_Control_ganz.mp4,[171.4748189],2956688
3466442,Genus Squirrel (Sargocentron),Reddish/Big Eyes > Soldier-&Squirrelfishes (Holocentridae) > Genus Squirrel (Sargocentron),38014,15.11.24_Utumbi_Control_ganz.mp4,[184.50481],2956691
3466443,Genus Squirrel (Sargocentron),Reddish/Big Eyes > Soldier-&Squirrelfishes (Holocentridae) > Genus Squirrel (Sargocentron),38014,15.11.24_Utumbi_Control_ganz.mp4,[184.50481],2956692
3466444,Genus Squirrel (Sargocentron),Reddish/Big Eyes > Soldier-&Squirrelfishes (Holocentridae) > Genus Squirrel (Sargocentron),38014,15.11.24_Utumbi_Control_ganz.mp4,[184.50481],2956693
3466445,Genus Squirrel (Sargocentron),Reddish/Big Eyes > Soldier-&Squirrelfishes (Holocentridae) > Genus Squirrel (Sargocentron),38014,15.11.24_Utumbi_Control_ganz.mp4,[184.50481],2956694
3466449,Barred (Hemigymnus fasciatus),Wrasses > Wrasses (Labridae) > Barred (Hemigymnus fasciatus),38014,15.11.24_Utumbi_Control_ganz.mp4,[186.7892764],2956698
3466454,Brown Pigmy (Centropyge multispinis),Disk-shaped/Colourful > Angelfishes (Pomacanthidae) > Brown Pigmy (Centropyge multispinis),38014,15.11.24_Utumbi_Control_ganz.mp4,[193.5480963],2956703
3466455,Brown Pigmy (Centropyge multispinis),Disk-shaped/Colourful > Angelfishes (Pomacanthidae) > Brown Pigmy (Centropyge multispinis),38014,15.11.24_Utumbi_Control_ganz.mp4,[193.5480963],2956704
3466478,Lined Bristletooth (Ctenochaetus striatus),Large Ovals > Surgeonfishes (Acanthuridae) > Lined Bristletooth (Ctenochaetus striatus),38014,15.11.24_Utumbi_Control_ganz.mp4,[230.2363312],2956727
3466512,Longbarbel (Parupeneus macronemus),Odd-shaped Swimmers > Goatfishes (Mullidae) > Longbarbel (Parupeneus macronemus),38014,15.11.24_Utumbi_Control_ganz.mp4,[297.5258235],2956761
3466515,Orange-lined (Balistapus undulatus),Odd-shaped Swimmers > Triggerfishes (Balistidae) > Orange-lined (Balistapus undulatus),38014,15.11.24_Utumbi_Control_ganz.mp4,[324.2320379],2956764
3466516,Brown Tang (Zebrasoma scopas),Large Ovals > Surgeonfishes (Acanthuridae) > Brown Tang (Zebrasoma scopas),38014,15.11.24_Utumbi_Control_ganz.mp4,[354.1973771],2956765
3466517,Brown Tang (Zebrasoma scopas),Large Ovals > Surgeonfishes (Acanthuridae) > Brown Tang (Zebrasoma scopas),38014,15.11.24_Utumbi_Control_ganz.mp4,[354.1973771],2956766
3466520,Parrotfishes (Scaridae),Parrotfishes > Parrotfishes (Scaridae),38014,15.11.24_Utumbi_Control_ganz.mp4,[370.0598283],2956769
3466522,Parrotfishes (Scaridae),Parrotfishes > Parrotfishes (Scaridae),38014,15.11.24_Utumbi_Control_ganz.mp4,[370.0598283],2956771
3466523,Parrotfishes (Scaridae),Parrotfishes > Parrotfishes (Scaridae),38014,15.11.24_Utumbi_Control_ganz.mp4,[370.0598283],2956772
3466524,Parrotfishes (Scaridae),Parrotfishes > Parrotfishes (Scaridae),38014,15.11.24_Utumbi_Control_ganz.mp4,[370.0598283],2956773
3466526,Parrotfishes (Scaridae),Parrotfishes > Parrotfishes (Scaridae),38014,15.11.24_Utumbi_Control_ganz.mp4,[370.0598283],2956775
3466527,Parrotfishes (Scaridae),Parrotfishes > Parrotfishes (Scaridae),38014,15.11.24_Utumbi_Control_ganz.mp4,[370.0598283],2956776
3466529,Parrotfishes (Scaridae),Parrotfishes > Parrotfishes (Scaridae),38014,15.11.24_Utumbi_Control_ganz.mp4,[370.0598283],2956778
3466536,Blue-streak (Labroides dimidiatus),Wrasses > Wrasses (Labridae) > Blue-streak (Labroides dimidiatus),38014,15.11.24_Utumbi_Control_ganz.mp4,[378.6005055],2956785
3466537,Blue-streak (Labroides dimidiatus),Wrasses > Wrasses (Labridae) > Blue-streak (Labroides dimidiatus),38014,15.11.24_Utumbi_Control_ganz.mp4,[378.6005055],2956786
3466538,Bullethead (Chlorurus sordidus),Parrotfishes > Parrotfishes (Scaridae) > Bullethead (Chlorurus sordidus),38014,15.11.24_Utumbi_Control_ganz.mp4,[380.0596496],2956787
3466539,Bird wrasse (Gomphosus caeruleus),Wrasses > Wrasses (Labridae) > Bird wrasse (Gomphosus caeruleus),38014,15.11.24_Utumbi_Control_ganz.mp4,[400.6789123],2956788
3466540,Bullethead (Chlorurus sordidus),Parrotfishes > Parrotfishes (Scaridae) > Bullethead (Chlorurus sordidus),38014,15.11.24_Utumbi_Control_ganz.mp4,[427.8972445],2956789
3466541,Bullethead (Chlorurus sordidus),Parrotfishes > Parrotfishes (Scaridae) > Bullethead (Chlorurus sordidus),38014,15.11.24_Utumbi_Control_ganz.mp4,[427.8972445],2956790
3466542,Mozambique Fangblenny (Meiacanthus mossambicus),Blennies > Blennies (Blenniidae) > Mozambique Fangblenny (Meiacanthus mossambicus),38014,15.11.24_Utumbi_Control_ganz.mp4,[482.1122124],2956791
3466543,Moorish Idol (Zanclus cornutus),Large Ovals > Moorish Idol (Zanclidae) > Moorish Idol (Zanclus cornutus),38014,15.11.24_Utumbi_Control_ganz.mp4,[501.9634088],2956792
3466544,Trumpetfish (Aulostomus chinensis),Odd-shaped Swimmers > Trumpetfishes (Aulostomidae) > Trumpetfish (Aulostomus chinensis),38014,15.11.24_Utumbi_Control_ganz.mp4,[510.907288],2956793
3466545,Moorish Idol (Zanclus cornutus),Large Ovals > Moorish Idol (Zanclidae) > Moorish Idol (Zanclus cornutus),38014,15.11.24_Utumbi_Control_ganz.mp4,[525.779142],2956794
3466546,Moorish Idol (Zanclus cornutus),Large Ovals > Moorish Idol (Zanclidae) > Moorish Idol (Zanclus cornutus),38014,15.11.24_Utumbi_Control_ganz.mp4,[525.779142],2956795
3466547,Black Saddled Toby (Canthigaster valentini),Odd-shaped Swimmers > Puffers (Tetraodontidae) > Black Saddled Toby (Canthigaster valentini),38014,15.11.24_Utumbi_Control_ganz.mp4,[554.9622723],2956796
3466548,Blue-streak (Labroides dimidiatus),Wrasses > Wrasses (Labridae) > Blue-streak (Labroides dimidiatus),38014,15.11.24_Utumbi_Control_ganz.mp4,[566.0143741],2956797
3466549,Blue-streak (Labroides dimidiatus),Wrasses > Wrasses (Labridae) > Blue-streak (Labroides dimidiatus),38014,15.11.24_Utumbi_Control_ganz.mp4,[566.0143741],2956798
3466550,Blue-streak (Labroides dimidiatus),Wrasses > Wrasses (Labridae) > Blue-streak (Labroides dimidiatus),38014,15.11.24_Utumbi_Control_ganz.mp4,[566.0143741],2956799
3466551,Eclipse (Chaetodon bennetti),Disk-shaped/Colourful > Butterflyfishes (Chaetodontidae) > Eclipse (Chaetodon bennetti),38014,15.11.24_Utumbi_Control_ganz.mp4,[628.1625661],2956800
3466553,Trumpetfish (Aulostomus chinensis),Odd-shaped Swimmers > Trumpetfishes (Aulostomidae) > Trumpetfish (Aulostomus chinensis),38014,15.11.24_Utumbi_Control_ganz.mp4,[645.1160489],2956802
3466554,Trumpetfish (Aulostomus chinensis),Odd-shaped Swimmers > Trumpetfishes (Aulostomidae) > Trumpetfish (Aulostomus chinensis),38014,15.11.24_Utumbi_Control_ganz.mp4,[645.1160489],2956803
3466598,Five-saddle (Scarus saber),Parrotfishes > Parrotfishes (Scaridae) > Five-saddle (Scarus saber),38014,15.11.24_Utumbi_Control_ganz.mp4,[695.9783619],2956847
3466599,Indian Redfin (Chaetodon trifasciatus),Disk-shaped/Colourful > Butterflyfishes (Chaetodontidae) > Indian Redfin (Chaetodon trifasciatus),38014,15.11.24_Utumbi_Control_ganz.mp4,[716.4922998],2956848
3466600,Groupers (Serranidae),Heavy Bodies/Large Lips > Groupers (Serranidae),38014,15.11.24_Utumbi_Control_ganz.mp4,[797.481112],2956849
3466601,Slingjaw (Epibulus insidiator),Wrasses > Wrasses (Labridae) > Slingjaw (Epibulus insidiator),38014,15.11.24_Utumbi_Control_ganz.mp4,[806.3691499],2956850
3466602,Slingjaw (Epibulus insidiator),Wrasses > Wrasses (Labridae) > Slingjaw (Epibulus insidiator),38014,15.11.24_Utumbi_Control_ganz.mp4,[806.3691499],2956851
3466603,Freckled (Paracirrhites forsteri),Heavy Bodies/Large Lips > Hawkfishes (Cirrhitidae) > Freckled (Paracirrhites forsteri),38014,15.11.24_Utumbi_Control_ganz.mp4,[880.1112823],2956852
3466604,Regal (Pygoplites diacanthus),Disk-shaped/Colourful > Angelfishes (Pomacanthidae) > Regal (Pygoplites diacanthus),38014,15.11.24_Utumbi_Control_ganz.mp4,[954.8765201],2956853
3466605,Longfin Banner (Heniochus acuminatus),Disk-shaped/Colourful > Butterflyfishes (Chaetodontidae) > Longfin Banner (Heniochus acuminatus),38014,15.11.24_Utumbi_Control_ganz.mp4,[984.3314912],2956854
3466606,Genus Soldier (Myripristis),Reddish/Big Eyes > Soldier-&Squirrelfishes (Holocentridae) > Genus Soldier (Myripristis),38014,15.11.24_Utumbi_Control_ganz.mp4,[1012.8028267],2956855
3466607,Genus Soldier (Myripristis),Reddish/Big Eyes > Soldier-&Squirrelfishes (Holocentridae) > Genus Soldier (Myripristis),38014,15.11.24_Utumbi_Control_ganz.mp4,[1012.8028267],2956856
3466608,Honeycomb (Siganus stellatus),Large Ovals > Rabbitfishes (Siganidae) > Honeycomb (Siganus stellatus),38014,15.11.24_Utumbi_Control_ganz.mp4,[1104.4906842],2956857
3466609,Genus Soldier (Myripristis),Reddish/Big Eyes > Soldier-&Squirrelfishes (Holocentridae) > Genus Soldier (Myripristis),38014,15.11.24_Utumbi_Control_ganz.mp4,[1118.2859922],2956858
3466610,Genus Soldier (Myripristis),Reddish/Big Eyes > Soldier-&Squirrelfishes (Holocentridae) > Genus Soldier (Myripristis),38014,15.11.24_Utumbi_Control_ganz.mp4,[1118.2859922],2956859
3466611,Genus Soldier (Myripristis),Reddish/Big Eyes > Soldier-&Squirrelfishes (Holocentridae) > Genus Soldier (Myripristis),38014,15.11.24_Utumbi_Control_ganz.mp4,[1118.2859922],2956860
3466626,Raccoon (Chaetodon lunula),Disk-shaped/Colourful > Butterflyfishes (Chaetodontidae) > Raccoon (Chaetodon lunula),38014,15.11.24_Utumbi_Control_ganz.mp4,[1176.9284797],2956875
3466627,Raccoon (Chaetodon lunula),Disk-shaped/Colourful > Butterflyfishes (Chaetodontidae) > Raccoon (Chaetodon lunula),38014,15.11.24_Utumbi_Control_ganz.mp4,[1176.9284797],2956876
3466717,Tubelip (Labrichthys unilineatus),Wrasses > Wrasses (Labridae) > Tubelip (Labrichthys unilineatus),38014,15.11.24_Utumbi_Control_ganz.mp4,[1428.1809092],2956966
3466755,Humpnose Bigeye (Monotaxis grandoculis),Sloping Heads > Emperors (Lethrinidae) > Humpnose Bigeye (Monotaxis grandoculis),38014,15.11.24_Utumbi_Control_ganz.mp4,[1595.0645993],2957004
3466788,Blackeye (Hemigymnus melapterus),Wrasses > Wrasses (Labridae) > Blackeye (Hemigymnus melapterus),38014,15.11.24_Utumbi_Control_ganz.mp4,[1706.5784163],2957037
3466791,Linedcheeked (Oxycheilinus digramma),Wrasses > Wrasses (Labridae) > Linedcheeked (Oxycheilinus digramma),38014,15.11.24_Utumbi_Control_ganz.mp4,[1719.4378275],2957040
3466804,Axilspot Hogfish (Bodianus axillaris),Wrasses > Wrasses (Labridae) > Axilspot Hogfish (Bodianus axillaris),38014,15.11.24_Utumbi_Control_ganz.mp4,[1771.1612807],2957053
3466814,Rockmover (Novaculichthys taeniourus),Wrasses > Wrasses (Labridae) > Rockmover (Novaculichthys taeniourus),38014,15.11.24_Utumbi_Control_ganz.mp4,[1794.1546008],2957063
3466880,Sailfin Tang (Zebrasoma desjardinii),Large Ovals > Surgeonfishes (Acanthuridae) > Sailfin Tang (Zebrasoma desjardinii),38014,15.11.24_Utumbi_Control_ganz.mp4,[1864.9652685],2957129
3466898,Red-breasted (Cheilinus fasciatus),Wrasses > Wrasses (Labridae) > Red-breasted (Cheilinus fasciatus),38014,15.11.24_Utumbi_Control_ganz.mp4,[1888.796496],2957147
3466905,Genus Soldier (Myripristis),Reddish/Big Eyes > Soldier-&Squirrelfishes (Holocentridae) > Genus Soldier (Myripristis),38014,15.11.24_Utumbi_Control_ganz.mp4,[1890.9356811],2957154
3466906,Genus Soldier (Myripristis),Reddish/Big Eyes > Soldier-&Squirrelfishes (Holocentridae) > Genus Soldier (Myripristis),38014,15.11.24_Utumbi_Control_ganz.mp4,[1890.9356811],2957155
3466907,Genus Soldier (Myripristis),Reddish/Big Eyes > Soldier-&Squirrelfishes (Holocentridae) > Genus Soldier (Myripristis),38014,15.11.24_Utumbi_Control_ganz.mp4,[1890.9356811],2957156
3466908,Genus Soldier (Myripristis),Reddish/Big Eyes > Soldier-&Squirrelfishes (Holocentridae) > Genus Soldier (Myripristis),38014,15.11.24_Utumbi_Control_ganz.mp4,[1890.9356811],2957157
3467129,Orangespotted (Lethrinus erythracanthus),Sloping Heads > Emperors (Lethrinidae) > Orangespotted (Lethrinus erythracanthus),38014,15.11.24_Utumbi_Control_ganz.mp4,[2022.66081],2957170
3467130,Groupers (Serranidae),Heavy Bodies/Large Lips > Groupers (Serranidae),38014,15.11.24_Utumbi_Control_ganz.mp4,[2125.3610651],2957171
3467131,Groupers (Serranidae),Heavy Bodies/Large Lips > Groupers (Serranidae),38014,15.11.24_Utumbi_Control_ganz.mp4,[2125.3610651],2957172
3467132,Bird wrasse (Gomphosus caeruleus),Wrasses > Wrasses (Labridae) > Bird wrasse (Gomphosus caeruleus),38014,15.11.24_Utumbi_Control_ganz.mp4,[2396.7856042],2957173
3467133,Bird wrasse (Gomphosus caeruleus),Wrasses > Wrasses (Labridae) > Bird wrasse (Gomphosus caeruleus),38014,15.11.24_Utumbi_Control_ganz.mp4,[2396.7856042],2957174
3467134,Longnose (Forcipiger flavissimus),Disk-shaped/Colourful > Butterflyfishes (Chaetodontidae) > Longnose (Forcipiger flavissimus),38014,15.11.24_Utumbi_Control_ganz.mp4,[2407.3441081],2957175
3467137,Paletail Unicorn (Naso brevirostris),Large Ovals > Surgeonfishes (Acanthuridae) > Paletail Unicorn (Naso brevirostris),38014,15.11.24_Utumbi_Control_ganz.mp4,[2867.1935359],2957178
3467141,Black-lipped (Chaetodon kleinii),Disk-shaped/Colourful > Butterflyfishes (Chaetodontidae) > Black-lipped (Chaetodon kleinii),38014,15.11.24_Utumbi_Control_ganz.mp4,[3089.4231154],2957182
3467142,Red-breasted (Cheilinus fasciatus),Wrasses > Wrasses (Labridae) > Red-breasted (Cheilinus fasciatus),38014,15.11.24_Utumbi_Control_ganz.mp4,[3102.7848791],2957183
3467143,Red-breasted (Cheilinus fasciatus),Wrasses > Wrasses (Labridae) > Red-breasted (Cheilinus fasciatus),38014,15.11.24_Utumbi_Control_ganz.mp4,[3102.7848791],2957184
3467144,Indian Redfin (Chaetodon trifasciatus),Disk-shaped/Colourful > Butterflyfishes (Chaetodontidae) > Indian Redfin (Chaetodon trifasciatus),38014,15.11.24_Utumbi_Control_ganz.mp4,[3148.6066634],2957185
3467145,Indian Redfin (Chaetodon trifasciatus),Disk-shaped/Colourful > Butterflyfishes (Chaetodontidae) > Indian Redfin (Chaetodon trifasciatus),38014,15.11.24_Utumbi_Control_ganz.mp4,[3148.6066634],2957186
3467154,Swarthy (Scarus niger),Parrotfishes > Parrotfishes (Scaridae) > Swarthy (Scarus niger),38014,15.11.24_Utumbi_Control_ganz.mp4,[3208.5563381],2957195
3467158,Sixbar (Thalassoma hardwicke),Wrasses > Wrasses (Labridae) > Sixbar (Thalassoma hardwicke),38014,15.11.24_Utumbi_Control_ganz.mp4,[3224.5856249],2957199
3467159,Longbarbel (Parupeneus macronemus),Odd-shaped Swimmers > Goatfishes (Mullidae) > Longbarbel (Parupeneus macronemus),38014,15.11.24_Utumbi_Control_ganz.mp4,[3278.0338393],2957200
3467160,Longbarbel (Parupeneus macronemus),Odd-shaped Swimmers > Goatfishes (Mullidae) > Longbarbel (Parupeneus macronemus),38014,15.11.24_Utumbi_Control_ganz.mp4,[3278.0338393],2957201
3467161,Longbarbel (Parupeneus macronemus),Odd-shaped Swimmers > Goatfishes (Mullidae) > Longbarbel (Parupeneus macronemus),38014,15.11.24_Utumbi_Control_ganz.mp4,[3278.0338393],2957202
3467162,Moorish Idol (Zanclus cornutus),Large Ovals > Moorish Idol (Zanclidae) > Moorish Idol (Zanclus cornutus),38014,15.11.24_Utumbi_Control_ganz.mp4,[3306.0671556],2957203
3467163,Moorish Idol (Zanclus cornutus),Large Ovals > Moorish Idol (Zanclidae) > Moorish Idol (Zanclus cornutus),38014,15.11.24_Utumbi_Control_ganz.mp4,[3306.0671556],2957204
3467164,Moorish Idol (Zanclus cornutus),Large Ovals > Moorish Idol (Zanclidae) > Moorish Idol (Zanclus cornutus),38014,15.11.24_Utumbi_Control_ganz.mp4,[3306.0671556],2957205
3467169,Blue-green (Chromis viridis),Small Ovals - Damselfishes > Damselfishes (Pomacentridae) > Blue-green (Chromis viridis),38014,15.11.24_Utumbi_Control_ganz.mp4,[3462.3181154],2957210
3467173,Parrotfishes (Scaridae),Parrotfishes > Parrotfishes (Scaridae),38014,15.11.24_Utumbi_Control_ganz.mp4,[3510.2270751],2957214
3467174,Parrotfishes (Scaridae),Parrotfishes > Parrotfishes (Scaridae),38014,15.11.24_Utumbi_Control_ganz.mp4,[3510.2270751],2957215
3467175,Parrotfishes (Scaridae),Parrotfishes > Parrotfishes (Scaridae),38014,15.11.24_Utumbi_Control_ganz.mp4,[3510.2270751],2957216
3467176,Parrotfishes (Scaridae),Parrotfishes > Parrotfishes (Scaridae),38014,15.11.24_Utumbi_Control_ganz.mp4,[3510.2270751],2957217
3467177,Parrotfishes (Scaridae),Parrotfishes > Parrotfishes (Scaridae),38014,15.11.24_Utumbi_Control_ganz.mp4,[3510.2270751],2957218
3467178,Parrotfishes (Scaridae),Parrotfishes > Parrotfishes (Scaridae),38014,15.11.24_Utumbi_Control_ganz.mp4,[3510.2270751],2957219
3467179,Parrotfishes (Scaridae),Parrotfishes > Parrotfishes (Scaridae),38014,15.11.24_Utumbi_Control_ganz.mp4,[3510.2270751],2957220
3467180,Parrotfishes (Scaridae),Parrotfishes > Parrotfishes (Scaridae),38014,15.11.24_Utumbi_Control_ganz.mp4,[3510.2270751],2957221
3467181,Parrotfishes (Scaridae),Parrotfishes > Parrotfishes (Scaridae),38014,15.11.24_Utumbi_Control_ganz.mp4,[3510.2270751],2957222
3467183,Parrotfishes (Scaridae),Parrotfishes > Parrotfishes (Scaridae),38014,15.11.24_Utumbi_Control_ganz.mp4,[3510.2270751],2957224
3467184,Bird wrasse (Gomphosus caeruleus),Wrasses > Wrasses (Labridae) > Bird wrasse (Gomphosus caeruleus),38014,15.11.24_Utumbi_Control_ganz.mp4,[3513.435899],2957225
3467185,Bird wrasse (Gomphosus caeruleus),Wrasses > Wrasses (Labridae) > Bird wrasse (Gomphosus caeruleus),38014,15.11.24_Utumbi_Control_ganz.mp4,[3513.435899],2957226
3467186,Checkerboard (Halichoeres hortulanus),Wrasses > Wrasses (Labridae) > Checkerboard (Halichoeres hortulanus),38014,15.11.24_Utumbi_Control_ganz.mp4,[3510.3477083],2957227
3467188,Jacks/Trevallyes (Carangidae),Silvery > Jacks/Trevallyes (Carangidae),38014,15.11.24_Utumbi_Control_ganz.mp4,[3545.5483517],2957229
3548684,Indian Half-and-Half (Pycnochromis dimidiatus),Small Ovals - Damselfishes > Damselfishes (Pomacentridae) > Indian Half-and-Half (Pycnochromis dimidiatus),38014,15.11.24_Utumbi_Control_ganz.mp4,[2175.5498041],3032309
3548685,Indian Half-and-Half (Pycnochromis dimidiatus),Small Ovals - Damselfishes > Damselfishes (Pomacentridae) > Indian Half-and-Half (Pycnochromis dimidiatus),38014,15.11.24_Utumbi_Control_ganz.mp4,[2175.5498041],3032310
3548686,Indian Half-and-Half (Pycnochromis dimidiatus),Small Ovals - Damselfishes > Damselfishes (Pomacentridae) > Indian Half-and-Half (Pycnochromis dimidiatus),38014,15.11.24_Utumbi_Control_ganz.mp4,[2175.5498041],3032311
3548687,Indian Half-and-Half (Pycnochromis dimidiatus),Small Ovals - Damselfishes > Damselfishes (Pomacentridae) > Indian Half-and-Half (Pycnochromis dimidiatus),38014,15.11.24_Utumbi_Control_ganz.mp4,[2175.5498041],3032312
3548688,Indian Half-and-Half (Pycnochromis dimidiatus),Small Ovals - Damselfishes > Damselfishes (Pomacentridae) > Indian Half-and-Half (Pycnochromis dimidiatus),38014,15.11.24_Utumbi_Control_ganz.mp4,[2175.5498041],3032313
3548689,Indian Half-and-Half (Pycnochromis dimidiatus),Small Ovals - Damselfishes > Damselfishes (Pomacentridae) > Indian Half-and-Half (Pycnochromis dimidiatus),38014,15.11.24_Utumbi_Control_ganz.mp4,[2175.5498041],3032314
3548690,Indian Half-and-Half (Pycnochromis dimidiatus),Small Ovals - Damselfishes > Damselfishes (Pomacentridae) > Indian Half-and-Half (Pycnochromis dimidiatus),38014,15.11.24_Utumbi_Control_ganz.mp4,[2175.5498041],3032315
3548691,Indian Half-and-Half (Pycnochromis dimidiatus),Small Ovals - Damselfishes > Damselfishes (Pomacentridae) > Indian Half-and-Half (Pycnochromis dimidiatus),38014,15.11.24_Utumbi_Control_ganz.mp4,[2175.5498041],3032316
3548692,Indian Half-and-Half (Pycnochromis dimidiatus),Small Ovals - Damselfishes > Damselfishes (Pomacentridae) > Indian Half-and-Half (Pycnochromis dimidiatus),38014,15.11.24_Utumbi_Control_ganz.mp4,[2175.5498041],3032317
3548693,Indian Half-and-Half (Pycnochromis dimidiatus),Small Ovals - Damselfishes > Damselfishes (Pomacentridae) > Indian Half-and-Half (Pycnochromis dimidiatus),38014,15.11.24_Utumbi_Control_ganz.mp4,[2175.5498041],3032318
3548694,Indian Half-and-Half (Pycnochromis dimidiatus),Small Ovals - Damselfishes > Damselfishes (Pomacentridae) > Indian Half-and-Half (Pycnochromis dimidiatus),38014,15.11.24_Utumbi_Control_ganz.mp4,[2175.5498041],3032319
3548695,Indian Half-and-Half (Pycnochromis dimidiatus),Small Ovals - Damselfishes > Damselfishes (Pomacentridae) > Indian Half-and-Half (Pycnochromis dimidiatus),38014,15.11.24_Utumbi_Control_ganz.mp4,[2175.5498041],3032320
3548696,Indian Half-and-Half (Pycnochromis dimidiatus),Small Ovals - Damselfishes > Damselfishes (Pomacentridae) > Indian Half-and-Half (Pycnochromis dimidiatus),38014,15.11.24_Utumbi_Control_ganz.mp4,[2175.5498041],3032321
3548697,Indian Half-and-Half (Pycnochromis dimidiatus),Small Ovals - Damselfishes > Damselfishes (Pomacentridae) > Indian Half-and-Half (Pycnochromis dimidiatus),38014,15.11.24_Utumbi_Control_ganz.mp4,[2175.5498041],3032322
3548698,Indian Half-and-Half (Pycnochromis dimidiatus),Small Ovals - Damselfishes > Damselfishes (Pomacentridae) > Indian Half-and-Half (Pycnochromis dimidiatus),38014,15.11.24_Utumbi_Control_ganz.mp4,[2175.5498041],3032323
3548699,Indian Half-and-Half (Pycnochromis dimidiatus),Small Ovals - Damselfishes > Damselfishes (Pomacentridae) > Indian Half-and-Half (Pycnochromis dimidiatus),38014,15.11.24_Utumbi_Control_ganz.mp4,[2175.5498041],3032324
3548700,Indian Half-and-Half (Pycnochromis dimidiatus),Small Ovals - Damselfishes > Damselfishes (Pomacentridae) > Indian Half-and-Half (Pycnochromis dimidiatus),38014,15.11.24_Utumbi_Control_ganz.mp4,[2175.5498041],3032325
3548701,Indian Half-and-Half (Pycnochromis dimidiatus),Small Ovals - Damselfishes > Damselfishes (Pomacentridae) > Indian Half-and-Half (Pycnochromis dimidiatus),38014,15.11.24_Utumbi_Control_ganz.mp4,[2175.5498041],3032326
3548702,Indian Half-and-Half (Pycnochromis dimidiatus),Small Ovals - Damselfishes > Damselfishes (Pomacentridae) > Indian Half-and-Half (Pycnochromis dimidiatus),38014,15.11.24_Utumbi_Control_ganz.mp4,[2175.5498041],3032327
3548703,Indian Half-and-Half (Pycnochromis dimidiatus),Small Ovals - Damselfishes > Damselfishes (Pomacentridae) > Indian Half-and-Half (Pycnochromis dimidiatus),38014,15.11.24_Utumbi_Control_ganz.mp4,[2175.5498041],3032328
3548704,Indian Half-and-Half (Pycnochromis dimidiatus),Small Ovals - Damselfishes > Damselfishes (Pomacentridae) > Indian Half-and-Half (Pycnochromis dimidiatus),38014,15.11.24_Utumbi_Control_ganz.mp4,[2175.5498041],3032329
3548705,Indian Half-and-Half (Pycnochromis dimidiatus),Small Ovals - Damselfishes > Damselfishes (Pomacentridae) > Indian Half-and-Half (Pycnochromis dimidiatus),38014,15.11.24_Utumbi_Control_ganz.mp4,[2175.5498041],3032330
3548706,Indian Half-and-Half (Pycnochromis dimidiatus),Small Ovals - Damselfishes > Damselfishes (Pomacentridae) > Indian Half-and-Half (Pycnochromis dimidiatus),38014,15.11.24_Utumbi_Control_ganz.mp4,[2175.5498041],3032331
3548707,Indian Half-and-Half (Pycnochromis dimidiatus),Small Ovals - Damselfishes > Damselfishes (Pomacentridae) > Indian Half-and-Half (Pycnochromis dimidiatus),38014,15.11.24_Utumbi_Control_ganz.mp4,[2175.5498041],3032332
3548708,Indian Half-and-Half (Pycnochromis dimidiatus),Small Ovals - Damselfishes > Damselfishes (Pomacentridae) > Indian Half-and-Half (Pycnochromis dimidiatus),38014,15.11.24_Utumbi_Control_ganz.mp4,[2175.5498041],3032333
3548709,Indian Half-and-Half (Pycnochromis dimidiatus),Small Ovals - Damselfishes > Damselfishes (Pomacentridae) > Indian Half-and-Half (Pycnochromis dimidiatus),38014,15.11.24_Utumbi_Control_ganz.mp4,[2175.5498041],3032334
3548710,Indian Half-and-Half (Pycnochromis dimidiatus),Small Ovals - Damselfishes > Damselfishes (Pomacentridae) > Indian Half-and-Half (Pycnochromis dimidiatus),38014,15.11.24_Utumbi_Control_ganz.mp4,[2175.5498041],3032335
3548711,Indian Half-and-Half (Pycnochromis dimidiatus),Small Ovals - Damselfishes > Damselfishes (Pomacentridae) > Indian Half-and-Half (Pycnochromis dimidiatus),38014,15.11.24_Utumbi_Control_ganz.mp4,[2175.5498041],3032336
3548712,Indian Half-and-Half (Pycnochromis dimidiatus),Small Ovals - Damselfishes > Damselfishes (Pomacentridae) > Indian Half-and-Half (Pycnochromis dimidiatus),38014,15.11.24_Utumbi_Control_ganz.mp4,[2175.5498041],3032337
3548713,Indian Half-and-Half (Pycnochromis dimidiatus),Small Ovals - Damselfishes > Damselfishes (Pomacentridae) > Indian Half-and-Half (Pycnochromis dimidiatus),38014,15.11.24_Utumbi_Control_ganz.mp4,[2175.5498041],3032338
3548714,Indian Half-and-Half (Pycnochromis dimidiatus),Small Ovals - Damselfishes > Damselfishes (Pomacentridae) > Indian Half-and-Half (Pycnochromis dimidiatus),38014,15.11.24_Utumbi_Control_ganz.mp4,[2175.5498041],3032339
3548715,Indian Half-and-Half (Pycnochromis dimidiatus),Small Ovals - Damselfishes > Damselfishes (Pomacentridae) > Indian Half-and-Half (Pycnochromis dimidiatus),38014,15.11.24_Utumbi_Control_ganz.mp4,[2175.5498041],3032340
3548716,Indian Half-and-Half (Pycnochromis dimidiatus),Small Ovals - Damselfishes > Damselfishes (Pomacentridae) > Indian Half-and-Half (Pycnochromis dimidiatus),38014,15.11.24_Utumbi_Control_ganz.mp4,[2175.5498041],3032341
3548717,Indian Half-and-Half (Pycnochromis dimidiatus),Small Ovals - Damselfishes > Damselfishes (Pomacentridae) > Indian Half-and-Half (Pycnochromis dimidiatus),38014,15.11.24_Utumbi_Control_ganz.mp4,[2175.5498041],3032342
3548718,Indian Half-and-Half (Pycnochromis dimidiatus),Small Ovals - Damselfishes > Damselfishes (Pomacentridae) > Indian Half-and-Half (Pycnochromis dimidiatus),38014,15.11.24_Utumbi_Control_ganz.mp4,[2175.5498041],3032343
3548719,Indian Half-and-Half (Pycnochromis dimidiatus),Small Ovals - Damselfishes > Damselfishes (Pomacentridae) > Indian Half-and-Half (Pycnochromis dimidiatus),38014,15.11.24_Utumbi_Control_ganz.mp4,[2175.5498041],3032344
3548720,Indian Half-and-Half (Pycnochromis dimidiatus),Small Ovals - Damselfishes > Damselfishes (Pomacentridae) > Indian Half-and-Half (Pycnochromis dimidiatus),38014,15.11.24_Utumbi_Control_ganz.mp4,[2175.5498041],3032345
3548721,Indian Half-and-Half (Pycnochromis dimidiatus),Small Ovals - Damselfishes > Damselfishes (Pomacentridae) > Indian Half-and-Half (Pycnochromis dimidiatus),38014,15.11.24_Utumbi_Control_ganz.mp4,[2175.5498041],3032346
3548722,Indian Half-and-Half (Pycnochromis dimidiatus),Small Ovals - Damselfishes > Damselfishes (Pomacentridae) > Indian Half-and-Half (Pycnochromis dimidiatus),38014,15.11.24_Utumbi_Control_ganz.mp4,[2175.5498041],3032347
3548723,Indian Half-and-Half (Pycnochromis dimidiatus),Small Ovals - Damselfishes > Damselfishes (Pomacentridae) > Indian Half-and-Half (Pycnochromis dimidiatus),38014,15.11.24_Utumbi_Control_ganz.mp4,[2175.5498041],3032348
3548724,Indian Half-and-Half (Pycnochromis dimidiatus),Small Ovals - Damselfishes > Damselfishes (Pomacentridae) > Indian Half-and-Half (Pycnochromis dimidiatus),38014,15.11.24_Utumbi_Control_ganz.mp4,[2175.5498041],3032349
3548725,Indian Half-and-Half (Pycnochromis dimidiatus),Small Ovals - Damselfishes > Damselfishes (Pomacentridae) > Indian Half-and-Half (Pycnochromis dimidiatus),38014,15.11.24_Utumbi_Control_ganz.mp4,[2175.5498041],3032350
3548726,Indian Half-and-Half (Pycnochromis dimidiatus),Small Ovals - Damselfishes > Damselfishes (Pomacentridae) > Indian Half-and-Half (Pycnochromis dimidiatus),38014,15.11.24_Utumbi_Control_ganz.mp4,[2175.5498041],3032351
3548727,Indian Half-and-Half (Pycnochromis dimidiatus),Small Ovals - Damselfishes > Damselfishes (Pomacentridae) > Indian Half-and-Half (Pycnochromis dimidiatus),38014,15.11.24_Utumbi_Control_ganz.mp4,[2175.5498041],3032352
3548728,Indian Half-and-Half (Pycnochromis dimidiatus),Small Ovals - Damselfishes > Damselfishes (Pomacentridae) > Indian Half-and-Half (Pycnochromis dimidiatus),38014,15.11.24_Utumbi_Control_ganz.mp4,[2175.5498041],3032353
3548729,Indian Half-and-Half (Pycnochromis dimidiatus),Small Ovals - Damselfishes > Damselfishes (Pomacentridae) > Indian Half-and-Half (Pycnochromis dimidiatus),38014,15.11.24_Utumbi_Control_ganz.mp4,[2175.5498041],3032354
3548730,Indian Half-and-Half (Pycnochromis dimidiatus),Small Ovals - Damselfishes > Damselfishes (Pomacentridae) > Indian Half-and-Half (Pycnochromis dimidiatus),38014,15.11.24_Utumbi_Control_ganz.mp4,[2175.5498041],3032355
3548731,Indian Half-and-Half (Pycnochromis dimidiatus),Small Ovals - Damselfishes > Damselfishes (Pomacentridae) > Indian Half-and-Half (Pycnochromis dimidiatus),38014,15.11.24_Utumbi_Control_ganz.mp4,[2175.5498041],3032356
3548732,Indian Half-and-Half (Pycnochromis dimidiatus),Small Ovals - Damselfishes > Damselfishes (Pomacentridae) > Indian Half-and-Half (Pycnochromis dimidiatus),38014,15.11.24_Utumbi_Control_ganz.mp4,[2175.5498041],3032357
3548733,Indian Half-and-Half (Pycnochromis dimidiatus),Small Ovals - Damselfishes > Damselfishes (Pomacentridae) > Indian Half-and-Half (Pycnochromis dimidiatus),38014,15.11.24_Utumbi_Control_ganz.mp4,[2175.5498041],3032358
3548734,Indian Half-and-Half (Pycnochromis dimidiatus),Small Ovals - Damselfishes > Damselfishes (Pomacentridae) > Indian Half-and-Half (Pycnochromis dimidiatus),38014,15.11.24_Utumbi_Control_ganz.mp4,[2175.5498041],3032359
3548735,Genus Chromis,Small Ovals - Damselfishes > Damselfishes (Pomacentridae) > Genus Chromis,38014,15.11.24_Utumbi_Control_ganz.mp4,[2174.1685252],3032360
3548736,Genus Chromis,Small Ovals - Damselfishes > Damselfishes (Pomacentridae) > Genus Chromis,38014,15.11.24_Utumbi_Control_ganz.mp4,[2174.1685252],3032361
3548737,Genus Chromis,Small Ovals - Damselfishes > Damselfishes (Pomacentridae) > Genus Chromis,38014,15.11.24_Utumbi_Control_ganz.mp4,[2174.1685252],3032362
3548738,Genus Chromis,Small Ovals - Damselfishes > Damselfishes (Pomacentridae) > Genus Chromis,38014,15.11.24_Utumbi_Control_ganz.mp4,[2174.1685252],3032363
3548739,Genus Chromis,Small Ovals - Damselfishes > Damselfishes (Pomacentridae) > Genus Chromis,38014,15.11.24_Utumbi_Control_ganz.mp4,[2174.1685252],3032364
3548740,Genus Chromis,Small Ovals - Damselfishes > Damselfishes (Pomacentridae) > Genus Chromis,38014,15.11.24_Utumbi_Control_ganz.mp4,[2174.1685252],3032365
3548741,Genus Chromis,Small Ovals - Damselfishes > Damselfishes (Pomacentridae) > Genus Chromis,38014,15.11.24_Utumbi_Control_ganz.mp4,[2174.1685252],3032366
3548742,Genus Chromis,Small Ovals - Damselfishes > Damselfishes (Pomacentridae) > Genus Chromis,38014,15.11.24_Utumbi_Control_ganz.mp4,[2174.1685252],3032367
3548743,Genus Chromis,Small Ovals - Damselfishes > Damselfishes (Pomacentridae) > Genus Chromis,38014,15.11.24_Utumbi_Control_ganz.mp4,[2174.1685252],3032368
3548744,Genus Chromis,Small Ovals - Damselfishes > Damselfishes (Pomacentridae) > Genus Chromis,38014,15.11.24_Utumbi_Control_ganz.mp4,[2174.1685252],3032369
3548745,Genus Chromis,Small Ovals - Damselfishes > Damselfishes (Pomacentridae) > Genus Chromis,38014,15.11.24_Utumbi_Control_ganz.mp4,[2174.1685252],3032370
3548746,Genus Chromis,Small Ovals - Damselfishes > Damselfishes (Pomacentridae) > Genus Chromis,38014,15.11.24_Utumbi_Control_ganz.mp4,[2174.1685252],3032371
3548747,Genus Chromis,Small Ovals - Damselfishes > Damselfishes (Pomacentridae) > Genus Chromis,38014,15.11.24_Utumbi_Control_ganz.mp4,[2174.1685252],3032372
3548748,Genus Chromis,Small Ovals - Damselfishes > Damselfishes (Pomacentridae) > Genus Chromis,38014,15.11.24_Utumbi_Control_ganz.mp4,[2174.1685252],3032373
3548749,Genus Chromis,Small Ovals - Damselfishes > Damselfishes (Pomacentridae) > Genus Chromis,38014,15.11.24_Utumbi_Control_ganz.mp4,[2174.1685252],3032374
3548750,Genus Chromis,Small Ovals - Damselfishes > Damselfishes (Pomacentridae) > Genus Chromis,38014,15.11.24_Utumbi_Control_ganz.mp4,[2174.1685252],3032375
3548751,Genus Chromis,Small Ovals - Damselfishes > Damselfishes (Pomacentridae) > Genus Chromis,38014,15.11.24_Utumbi_Control_ganz.mp4,[2174.1685252],3032376
3548752,Genus Chromis,Small Ovals - Damselfishes > Damselfishes (Pomacentridae) > Genus Chromis,38014,15.11.24_Utumbi_Control_ganz.mp4,[2174.1685252],3032377
3548753,Genus Chromis,Small Ovals - Damselfishes > Damselfishes (Pomacentridae) > Genus Chromis,38014,15.11.24_Utumbi_Control_ganz.mp4,[2174.1685252],3032378
3548754,Genus Chromis,Small Ovals - Damselfishes > Damselfishes (Pomacentridae) > Genus Chromis,38014,15.11.24_Utumbi_Control_ganz.mp4,[2174.1685252],3032379
3548755,Genus Chromis,Small Ovals - Damselfishes > Damselfishes (Pomacentridae) > Genus Chromis,38014,15.11.24_Utumbi_Control_ganz.mp4,[2174.1685252],3032380
3548756,Genus Chromis,Small Ovals - Damselfishes > Damselfishes (Pomacentridae) > Genus Chromis,38014,15.11.24_Utumbi_Control_ganz.mp4,[2174.1685252],3032381
3548757,Genus Chromis,Small Ovals - Damselfishes > Damselfishes (Pomacentridae) > Genus Chromis,38014,15.11.24_Utumbi_Control_ganz.mp4,[2174.1685252],3032382
3548758,Genus Chromis,Small Ovals - Damselfishes > Damselfishes (Pomacentridae) > Genus Chromis,38014,15.11.24_Utumbi_Control_ganz.mp4,[2174.1685252],3032383
3548759,Genus Chromis,Small Ovals - Damselfishes > Damselfishes (Pomacentridae) > Genus Chromis,38014,15.11.24_Utumbi_Control_ganz.mp4,[2174.1685252],3032384
3548760,Genus Chromis,Small Ovals - Damselfishes > Damselfishes (Pomacentridae) > Genus Chromis,38014,15.11.24_Utumbi_Control_ganz.mp4,[2174.1685252],3032385
3548761,Genus Chromis,Small Ovals - Damselfishes > Damselfishes (Pomacentridae) > Genus Chromis,38014,15.11.24_Utumbi_Control_ganz.mp4,[2174.1685252],3032386
3548762,Genus Chromis,Small Ovals - Damselfishes > Damselfishes (Pomacentridae) > Genus Chromis,38014,15.11.24_Utumbi_Control_ganz.mp4,[2174.1685252],3032387
3548763,Genus Chromis,Small Ovals - Damselfishes > Damselfishes (Pomacentridae) > Genus Chromis,38014,15.11.24_Utumbi_Control_ganz.mp4,[2174.1685252],3032388
3548764,Genus Chromis,Small Ovals - Damselfishes > Damselfishes (Pomacentridae) > Genus Chromis,38014,15.11.24_Utumbi_Control_ganz.mp4,[2174.1685252],3032389
3548765,Genus Chromis,Small Ovals - Damselfishes > Damselfishes (Pomacentridae) > Genus Chromis,38014,15.11.24_Utumbi_Control_ganz.mp4,[2174.1685252],3032390
3548766,Genus Chromis,Small Ovals - Damselfishes > Damselfishes (Pomacentridae) > Genus Chromis,38014,15.11.24_Utumbi_Control_ganz.mp4,[2174.1685252],3032391
3548767,Genus Chromis,Small Ovals - Damselfishes > Damselfishes (Pomacentridae) > Genus Chromis,38014,15.11.24_Utumbi_Control_ganz.mp4,[2174.1685252],3032392
3548768,Genus Chromis,Small Ovals - Damselfishes > Damselfishes (Pomacentridae) > Genus Chromis,38014,15.11.24_Utumbi_Control_ganz.mp4,[2174.1685252],3032393
3548769,Genus Chromis,Small Ovals - Damselfishes > Damselfishes (Pomacentridae) > Genus Chromis,38014,15.11.24_Utumbi_Control_ganz.mp4,[2174.1685252],3032394
3548770,Genus Chromis,Small Ovals - Damselfishes > Damselfishes (Pomacentridae) > Genus Chromis,38014,15.11.24_Utumbi_Control_ganz.mp4,[2174.1685252],3032395
3548771,Genus Chromis,Small Ovals - Damselfishes > Damselfishes (Pomacentridae) > Genus Chromis,38014,15.11.24_Utumbi_Control_ganz.mp4,[2174.1685252],3032396
3548772,Genus Chromis,Small Ovals - Damselfishes > Damselfishes (Pomacentridae) > Genus Chromis,38014,15.11.24_Utumbi_Control_ganz.mp4,[2174.1685252],3032397
3548773,Genus Chromis,Small Ovals - Damselfishes > Damselfishes (Pomacentridae) > Genus Chromis,38014,15.11.24_Utumbi_Control_ganz.mp4,[2174.1685252],3032398
3548774,Genus Chromis,Small Ovals - Damselfishes > Damselfishes (Pomacentridae) > Genus Chromis,38014,15.11.24_Utumbi_Control_ganz.mp4,[2174.1685252],3032399
3548775,Genus Chromis,Small Ovals - Damselfishes > Damselfishes (Pomacentridae) > Genus Chromis,38014,15.11.24_Utumbi_Control_ganz.mp4,[2174.1685252],3032400
3548776,Genus Chromis,Small Ovals - Damselfishes > Damselfishes (Pomacentridae) > Genus Chromis,38014,15.11.24_Utumbi_Control_ganz.mp4,[2174.1685252],3032401
3548777,Genus Chromis,Small Ovals - Damselfishes > Damselfishes (Pomacentridae) > Genus Chromis,38014,15.11.24_Utumbi_Control_ganz.mp4,[2174.1685252],3032402
3548778,Genus Chromis,Small Ovals - Damselfishes > Damselfishes (Pomacentridae) > Genus Chromis,38014,15.11.24_Utumbi_Control_ganz.mp4,[2174.1685252],3032403
3548779,Genus Chromis,Small Ovals - Damselfishes > Damselfishes (Pomacentridae) > Genus Chromis,38014,15.11.24_Utumbi_Control_ganz.mp4,[2174.1685252],3032404
3548780,Genus Chromis,Small Ovals - Damselfishes > Damselfishes (Pomacentridae) > Genus Chromis,38014,15.11.24_Utumbi_Control_ganz.mp4,[2174.1685252],3032405
3548781,Genus Chromis,Small Ovals - Damselfishes > Damselfishes (Pomacentridae) > Genus Chromis,38014,15.11.24_Utumbi_Control_ganz.mp4,[2174.1685252],3032406
3548782,Genus Chromis,Small Ovals - Damselfishes > Damselfishes (Pomacentridae) > Genus Chromis,38014,15.11.24_Utumbi_Control_ganz.mp4,[2174.1685252],3032407
3548783,Genus Chromis,Small Ovals - Damselfishes > Damselfishes (Pomacentridae) > Genus Chromis,38014,15.11.24_Utumbi_Control_ganz.mp4,[2174.1685252],3032408
3548784,Genus Chromis,Small Ovals - Damselfishes > Damselfishes (Pomacentridae) > Genus Chromis,38014,15.11.24_Utumbi_Control_ganz.mp4,[2174.1685252],3032409
3548785,Genus Chromis,Small Ovals - Damselfishes > Damselfishes (Pomacentridae) > Genus Chromis,38014,15.11.24_Utumbi_Control_ganz.mp4,[2174.1685252],3032410
3548786,Genus Chromis,Small Ovals - Damselfishes > Damselfishes (Pomacentridae) > Genus Chromis,38014,15.11.24_Utumbi_Control_ganz.mp4,[2174.1685252],3032411
3548787,Genus Chromis,Small Ovals - Damselfishes > Damselfishes (Pomacentridae) > Genus Chromis,38014,15.11.24_Utumbi_Control_ganz.mp4,[2174.1685252],3032412
3548788,Genus Chromis,Small Ovals - Damselfishes > Damselfishes (Pomacentridae) > Genus Chromis,38014,15.11.24_Utumbi_Control_ganz.mp4,[2174.1685252],3032413
3548789,Genus Chromis,Small Ovals - Damselfishes > Damselfishes (Pomacentridae) > Genus Chromis,38014,15.11.24_Utumbi_Control_ganz.mp4,[2174.1685252],3032414
3548790,Genus Chromis,Small Ovals - Damselfishes > Damselfishes (Pomacentridae) > Genus Chromis,38014,15.11.24_Utumbi_Control_ganz.mp4,[2174.1685252],3032415
3548791,Genus Chromis,Small Ovals - Damselfishes > Damselfishes (Pomacentridae) > Genus Chromis,38014,15.11.24_Utumbi_Control_ganz.mp4,[2174.1685252],3032416
3548792,Genus Chromis,Small Ovals - Damselfishes > Damselfishes (Pomacentridae) > Genus Chromis,38014,15.11.24_Utumbi_Control_ganz.mp4,[2174.1685252],3032417
3548793,Genus Chromis,Small Ovals - Damselfishes > Damselfishes (Pomacentridae) > Genus Chromis,38014,15.11.24_Utumbi_Control_ganz.mp4,[2174.1685252],3032418
3548794,Genus Chromis,Small Ovals - Damselfishes > Damselfishes (Pomacentridae) > Genus Chromis,38014,15.11.24_Utumbi_Control_ganz.mp4,[2174.1685252],3032419
3548795,Genus Chromis,Small Ovals - Damselfishes > Damselfishes (Pomacentridae) > Genus Chromis,38014,15.11.24_Utumbi_Control_ganz.mp4,[2174.1685252],3032420
3548796,Genus Chromis,Small Ovals - Damselfishes > Damselfishes (Pomacentridae) > Genus Chromis,38014,15.11.24_Utumbi_Control_ganz.mp4,[2174.1685252],3032421
3548797,Genus Chromis,Small Ovals - Damselfishes > Damselfishes (Pomacentridae) > Genus Chromis,38014,15.11.24_Utumbi_Control_ganz.mp4,[2174.1685252],3032422
3548798,Genus Chromis,Small Ovals - Damselfishes > Damselfishes (Pomacentridae) > Genus Chromis,38014,15.11.24_Utumbi_Control_ganz.mp4,[2174.1685252],3032423
3548799,Genus Chromis,Small Ovals - Damselfishes > Damselfishes (Pomacentridae) > Genus Chromis,38014,15.11.24_Utumbi_Control_ganz.mp4,[2174.1685252],3032424
3548800,Genus Chromis,Small Ovals - Damselfishes > Damselfishes (Pomacentridae) > Genus Chromis,38014,15.11.24_Utumbi_Control_ganz.mp4,[2174.1685252],3032425
3548801,Genus Chromis,Small Ovals - Damselfishes > Damselfishes (Pomacentridae) > Genus Chromis,38014,15.11.24_Utumbi_Control_ganz.mp4,[2174.1685252],3032426
3548802,Genus Chromis,Small Ovals - Damselfishes > Damselfishes (Pomacentridae) > Genus Chromis,38014,15.11.24_Utumbi_Control_ganz.mp4,[2174.1685252],3032427
3548803,Genus Chromis,Small Ovals - Damselfishes > Damselfishes (Pomacentridae) > Genus Chromis,38014,15.11.24_Utumbi_Control_ganz.mp4,[2174.1685252],3032428
3548804,Genus Chromis,Small Ovals - Damselfishes > Damselfishes (Pomacentridae) > Genus Chromis,38014,15.11.24_Utumbi_Control_ganz.mp4,[2174.1685252],3032429
3548805,Genus Chromis,Small Ovals - Damselfishes > Damselfishes (Pomacentridae) > Genus Chromis,38014,15.11.24_Utumbi_Control_ganz.mp4,[2174.1685252],3032430
3548806,Genus Chromis,Small Ovals - Damselfishes > Damselfishes (Pomacentridae) > Genus Chromis,38014,15.11.24_Utumbi_Control_ganz.mp4,[2174.1685252],3032431
3548807,Genus Chromis,Small Ovals - Damselfishes > Damselfishes (Pomacentridae) > Genus Chromis,38014,15.11.24_Utumbi_Control_ganz.mp4,[2174.1685252],3032432
3548808,Genus Chromis,Small Ovals - Damselfishes > Damselfishes (Pomacentridae) > Genus Chromis,38014,15.11.24_Utumbi_Control_ganz.mp4,[2174.1685252],3032433
3548809,Genus Chromis,Small Ovals - Damselfishes > Damselfishes (Pomacentridae) > Genus Chromis,38014,15.11.24_Utumbi_Control_ganz.mp4,[2174.1685252],3032434
3548810,Genus Chromis,Small Ovals - Damselfishes > Damselfishes (Pomacentridae) > Genus Chromis,38014,15.11.24_Utumbi_Control_ganz.mp4,[2174.1685252],3032435
3548811,Genus Chromis,Small Ovals - Damselfishes > Damselfishes (Pomacentridae) > Genus Chromis,38014,15.11.24_Utumbi_Control_ganz.mp4,[2174.1685252],3032436
3548812,Genus Chromis,Small Ovals - Damselfishes > Damselfishes (Pomacentridae) > Genus Chromis,38014,15.11.24_Utumbi_Control_ganz.mp4,[2174.1685252],3032437
3548813,Genus Chromis,Small Ovals - Damselfishes > Damselfishes (Pomacentridae) > Genus Chromis,38014,15.11.24_Utumbi_Control_ganz.mp4,[2174.1685252],3032438
3548814,Genus Chromis,Small Ovals - Damselfishes > Damselfishes (Pomacentridae) > Genus Chromis,38014,15.11.24_Utumbi_Control_ganz.mp4,[2174.1685252],3032439
3548815,Genus Chromis,Small Ovals - Damselfishes > Damselfishes (Pomacentridae) > Genus Chromis,38014,15.11.24_Utumbi_Control_ganz.mp4,[2174.1685252],3032440
3548816,Genus Chromis,Small Ovals - Damselfishes > Damselfishes (Pomacentridae) > Genus Chromis,38014,15.11.24_Utumbi_Control_ganz.mp4,[2174.1685252],3032441
3548817,Genus Chromis,Small Ovals - Damselfishes > Damselfishes (Pomacentridae) > Genus Chromis,38014,15.11.24_Utumbi_Control_ganz.mp4,[2174.1685252],3032442
3548818,Blue-green (Chromis viridis),Small Ovals - Damselfishes > Damselfishes (Pomacentridae) > Blue-green (Chromis viridis),38014,15.11.24_Utumbi_Control_ganz.mp4,[3462.3181154],3032443
3548819,Blue-green (Chromis viridis),Small Ovals - Damselfishes > Damselfishes (Pomacentridae) > Blue-green (Chromis viridis),38014,15.11.24_Utumbi_Control_ganz.mp4,[3462.3181154],3032444
3548820,Blue-green (Chromis viridis),Small Ovals - Damselfishes > Damselfishes (Pomacentridae) > Blue-green (Chromis viridis),38014,15.11.24_Utumbi_Control_ganz.mp4,[3462.3181154],3032445
3548821,Blue-green (Chromis viridis),Small Ovals - Damselfishes > Damselfishes (Pomacentridae) > Blue-green (Chromis viridis),38014,15.11.24_Utumbi_Control_ganz.mp4,[3462.3181154],3032446
3548822,Blue-green (Chromis viridis),Small Ovals - Damselfishes > Damselfishes (Pomacentridae) > Blue-green (Chromis viridis),38014,15.11.24_Utumbi_Control_ganz.mp4,[3462.3181154],3032447
3548823,Blue-green (Chromis viridis),Small Ovals - Damselfishes > Damselfishes (Pomacentridae) > Blue-green (Chromis viridis),38014,15.11.24_Utumbi_Control_ganz.mp4,[3462.3181154],3032448
3548824,Blue-green (Chromis viridis),Small Ovals - Damselfishes > Damselfishes (Pomacentridae) > Blue-green (Chromis viridis),38014,15.11.24_Utumbi_Control_ganz.mp4,[3462.3181154],3032449
3548825,Blue-green (Chromis viridis),Small Ovals - Damselfishes > Damselfishes (Pomacentridae) > Blue-green (Chromis viridis),38014,15.11.24_Utumbi_Control_ganz.mp4,[3462.3181154],3032450
3548826,Blue-green (Chromis viridis),Small Ovals - Damselfishes > Damselfishes (Pomacentridae) > Blue-green (Chromis viridis),38014,15.11.24_Utumbi_Control_ganz.mp4,[3462.3181154],3032451
3548827,Blue-green (Chromis viridis),Small Ovals - Damselfishes > Damselfishes (Pomacentridae) > Blue-green (Chromis viridis),38014,15.11.24_Utumbi_Control_ganz.mp4,[3462.3181154],3032452
3548828,Blue-green (Chromis viridis),Small Ovals - Damselfishes > Damselfishes (Pomacentridae) > Blue-green (Chromis viridis),38014,15.11.24_Utumbi_Control_ganz.mp4,[3462.3181154],3032453
3548829,Blue-green (Chromis viridis),Small Ovals - Damselfishes > Damselfishes (Pomacentridae) > Blue-green (Chromis viridis),38014,15.11.24_Utumbi_Control_ganz.mp4,[3462.3181154],3032454
3559326,Fusiliers (Caesionidae),Slender Schoolers/Colourful > Fusiliers (Caesionidae),38014,15.11.24_Utumbi_Control_ganz.mp4,[2744.6678774],3042101
3559327,Fusiliers (Caesionidae),Slender Schoolers/Colourful > Fusiliers (Caesionidae),38014,15.11.24_Utumbi_Control_ganz.mp4,[2744.6678774],3042102
3559328,Arabian Monocle (Scolopsis ghanam),Sloping Heads > Coral Breams (Nemipteridae) > Arabian Monocle (Scolopsis ghanam),38014,15.11.24_Utumbi_Control_ganz.mp4,[2922.0555973],3042103
3559329,Arabian Monocle (Scolopsis ghanam),Sloping Heads > Coral Breams (Nemipteridae) > Arabian Monocle (Scolopsis ghanam),38014,15.11.24_Utumbi_Control_ganz.mp4,[2922.0555973],3042104
3559330,Halfmoon (Sufflamen chrysopterum),Odd-shaped Swimmers > Triggerfishes (Balistidae) > Halfmoon (Sufflamen chrysopterum),38014,15.11.24_Utumbi_Control_ganz.mp4,[3078.3348697],3042105
3559333,Jacks/Trevallyes (Carangidae),Silvery > Jacks/Trevallyes (Carangidae),38014,15.11.24_Utumbi_Control_ganz.mp4,[3522.9897641],3042108
3620571,Yellowbreast (Anampses twistii),Wrasses > Wrasses (Labridae) > Yellowbreast (Anampses twistii),38014,15.11.24_Utumbi_Control_ganz.mp4,[1749.077298],3079912
3620572,Yellowbreast (Anampses twistii),Wrasses > Wrasses (Labridae) > Yellowbreast (Anampses twistii),38014,15.11.24_Utumbi_Control_ganz.mp4,[3428.437025],3079913
3620573,Yellowbreast (Anampses twistii),Wrasses > Wrasses (Labridae) > Yellowbreast (Anampses twistii),38014,15.11.24_Utumbi_Control_ganz.mp4,[3428.437025],3079914
3620574,Palenose (Scarus psittacus),Parrotfishes > Parrotfishes (Scaridae) > Palenose (Scarus psittacus),38014,15.11.24_Utumbi_Control_ganz.mp4,[3448.586415],3079915
