video_annotation_label_id,label_name,label_hierarchy,video_id,video_filename,frames,annotation_id
3449893,Indian Half-and-Half (Pycnochromis dimidiatus),Small Ovals - Damselfishes > Damselfishes (Pomacentridae) > Indian Half-and-Half (Pycnochromis dimidiatus),37804,Gx011724.mp4,[10.9464675],2942045
3449894,Disappearing (Pseudocheilinus evanidus),Wrasses > Wrasses (Labridae) > Disappearing (Pseudocheilinus evanidus),37804,Gx011724.mp4,[14.4830489],2942046
3449896,Disappearing (Pseudocheilinus evanidus),Wrasses > Wrasses (Labridae) > Disappearing (Pseudocheilinus evanidus),37804,Gx011724.mp4,[14.4830489],2942048
3449897,Parrotfishes (Scaridae),Parrotfishes > Parrotfishes (Scaridae),37804,Gx011724.mp4,[14.9178492],2942049
3449900,Disappearing (Pseudocheilinus evanidus),Wrasses > Wrasses (Labridae) > Disappearing (Pseudocheilinus evanidus),37804,Gx011724.mp4,[14.4830489],2942052
3449901,Disappearing (Pseudocheilinus evanidus),Wrasses > Wrasses (Labridae) > Disappearing (Pseudocheilinus evanidus),37804,Gx011724.mp4,[14.4830489],2942053
3449903,Disappearing (Pseudocheilinus evanidus),Wrasses > Wrasses (Labridae) > Disappearing (Pseudocheilinus evanidus),37804,Gx011724.mp4,[14.4830489],2942055
3449904,Disappearing (Pseudocheilinus evanidus),Wrasses > Wrasses (Labridae) > Disappearing (Pseudocheilinus evanidus),37804,Gx011724.mp4,[14.4830489],2942056
3449905,Disappearing (Pseudocheilinus evanidus),Wrasses > Wrasses (Labridae) > Disappearing (Pseudocheilinus evanidus),37804,Gx011724.mp4,[14.4830489],2942057
3449906,Disappearing (Pseudocheilinus evanidus),Wrasses > Wrasses (Labridae) > Disappearing (Pseudocheilinus evanidus),37804,Gx011724.mp4,[14.4830489],2942058
3449907,Disappearing (Pseudocheilinus evanidus),Wrasses > Wrasses (Labridae) > Disappearing (Pseudocheilinus evanidus),37804,Gx011724.mp4,[14.4830489],2942059
3449909,Disappearing (Pseudocheilinus evanidus),Wrasses > Wrasses (Labridae) > Disappearing (Pseudocheilinus evanidus),37804,Gx011724.mp4,[14.4830489],2942061
3449910,Disappearing (Pseudocheilinus evanidus),Wrasses > Wrasses (Labridae) > Disappearing (Pseudocheilinus evanidus),37804,Gx011724.mp4,[14.4830489],2942062
3449912,Regal (Pygoplites diacanthus),Disk-shaped/Colourful > Angelfishes (Pomacanthidae) > Regal (Pygoplites diacanthus),37804,Gx011724.mp4,[15.5859922],2942064
3449915,Orange-lined (Balistapus undulatus),Odd-shaped Swimmers > Triggerfishes (Balistidae) > Orange-lined (Balistapus undulatus),37804,Gx011724.mp4,[16.730089690379327],2942067
3449916,Indian Redfin (Chaetodon trifasciatus),Disk-shaped/Colourful > Butterflyfishes (Chaetodontidae) > Indian Redfin (Chaetodon trifasciatus),37804,Gx011724.mp4,[26.3894899],2942068
3449918,Monk (Acanthurus gahhm),Large Ovals > Surgeonfishes (Acanthuridae) > Monk (Acanthurus gahhm),37804,Gx011724.mp4,[29.7451418],2942070
3449919,Brown Tang (Zebrasoma scopas),Large Ovals > Surgeonfishes (Acanthuridae) > Brown Tang (Zebrasoma scopas),37804,Gx011724.mp4,[30.4567426],2942071
3449920,Brown Tang (Zebrasoma scopas),Large Ovals > Surgeonfishes (Acanthuridae) > Brown Tang (Zebrasoma scopas),37804,Gx011724.mp4,[30.4567426],2942072
3449921,Humpback Unicorn (Naso brachycentron),Large Ovals > Surgeonfishes (Acanthuridae) > Humpback Unicorn (Naso brachycentron),37804,Gx011724.mp4,[35.5226743],2942073
3449922,Leopard (Cephalopholis leopardus),Heavy Bodies/Large Lips > Groupers (Serranidae) > Leopard (Cephalopholis leopardus),37804,Gx011724.mp4,[34.4313029],2942074
3449923,Paletail Unicorn (Naso brevirostris),Large Ovals > Surgeonfishes (Acanthuridae) > Paletail Unicorn (Naso brevirostris),37804,Gx011724.mp4,[37.9585323],2942075
3449924,Genus Squirrel (Sargocentron),Reddish/Big Eyes > Soldier-&Squirrelfishes (Holocentridae) > Genus Squirrel (Sargocentron),37804,Gx011724.mp4,[37.9585323],2942076
3449925,Genus Chromis,Small Ovals - Damselfishes > Damselfishes (Pomacentridae) > Genus Chromis,37804,Gx011724.mp4,[43.933053000410204],2942077
3449926,Blue-streak (Labroides dimidiatus),Wrasses > Wrasses (Labridae) > Blue-streak (Labroides dimidiatus),37804,Gx011724.mp4,[48.4515012],2942078
3449927,Bird wrasse (Gomphosus caeruleus),Wrasses > Wrasses (Labridae) > Bird wrasse (Gomphosus caeruleus),37804,Gx011724.mp4,[49.6090288],2942079
3449928,Genus Soldier (Myripristis),Reddish/Big Eyes > Soldier-&Squirrelfishes (Holocentridae) > Genus Soldier (Myripristis),37804,Gx011724.mp4,[58.9465224],2942080
3449930,Genus Squirrel (Sargocentron),Reddish/Big Eyes > Soldier-&Squirrelfishes (Holocentridae) > Genus Squirrel (Sargocentron),37804,Gx011724.mp4,[76.2595127],2942082
3449931,Genus Squirrel (Sargocentron),Reddish/Big Eyes > Soldier-&Squirrelfishes (Holocentridae) > Genus Squirrel (Sargocentron),37804,Gx011724.mp4,[76.2595127],2942083
3449933,Genus Soldier (Myripristis),Reddish/Big Eyes > Soldier-&Squirrelfishes (Holocentridae) > Genus Soldier (Myripristis),37804,Gx011724.mp4,[58.9465224],2942085
3449934,Lined Bristletooth (Ctenochaetus striatus),Large Ovals > Surgeonfishes (Acanthuridae) > Lined Bristletooth (Ctenochaetus striatus),37804,Gx011724.mp4,[75.6937986],2942086
3449937,Sailfin Tang (Zebrasoma desjardinii),Large Ovals > Surgeonfishes (Acanthuridae) > Sailfin Tang (Zebrasoma desjardinii),37804,Gx011724.mp4,[99.5043819],2942089
3449938,Sailfin Tang (Zebrasoma desjardinii),Large Ovals > Surgeonfishes (Acanthuridae) > Sailfin Tang (Zebrasoma desjardinii),37804,Gx011724.mp4,[99.5043819],2942090
3449939,Sailfin Tang (Zebrasoma desjardinii),Large Ovals > Surgeonfishes (Acanthuridae) > Sailfin Tang (Zebrasoma desjardinii),37804,Gx011724.mp4,[99.5043819],2942091
3449940,Sailfin Tang (Zebrasoma desjardinii),Large Ovals > Surgeonfishes (Acanthuridae) > Sailfin Tang (Zebrasoma desjardinii),37804,Gx011724.mp4,[99.5043819],2942092
3449941,Sailfin Tang (Zebrasoma desjardinii),Large Ovals > Surgeonfishes (Acanthuridae) > Sailfin Tang (Zebrasoma desjardinii),37804,Gx011724.mp4,[99.5043819],2942093
3449942,Sailfin Tang (Zebrasoma desjardinii),Large Ovals > Surgeonfishes (Acanthuridae) > Sailfin Tang (Zebrasoma desjardinii),37804,Gx011724.mp4,[99.5043819],2942094
3449943,Sailfin Tang (Zebrasoma desjardinii),Large Ovals > Surgeonfishes (Acanthuridae) > Sailfin Tang (Zebrasoma desjardinii),37804,Gx011724.mp4,[99.5043819],2942095
3449944,Sailfin Tang (Zebrasoma desjardinii),Large Ovals > Surgeonfishes (Acanthuridae) > Sailfin Tang (Zebrasoma desjardinii),37804,Gx011724.mp4,[99.5043819],2942096
3449945,Sailfin Tang (Zebrasoma desjardinii),Large Ovals > Surgeonfishes (Acanthuridae) > Sailfin Tang (Zebrasoma desjardinii),37804,Gx011724.mp4,[99.5043819],2942097
3449946,Sailfin Tang (Zebrasoma desjardinii),Large Ovals > Surgeonfishes (Acanthuridae) > Sailfin Tang (Zebrasoma desjardinii),37804,Gx011724.mp4,[99.5043819],2942098
3449947,Sailfin Tang (Zebrasoma desjardinii),Large Ovals > Surgeonfishes (Acanthuridae) > Sailfin Tang (Zebrasoma desjardinii),37804,Gx011724.mp4,[99.5043819],2942099
3449948,Sailfin Tang (Zebrasoma desjardinii),Large Ovals > Surgeonfishes (Acanthuridae) > Sailfin Tang (Zebrasoma desjardinii),37804,Gx011724.mp4,[99.5043819],2942100
3449949,Parrotfishes (Scaridae),Parrotfishes > Parrotfishes (Scaridae),37804,Gx011724.mp4,[104.8169717],2942101
3449950,Parrotfishes (Scaridae),Parrotfishes > Parrotfishes (Scaridae),37804,Gx011724.mp4,[104.8169717],2942102
3449951,Parrotfishes (Scaridae),Parrotfishes > Parrotfishes (Scaridae),37804,Gx011724.mp4,[104.8169717],2942103
3449952,Axilspot Hogfish (Bodianus axillaris),Wrasses > Wrasses (Labridae) > Axilspot Hogfish (Bodianus axillaris),37804,Gx011724.mp4,[119.7693346],2942104
3449953,Groupers (Serranidae),Heavy Bodies/Large Lips > Groupers (Serranidae),37804,Gx011724.mp4,[121.4046108],2942105
3449954,Moon (Thalassoma lunare),Wrasses > Wrasses (Labridae) > Moon (Thalassoma lunare),37804,Gx011724.mp4,[125.1096489],2942106
3449955,Orange-lined (Balistapus undulatus),Odd-shaped Swimmers > Triggerfishes (Balistidae) > Orange-lined (Balistapus undulatus),37804,Gx011724.mp4,[129.5829175],2942107
3449956,Orange-lined (Balistapus undulatus),Odd-shaped Swimmers > Triggerfishes (Balistidae) > Orange-lined (Balistapus undulatus),37804,Gx011724.mp4,[129.5829175],2942108
3449957,Golden (Ctenochaetus truncates),Large Ovals > Surgeonfishes (Acanthuridae) > Golden (Ctenochaetus truncates),37804,Gx011724.mp4,[141.5934262],2942109
3449958,Golden (Ctenochaetus truncates),Large Ovals > Surgeonfishes (Acanthuridae) > Golden (Ctenochaetus truncates),37804,Gx011724.mp4,[141.5934262],2942110
3449959,Bird wrasse (Gomphosus caeruleus),Wrasses > Wrasses (Labridae) > Bird wrasse (Gomphosus caeruleus),37804,Gx011724.mp4,[143.6070897],2942111
3449960,Bird wrasse (Gomphosus caeruleus),Wrasses > Wrasses (Labridae) > Bird wrasse (Gomphosus caeruleus),37804,Gx011724.mp4,[143.6070897],2942112
3449962,Linedcheeked (Oxycheilinus digramma),Wrasses > Wrasses (Labridae) > Linedcheeked (Oxycheilinus digramma),37804,Gx011724.mp4,[184.7579668],2942114
3449963,Genus Soldier (Myripristis),Reddish/Big Eyes > Soldier-&Squirrelfishes (Holocentridae) > Genus Soldier (Myripristis),37804,Gx011724.mp4,[197.9276908],2942115
3449964,Genus Soldier (Myripristis),Reddish/Big Eyes > Soldier-&Squirrelfishes (Holocentridae) > Genus Soldier (Myripristis),37804,Gx011724.mp4,[197.9276908],2942116
3449965,Genus Soldier (Myripristis),Reddish/Big Eyes > Soldier-&Squirrelfishes (Holocentridae) > Genus Soldier (Myripristis),37804,Gx011724.mp4,[197.9276908],2942117
3449966,Genus Soldier (Myripristis),Reddish/Big Eyes > Soldier-&Squirrelfishes (Holocentridae) > Genus Soldier (Myripristis),37804,Gx011724.mp4,[197.9276908],2942118
3449967,Genus Squirrel (Sargocentron),Reddish/Big Eyes > Soldier-&Squirrelfishes (Holocentridae) > Genus Squirrel (Sargocentron),37804,Gx011724.mp4,[200.78478685131998],2942119
3449968,Genus Squirrel (Sargocentron),Reddish/Big Eyes > Soldier-&Squirrelfishes (Holocentridae) > Genus Squirrel (Sargocentron),37804,Gx011724.mp4,[200.7847868],2942120
3449969,Genus Squirrel (Sargocentron),Reddish/Big Eyes > Soldier-&Squirrelfishes (Holocentridae) > Genus Squirrel (Sargocentron),37804,Gx011724.mp4,[200.7847868],2942121
3449970,Genus Squirrel (Sargocentron),Reddish/Big Eyes > Soldier-&Squirrelfishes (Holocentridae) > Genus Squirrel (Sargocentron),37804,Gx011724.mp4,[200.7847868],2942122
3449971,Moon (Thalassoma lunare),Wrasses > Wrasses (Labridae) > Moon (Thalassoma lunare),37804,Gx011724.mp4,[206.2137392],2942123
3449972,Wrasses (Labridae),Wrasses > Wrasses (Labridae),37804,Gx011724.mp4,[125.1096489],2942124
3449973,Moon (Thalassoma lunare),Wrasses > Wrasses (Labridae) > Moon (Thalassoma lunare),37804,Gx011724.mp4,[201.2219986],2942125
3449974,Moon (Thalassoma lunare),Wrasses > Wrasses (Labridae) > Moon (Thalassoma lunare),37804,Gx011724.mp4,[201.2219986],2942126
3449978,Parrotfishes (Scaridae),Parrotfishes > Parrotfishes (Scaridae),37804,Gx011724.mp4,[207.8816756],2942130
3449979,Parrotfishes (Scaridae),Parrotfishes > Parrotfishes (Scaridae),37804,Gx011724.mp4,[207.8816756],2942131
3449980,Parrotfishes (Scaridae),Parrotfishes > Parrotfishes (Scaridae),37804,Gx011724.mp4,[207.8816756],2942132
3449981,Parrotfishes (Scaridae),Parrotfishes > Parrotfishes (Scaridae),37804,Gx011724.mp4,[207.8816756],2942133
3449982,Parrotfishes (Scaridae),Parrotfishes > Parrotfishes (Scaridae),37804,Gx011724.mp4,[207.8816756],2942134
3449983,Parrotfishes (Scaridae),Parrotfishes > Parrotfishes (Scaridae),37804,Gx011724.mp4,[207.8816756],2942135
3449984,Parrotfishes (Scaridae),Parrotfishes > Parrotfishes (Scaridae),37804,Gx011724.mp4,[207.8816756],2942136
3449986,Whitetail (Acanthurus thompsoni),Large Ovals > Surgeonfishes (Acanthuridae) > Whitetail (Acanthurus thompsoni),37804,Gx011724.mp4,[212.3814868],2942138
3449987,Barred (Hemigymnus fasciatus),Wrasses > Wrasses (Labridae) > Barred (Hemigymnus fasciatus),37804,Gx011724.mp4,[213.8149673],2942139
3449990,Red-breasted (Cheilinus fasciatus),Wrasses > Wrasses (Labridae) > Red-breasted (Cheilinus fasciatus),37804,Gx011724.mp4,[230.415385],2942142
3449993,Blue-green (Chromis viridis),Small Ovals - Damselfishes > Damselfishes (Pomacentridae) > Blue-green (Chromis viridis),37804,Gx011724.mp4,[238.054431],2942145
3449995,Queenfish (Scomberoides lysan),Silvery > Jacks/Trevallyes (Carangidae) > Queenfish (Scomberoides lysan),37804,Gx011724.mp4,[269.9345102],2942147
3449998,Goldbar (Thalassoma hebraicum),Wrasses > Wrasses (Labridae) > Goldbar (Thalassoma hebraicum),37804,Gx011724.mp4,[296.196953],2942149
3450001,Sulfur (Pomacentrus sulfureus),Small Ovals - Damselfishes > Damselfishes (Pomacentridae) > Sulfur (Pomacentrus sulfureus),37804,Gx011724.mp4,[306.6958354],2942152
3450002,Sixbar (Thalassoma hardwicke),Wrasses > Wrasses (Labridae) > Sixbar (Thalassoma hardwicke),37804,Gx011724.mp4,[321.8861636],2942153
3450006,Humpback Unicorn (Naso brachycentron),Large Ovals > Surgeonfishes (Acanthuridae) > Humpback Unicorn (Naso brachycentron),37804,Gx011724.mp4,[344.6421857],2942157
3450007,Humpback Unicorn (Naso brachycentron),Large Ovals > Surgeonfishes (Acanthuridae) > Humpback Unicorn (Naso brachycentron),37804,Gx011724.mp4,[344.6421857],2942158
3450008,Moorish Idol (Zanclus cornutus),Large Ovals > Moorish Idol (Zanclidae) > Moorish Idol (Zanclus cornutus),37804,Gx011724.mp4,[357.2371811],2942159
3450009,Red (Lutjanus bohar),Sloping Heads > Snappers (Lutjanidae) > Red (Lutjanus bohar),37804,Gx011724.mp4,[358.5005638],2942160
3450010,Humpback Unicorn (Naso brachycentron),Large Ovals > Surgeonfishes (Acanthuridae) > Humpback Unicorn (Naso brachycentron),37804,Gx011724.mp4,[360.0083295],2942161
3450011,Humpback Unicorn (Naso brachycentron),Large Ovals > Surgeonfishes (Acanthuridae) > Humpback Unicorn (Naso brachycentron),37804,Gx011724.mp4,[360.0083295],2942162
3450012,Humpback Unicorn (Naso brachycentron),Large Ovals > Surgeonfishes (Acanthuridae) > Humpback Unicorn (Naso brachycentron),37804,Gx011724.mp4,[360.0083295],2942163
3450013,Humpback Unicorn (Naso brachycentron),Large Ovals > Surgeonfishes (Acanthuridae) > Humpback Unicorn (Naso brachycentron),37804,Gx011724.mp4,[360.0083295],2942164
3450014,Humpback Unicorn (Naso brachycentron),Large Ovals > Surgeonfishes (Acanthuridae) > Humpback Unicorn (Naso brachycentron),37804,Gx011724.mp4,[360.0083295],2942165
3450015,Humpback Unicorn (Naso brachycentron),Large Ovals > Surgeonfishes (Acanthuridae) > Humpback Unicorn (Naso brachycentron),37804,Gx011724.mp4,[360.0083295],2942166
3450018,Red (Lutjanus bohar),Sloping Heads > Snappers (Lutjanidae) > Red (Lutjanus bohar),37804,Gx011724.mp4,[358.5005638],2942169
3450019,Moorish Idol (Zanclus cornutus),Large Ovals > Moorish Idol (Zanclidae) > Moorish Idol (Zanclus cornutus),37804,Gx011724.mp4,[365.5321539],2942170
3450020,Moorish Idol (Zanclus cornutus),Large Ovals > Moorish Idol (Zanclidae) > Moorish Idol (Zanclus cornutus),37804,Gx011724.mp4,[365.5321539],2942171
3450023,Longfin Banner (Heniochus acuminatus),Disk-shaped/Colourful > Butterflyfishes (Chaetodontidae) > Longfin Banner (Heniochus acuminatus),37804,Gx011724.mp4,[384.446129],2942174
3450025,Longfin Banner (Heniochus acuminatus),Disk-shaped/Colourful > Butterflyfishes (Chaetodontidae) > Longfin Banner (Heniochus acuminatus),37804,Gx011724.mp4,[384.446129],2942176
3450026,Yellowhead (Chaetodon xanthocephalus),Disk-shaped/Colourful > Butterflyfishes (Chaetodontidae) > Yellowhead (Chaetodon xanthocephalus),37804,Gx011724.mp4,[388.4760268],2942177
3450027,Blue-streak (Labroides dimidiatus),Wrasses > Wrasses (Labridae) > Blue-streak (Labroides dimidiatus),37804,Gx011724.mp4,[403.5559126036928],2942178
3450028,Blue-streak (Labroides dimidiatus),Wrasses > Wrasses (Labridae) > Blue-streak (Labroides dimidiatus),37804,Gx011724.mp4,[403.5559126],2942179
3450029,Longfin Banner Feeding,Disk-shaped/Colourful > Butterflyfishes (Chaetodontidae) > Longfin Banner (Heniochus acuminatus) > Longfin Banner Feeding,37804,Gx011724.mp4,[429.3164273],2942180
3450030,Longfin Banner Feeding,Disk-shaped/Colourful > Butterflyfishes (Chaetodontidae) > Longfin Banner (Heniochus acuminatus) > Longfin Banner Feeding,37804,Gx011724.mp4,[429.3164273],2942181
3450031,Orange-lined Feeding,Odd-shaped Swimmers > Triggerfishes (Balistidae) > Orange-lined (Balistapus undulatus) > Orange-lined Feeding,37804,Gx011724.mp4,[438.6585539],2942182
3450032,Moon Interested,Wrasses > Wrasses (Labridae) > Moon (Thalassoma lunare) > Moon Interested,37804,Gx011724.mp4,[442.7394867],2942183
3450033,Moon Interested,Wrasses > Wrasses (Labridae) > Moon (Thalassoma lunare) > Moon Interested,37804,Gx011724.mp4,[442.7394867],2942184
3450034,Goldbar Interested,Wrasses > Wrasses (Labridae) > Goldbar (Thalassoma hebraicum) > Goldbar Interested,37804,Gx011724.mp4,[442.7394867],2942185
3450035,Sixbar (Thalassoma hardwicke),Wrasses > Wrasses (Labridae) > Sixbar (Thalassoma hardwicke),37804,Gx011724.mp4,[518.6461135],2942186
3450036,Sixbar (Thalassoma hardwicke),Wrasses > Wrasses (Labridae) > Sixbar (Thalassoma hardwicke),37804,Gx011724.mp4,[518.6461135],2942187
3450037,Moon (Thalassoma lunare),Wrasses > Wrasses (Labridae) > Moon (Thalassoma lunare),37804,Gx011724.mp4,[534.9487987193597],2942188
3450038,Moon (Thalassoma lunare),Wrasses > Wrasses (Labridae) > Moon (Thalassoma lunare),37804,Gx011724.mp4,[534.9487987],2942189
3450039,Moon (Thalassoma lunare),Wrasses > Wrasses (Labridae) > Moon (Thalassoma lunare),37804,Gx011724.mp4,[534.9487987],2942190
3450041,Red Interested,Sloping Heads > Snappers (Lutjanidae) > Red (Lutjanus bohar) > Red Interested,37804,Gx011724.mp4,[570.0167994],2942192
3450042,Threadfin (Chaetodon auriga),Disk-shaped/Colourful > Butterflyfishes (Chaetodontidae) > Threadfin (Chaetodon auriga),37804,Gx011724.mp4,[620.1066949],2942193
3450043,Wrasses Interested,Wrasses > Wrasses (Labridae) > Wrasses Interested,37804,Gx011724.mp4,[632.4542046],2942194
3450044,Humpnose Bigeye (Monotaxis grandoculis),Sloping Heads > Emperors (Lethrinidae) > Humpnose Bigeye (Monotaxis grandoculis),37805,Gx021724.mp4,[17.9155357],2942195
3450045,Humpnose Bigeye (Monotaxis grandoculis),Sloping Heads > Emperors (Lethrinidae) > Humpnose Bigeye (Monotaxis grandoculis),37805,Gx021724.mp4,[34.1581646],2942196
3450046,Humpnose Bigeye (Monotaxis grandoculis),Sloping Heads > Emperors (Lethrinidae) > Humpnose Bigeye (Monotaxis grandoculis),37805,Gx021724.mp4,[34.1581646],2942197
3450047,Undulated (Gymnothorax undulatus),Eels > Morays (Muraenidae) > Undulated (Gymnothorax undulatus),37805,Gx021724.mp4,[63.5145584],2942198
3450048,Undulated Feeding,Eels > Morays (Muraenidae) > Undulated (Gymnothorax undulatus) > Undulated Feeding,37805,Gx021724.mp4,[63.5145584],2942199
3450049,Orange-lined (Balistapus undulatus),Odd-shaped Swimmers > Triggerfishes (Balistidae) > Orange-lined (Balistapus undulatus),37805,Gx021724.mp4,[66.328586],2942200
3450050,Orange-lined (Balistapus undulatus),Odd-shaped Swimmers > Triggerfishes (Balistidae) > Orange-lined (Balistapus undulatus),37805,Gx021724.mp4,[66.328586],2942201
3450051,Orange-lined (Balistapus undulatus),Odd-shaped Swimmers > Triggerfishes (Balistidae) > Orange-lined (Balistapus undulatus),37805,Gx021724.mp4,[66.328586],2942202
3450052,Paletail Unicorn (Naso brevirostris),Large Ovals > Surgeonfishes (Acanthuridae) > Paletail Unicorn (Naso brevirostris),37805,Gx021724.mp4,[93.2469476],2942203
3450053,Paletail Unicorn (Naso brevirostris),Large Ovals > Surgeonfishes (Acanthuridae) > Paletail Unicorn (Naso brevirostris),37805,Gx021724.mp4,[93.2469476],2942204
3450054,Black-lipped (Chaetodon kleinii),Disk-shaped/Colourful > Butterflyfishes (Chaetodontidae) > Black-lipped (Chaetodon kleinii),37805,Gx021724.mp4,[99.4056256],2942205
3450056,False-eye (Abudefduf sparoides),Small Ovals - Damselfishes > Damselfishes (Pomacentridae) > False-eye (Abudefduf sparoides),37805,Gx021724.mp4,[116.3334962],2942207
3450057,Whitetail (Acanthurus thompsoni),Large Ovals > Surgeonfishes (Acanthuridae) > Whitetail (Acanthurus thompsoni),37805,Gx021724.mp4,[144.248735],2942208
3450058,Whitetail (Acanthurus thompsoni),Large Ovals > Surgeonfishes (Acanthuridae) > Whitetail (Acanthurus thompsoni),37805,Gx021724.mp4,[144.248735],2942209
3450059,Paletail Unicorn (Naso brevirostris),Large Ovals > Surgeonfishes (Acanthuridae) > Paletail Unicorn (Naso brevirostris),37805,Gx021724.mp4,[165.6960573],2942210
3450060,Paletail Unicorn (Naso brevirostris),Large Ovals > Surgeonfishes (Acanthuridae) > Paletail Unicorn (Naso brevirostris),37805,Gx021724.mp4,[165.6960573],2942211
3450061,Paletail Unicorn (Naso brevirostris),Large Ovals > Surgeonfishes (Acanthuridae) > Paletail Unicorn (Naso brevirostris),37805,Gx021724.mp4,[165.6960573],2942212
3450062,Paletail Unicorn (Naso brevirostris),Large Ovals > Surgeonfishes (Acanthuridae) > Paletail Unicorn (Naso brevirostris),37805,Gx021724.mp4,[165.6960573],2942213
3450063,Paletail Unicorn (Naso brevirostris),Large Ovals > Surgeonfishes (Acanthuridae) > Paletail Unicorn (Naso brevirostris),37805,Gx021724.mp4,[165.6960573],2942214
3450064,Orange-lined (Balistapus undulatus),Odd-shaped Swimmers > Triggerfishes (Balistidae) > Orange-lined (Balistapus undulatus),37805,Gx021724.mp4,[190.4277004],2942215
3450065,Orange-lined (Balistapus undulatus),Odd-shaped Swimmers > Triggerfishes (Balistidae) > Orange-lined (Balistapus undulatus),37805,Gx021724.mp4,[190.4277004],2942216
3450066,Orange-lined (Balistapus undulatus),Odd-shaped Swimmers > Triggerfishes (Balistidae) > Orange-lined (Balistapus undulatus),37805,Gx021724.mp4,[190.4277004],2942217
3450067,Orange-lined (Balistapus undulatus),Odd-shaped Swimmers > Triggerfishes (Balistidae) > Orange-lined (Balistapus undulatus),37805,Gx021724.mp4,[190.4277004],2942218
3450068,Orange-lined (Balistapus undulatus),Odd-shaped Swimmers > Triggerfishes (Balistidae) > Orange-lined (Balistapus undulatus),37805,Gx021724.mp4,[190.4277004],2942219
3450069,Bicolor (Labroides bicolor),Wrasses > Wrasses (Labridae) > Bicolor (Labroides bicolor),37805,Gx021724.mp4,[197.87775158364968],2942220
3450072,Scrawled (Aluterus scriptus),Odd-shaped Swimmers > Filefishes (Monacanthidae) > Scrawled (Aluterus scriptus),37805,Gx021724.mp4,[224.1781725],2942221
3450073,Red (Lutjanus bohar),Sloping Heads > Snappers (Lutjanidae) > Red (Lutjanus bohar),37805,Gx021724.mp4,[226.1210647],2942222
3450074,Red (Lutjanus bohar),Sloping Heads > Snappers (Lutjanidae) > Red (Lutjanus bohar),37805,Gx021724.mp4,[226.1210647],2942223
3450075,Red (Lutjanus bohar),Sloping Heads > Snappers (Lutjanidae) > Red (Lutjanus bohar),37805,Gx021724.mp4,[226.1210647],2942224
3450076,False-eye (Abudefduf sparoides),Small Ovals - Damselfishes > Damselfishes (Pomacentridae) > False-eye (Abudefduf sparoides),37805,Gx021724.mp4,[282.0669089],2942225
3450077,False-eye (Abudefduf sparoides),Small Ovals - Damselfishes > Damselfishes (Pomacentridae) > False-eye (Abudefduf sparoides),37805,Gx021724.mp4,[282.0669089],2942226
3450078,Green (Amblyglyphidodon indicus),Small Ovals - Damselfishes > Damselfishes (Pomacentridae) > Green (Amblyglyphidodon indicus),37805,Gx021724.mp4,[282.0669089],2942227
3450079,Elegant Unicorn (Naso elegans),Large Ovals > Surgeonfishes (Acanthuridae) > Elegant Unicorn (Naso elegans),37805,Gx021724.mp4,[282.0669089],2942228
3450080,Redmouth (Aethaloperca rogaa),Heavy Bodies/Large Lips > Groupers (Serranidae) > Redmouth (Aethaloperca rogaa),37805,Gx021724.mp4,[567.8632861],2942229
3450081,Groupers (Serranidae),Heavy Bodies/Large Lips > Groupers (Serranidae),37805,Gx021724.mp4,[574.0230954],2942230
3450082,Groupers (Serranidae),Heavy Bodies/Large Lips > Groupers (Serranidae),37805,Gx021724.mp4,[574.0230954],2942231
3450083,Redmouth (Aethaloperca rogaa),Heavy Bodies/Large Lips > Groupers (Serranidae) > Redmouth (Aethaloperca rogaa),37805,Gx021724.mp4,[577.6302765],2942232
3450084,Redmouth (Aethaloperca rogaa),Heavy Bodies/Large Lips > Groupers (Serranidae) > Redmouth (Aethaloperca rogaa),37805,Gx021724.mp4,[577.6302765],2942233
3450085,Eclipse (Chaetodon bennetti),Disk-shaped/Colourful > Butterflyfishes (Chaetodontidae) > Eclipse (Chaetodon bennetti),37805,Gx021724.mp4,[572.6843821],2942234
3450086,Eclipse (Chaetodon bennetti),Disk-shaped/Colourful > Butterflyfishes (Chaetodontidae) > Eclipse (Chaetodon bennetti),37805,Gx021724.mp4,[572.6843821],2942235
3450087,Genus Soldier (Myripristis),Reddish/Big Eyes > Soldier-&Squirrelfishes (Holocentridae) > Genus Soldier (Myripristis),37805,Gx021724.mp4,[667.8556243],2942236
3450088,Genus Soldier (Myripristis),Reddish/Big Eyes > Soldier-&Squirrelfishes (Holocentridae) > Genus Soldier (Myripristis),37805,Gx021724.mp4,[667.8556243],2942237
3450089,Genus Soldier (Myripristis),Reddish/Big Eyes > Soldier-&Squirrelfishes (Holocentridae) > Genus Soldier (Myripristis),37805,Gx021724.mp4,[667.8556243],2942238
3450090,Genus Soldier (Myripristis),Reddish/Big Eyes > Soldier-&Squirrelfishes (Holocentridae) > Genus Soldier (Myripristis),37805,Gx021724.mp4,[667.8556243],2942239
3450091,Genus Soldier (Myripristis),Reddish/Big Eyes > Soldier-&Squirrelfishes (Holocentridae) > Genus Soldier (Myripristis),37805,Gx021724.mp4,[667.8556243],2942240
3450092,Genus Soldier (Myripristis),Reddish/Big Eyes > Soldier-&Squirrelfishes (Holocentridae) > Genus Soldier (Myripristis),37805,Gx021724.mp4,[667.8556243],2942241
3450093,Genus Soldier (Myripristis),Reddish/Big Eyes > Soldier-&Squirrelfishes (Holocentridae) > Genus Soldier (Myripristis),37805,Gx021724.mp4,[667.8556243],2942242
3450094,Bird wrasse (Gomphosus caeruleus),Wrasses > Wrasses (Labridae) > Bird wrasse (Gomphosus caeruleus),37805,Gx021724.mp4,[698.7549274],2942243
3450095,Bird wrasse (Gomphosus caeruleus),Wrasses > Wrasses (Labridae) > Bird wrasse (Gomphosus caeruleus),37805,Gx021724.mp4,[698.7549274],2942244
3450096,Bird wrasse (Gomphosus caeruleus),Wrasses > Wrasses (Labridae) > Bird wrasse (Gomphosus caeruleus),37805,Gx021724.mp4,[698.7549274],2942245
3450097,Blue-streak (Labroides dimidiatus),Wrasses > Wrasses (Labridae) > Blue-streak (Labroides dimidiatus),37806,Gx031724.mp4,[112.513159],2942246
3450098,Blue-streak (Labroides dimidiatus),Wrasses > Wrasses (Labridae) > Blue-streak (Labroides dimidiatus),37806,Gx031724.mp4,[112.513159],2942247
3450099,Blue-streak (Labroides dimidiatus),Wrasses > Wrasses (Labridae) > Blue-streak (Labroides dimidiatus),37806,Gx031724.mp4,[112.513159],2942248
3450100,Blue-streak (Labroides dimidiatus),Wrasses > Wrasses (Labridae) > Blue-streak (Labroides dimidiatus),37806,Gx031724.mp4,[112.513159],2942249
3450102,Piano Fangblenny (Plagiotremus tapeinosoma),Blennies > Blennies (Blenniidae) > Piano Fangblenny (Plagiotremus tapeinosoma),37806,Gx031724.mp4,[213.1397099],2942251
3450103,Undulated (Gymnothorax undulatus),Eels > Morays (Muraenidae) > Undulated (Gymnothorax undulatus),37806,Gx031724.mp4,[234.5014895],2942252
3450104,Undulated (Gymnothorax undulatus),Eels > Morays (Muraenidae) > Undulated (Gymnothorax undulatus),37806,Gx031724.mp4,[234.5014895],2942253
3450105,Bullethead (Chlorurus sordidus),Parrotfishes > Parrotfishes (Scaridae) > Bullethead (Chlorurus sordidus),37806,Gx031724.mp4,[265.6225743],2942254
3450106,Emperors (Lethrinidae),Sloping Heads > Emperors (Lethrinidae),37806,Gx031724.mp4,[280.8546177],2942255
3450107,Indian Redfin (Chaetodon trifasciatus),Disk-shaped/Colourful > Butterflyfishes (Chaetodontidae) > Indian Redfin (Chaetodon trifasciatus),37806,Gx031724.mp4,[292.2372636],2942256
3450108,Indian Redfin (Chaetodon trifasciatus),Disk-shaped/Colourful > Butterflyfishes (Chaetodontidae) > Indian Redfin (Chaetodon trifasciatus),37806,Gx031724.mp4,[292.2372636],2942257
3450109,Blackeye (Hemigymnus melapterus),Wrasses > Wrasses (Labridae) > Blackeye (Hemigymnus melapterus),37806,Gx031724.mp4,[299.0879971],2942258
3450110,Honeycomb (Siganus stellatus),Large Ovals > Rabbitfishes (Siganidae) > Honeycomb (Siganus stellatus),37806,Gx031724.mp4,[321.5358317],2942259
3450111,Genus Naso,Large Ovals > Surgeonfishes (Acanthuridae) > Genus Naso,37806,Gx031724.mp4,[336.7552903],2942260
3450114,Bicolor (Labroides bicolor),Wrasses > Wrasses (Labridae) > Bicolor (Labroides bicolor),37806,Gx031724.mp4,[404.245716],2942263
3450115,Bicolor (Labroides bicolor),Wrasses > Wrasses (Labridae) > Bicolor (Labroides bicolor),37806,Gx031724.mp4,[404.245716],2942264
3450116,Threadfin (Chaetodon auriga),Disk-shaped/Colourful > Butterflyfishes (Chaetodontidae) > Threadfin (Chaetodon auriga),37806,Gx031724.mp4,[423.7369666],2942265
3450117,Threadfin (Chaetodon auriga),Disk-shaped/Colourful > Butterflyfishes (Chaetodontidae) > Threadfin (Chaetodon auriga),37806,Gx031724.mp4,[423.7369666],2942266
3450118,Orange-lined Feeding,Odd-shaped Swimmers > Triggerfishes (Balistidae) > Orange-lined (Balistapus undulatus) > Orange-lined Feeding,37806,Gx031724.mp4,[576.5693387],2942267
3450119,Orange-lined Feeding,Odd-shaped Swimmers > Triggerfishes (Balistidae) > Orange-lined (Balistapus undulatus) > Orange-lined Feeding,37806,Gx031724.mp4,[576.5693387],2942268
3450120,Whitetail (Acanthurus thompsoni),Large Ovals > Surgeonfishes (Acanthuridae) > Whitetail (Acanthurus thompsoni),37807,Gx041724.mp4,[31.3516572],2942269
3450121,Whitetail (Acanthurus thompsoni),Large Ovals > Surgeonfishes (Acanthuridae) > Whitetail (Acanthurus thompsoni),37807,Gx041724.mp4,[31.3516572],2942270
3450122,Whitetail (Acanthurus thompsoni),Large Ovals > Surgeonfishes (Acanthuridae) > Whitetail (Acanthurus thompsoni),37807,Gx041724.mp4,[31.3516572],2942271
3450123,Whitetail (Acanthurus thompsoni),Large Ovals > Surgeonfishes (Acanthuridae) > Whitetail (Acanthurus thompsoni),37807,Gx041724.mp4,[31.3516572],2942272
3450124,Whitetail (Acanthurus thompsoni),Large Ovals > Surgeonfishes (Acanthuridae) > Whitetail (Acanthurus thompsoni),37807,Gx041724.mp4,[31.3516572],2942273
3450125,Goldbar (Thalassoma hebraicum),Wrasses > Wrasses (Labridae) > Goldbar (Thalassoma hebraicum),37807,Gx041724.mp4,[89.6782392],2942274
3450126,Goldbar (Thalassoma hebraicum),Wrasses > Wrasses (Labridae) > Goldbar (Thalassoma hebraicum),37807,Gx041724.mp4,[89.6782392],2942275
3450127,Regal (Pygoplites diacanthus),Disk-shaped/Colourful > Angelfishes (Pomacanthidae) > Regal (Pygoplites diacanthus),37807,Gx041724.mp4,[111.6047004],2942276
3450128,Regal (Pygoplites diacanthus),Disk-shaped/Colourful > Angelfishes (Pomacanthidae) > Regal (Pygoplites diacanthus),37807,Gx041724.mp4,[111.6047004],2942277
3450129,Longbarbel (Parupeneus macronemus),Odd-shaped Swimmers > Goatfishes (Mullidae) > Longbarbel (Parupeneus macronemus),37807,Gx041724.mp4,[185.2148441],2942278
3450130,Paletail Unicorn (Naso brevirostris),Large Ovals > Surgeonfishes (Acanthuridae) > Paletail Unicorn (Naso brevirostris),37807,Gx041724.mp4,[264.3826428],2942279
3450131,Paletail Unicorn (Naso brevirostris),Large Ovals > Surgeonfishes (Acanthuridae) > Paletail Unicorn (Naso brevirostris),37807,Gx041724.mp4,[264.3826428],2942280
3450132,Paletail Unicorn (Naso brevirostris),Large Ovals > Surgeonfishes (Acanthuridae) > Paletail Unicorn (Naso brevirostris),37807,Gx041724.mp4,[264.3826428],2942281
3450133,Paletail Unicorn (Naso brevirostris),Large Ovals > Surgeonfishes (Acanthuridae) > Paletail Unicorn (Naso brevirostris),37807,Gx041724.mp4,[264.3826428],2942282
3450134,Paletail Unicorn (Naso brevirostris),Large Ovals > Surgeonfishes (Acanthuridae) > Paletail Unicorn (Naso brevirostris),37807,Gx041724.mp4,[264.3826428],2942283
3450135,Paletail Unicorn (Naso brevirostris),Large Ovals > Surgeonfishes (Acanthuridae) > Paletail Unicorn (Naso brevirostris),37807,Gx041724.mp4,[264.3826428],2942284
3450136,Paletail Unicorn (Naso brevirostris),Large Ovals > Surgeonfishes (Acanthuridae) > Paletail Unicorn (Naso brevirostris),37807,Gx041724.mp4,[264.3826428],2942285
3450137,Paletail Unicorn (Naso brevirostris),Large Ovals > Surgeonfishes (Acanthuridae) > Paletail Unicorn (Naso brevirostris),37807,Gx041724.mp4,[264.3826428],2942286
3450138,Paletail Unicorn (Naso brevirostris),Large Ovals > Surgeonfishes (Acanthuridae) > Paletail Unicorn (Naso brevirostris),37807,Gx041724.mp4,[279.9137694],2942287
3450139,Paletail Unicorn (Naso brevirostris),Large Ovals > Surgeonfishes (Acanthuridae) > Paletail Unicorn (Naso brevirostris),37807,Gx041724.mp4,[279.9137694],2942288
3450140,Paletail Unicorn (Naso brevirostris),Large Ovals > Surgeonfishes (Acanthuridae) > Paletail Unicorn (Naso brevirostris),37807,Gx041724.mp4,[279.9137694],2942289
3450141,Paletail Unicorn (Naso brevirostris),Large Ovals > Surgeonfishes (Acanthuridae) > Paletail Unicorn (Naso brevirostris),37807,Gx041724.mp4,[279.9137694],2942290
3450142,Paletail Unicorn (Naso brevirostris),Large Ovals > Surgeonfishes (Acanthuridae) > Paletail Unicorn (Naso brevirostris),37807,Gx041724.mp4,[279.9137694],2942291
3450143,Paletail Unicorn (Naso brevirostris),Large Ovals > Surgeonfishes (Acanthuridae) > Paletail Unicorn (Naso brevirostris),37807,Gx041724.mp4,[279.9137694],2942292
3450144,Paletail Unicorn (Naso brevirostris),Large Ovals > Surgeonfishes (Acanthuridae) > Paletail Unicorn (Naso brevirostris),37807,Gx041724.mp4,[279.9137694],2942293
3450145,Paletail Unicorn (Naso brevirostris),Large Ovals > Surgeonfishes (Acanthuridae) > Paletail Unicorn (Naso brevirostris),37807,Gx041724.mp4,[279.9137694],2942294
3450146,Paletail Unicorn (Naso brevirostris),Large Ovals > Surgeonfishes (Acanthuridae) > Paletail Unicorn (Naso brevirostris),37807,Gx041724.mp4,[279.9137694],2942295
3450147,Stareye (Calotomus carolinus),Parrotfishes > Parrotfishes (Scaridae) > Stareye (Calotomus carolinus),37807,Gx041724.mp4,[308.1824612],2942296
3450148,Meyer's (Chaetodon meyeri),Disk-shaped/Colourful > Butterflyfishes (Chaetodontidae) > Meyer's (Chaetodon meyeri),37807,Gx041724.mp4,[317.5887093],2942297
3450149,Paletail Unicorn (Naso brevirostris),Large Ovals > Surgeonfishes (Acanthuridae) > Paletail Unicorn (Naso brevirostris),37807,Gx041724.mp4,[371.8207759],2942298
3450150,Paletail Unicorn (Naso brevirostris),Large Ovals > Surgeonfishes (Acanthuridae) > Paletail Unicorn (Naso brevirostris),37807,Gx041724.mp4,[371.8207759],2942299
3450151,Paletail Unicorn (Naso brevirostris),Large Ovals > Surgeonfishes (Acanthuridae) > Paletail Unicorn (Naso brevirostris),37807,Gx041724.mp4,[371.8207759],2942300
3450152,Paletail Unicorn (Naso brevirostris),Large Ovals > Surgeonfishes (Acanthuridae) > Paletail Unicorn (Naso brevirostris),37807,Gx041724.mp4,[371.8207759],2942301
3450153,Paletail Unicorn (Naso brevirostris),Large Ovals > Surgeonfishes (Acanthuridae) > Paletail Unicorn (Naso brevirostris),37807,Gx041724.mp4,[371.8207759],2942302
3450154,Paletail Unicorn (Naso brevirostris),Large Ovals > Surgeonfishes (Acanthuridae) > Paletail Unicorn (Naso brevirostris),37807,Gx041724.mp4,[371.8207759],2942303
3450155,Paletail Unicorn (Naso brevirostris),Large Ovals > Surgeonfishes (Acanthuridae) > Paletail Unicorn (Naso brevirostris),37807,Gx041724.mp4,[371.8207759],2942304
3450156,Paletail Unicorn (Naso brevirostris),Large Ovals > Surgeonfishes (Acanthuridae) > Paletail Unicorn (Naso brevirostris),37807,Gx041724.mp4,[371.8207759],2942305
3450157,Paletail Unicorn (Naso brevirostris),Large Ovals > Surgeonfishes (Acanthuridae) > Paletail Unicorn (Naso brevirostris),37807,Gx041724.mp4,[371.8207759],2942306
3450158,Paletail Unicorn (Naso brevirostris),Large Ovals > Surgeonfishes (Acanthuridae) > Paletail Unicorn (Naso brevirostris),37807,Gx041724.mp4,[371.8207759],2942307
3450159,Paletail Unicorn (Naso brevirostris),Large Ovals > Surgeonfishes (Acanthuridae) > Paletail Unicorn (Naso brevirostris),37807,Gx041724.mp4,[371.8207759],2942308
3450160,Paletail Unicorn (Naso brevirostris),Large Ovals > Surgeonfishes (Acanthuridae) > Paletail Unicorn (Naso brevirostris),37807,Gx041724.mp4,[371.8207759],2942309
3450161,Tubelip (Labrichthys unilineatus),Wrasses > Wrasses (Labridae) > Tubelip (Labrichthys unilineatus),37807,Gx041724.mp4,[577.8482399],2942310
3450184,Leopard (Cephalopholis leopardus),Heavy Bodies/Large Lips > Groupers (Serranidae) > Leopard (Cephalopholis leopardus),37808,Gx051724.mp4,[255.9532468],2942333
3450185,Leopard (Cephalopholis leopardus),Heavy Bodies/Large Lips > Groupers (Serranidae) > Leopard (Cephalopholis leopardus),37808,Gx051724.mp4,[255.9532468],2942334
3450186,Groupers (Serranidae),Heavy Bodies/Large Lips > Groupers (Serranidae),37808,Gx051724.mp4,[265.3242578],2942335
3450187,Groupers (Serranidae),Heavy Bodies/Large Lips > Groupers (Serranidae),37808,Gx051724.mp4,[265.3242578],2942336
3450188,Groupers (Serranidae),Heavy Bodies/Large Lips > Groupers (Serranidae),37808,Gx051724.mp4,[265.3242578],2942337
3450190,Brown Pigmy (Centropyge multispinis),Disk-shaped/Colourful > Angelfishes (Pomacanthidae) > Brown Pigmy (Centropyge multispinis),37808,Gx051724.mp4,[351.7729007],2942339
3450191,Mozambique Fangblenny (Meiacanthus mossambicus),Blennies > Blennies (Blenniidae) > Mozambique Fangblenny (Meiacanthus mossambicus),37808,Gx051724.mp4,[364.3116128],2942340
3450192,Mozambique Fangblenny (Meiacanthus mossambicus),Blennies > Blennies (Blenniidae) > Mozambique Fangblenny (Meiacanthus mossambicus),37808,Gx051724.mp4,[364.3116128],2942341
3450908,Indian Half-and-Half (Pycnochromis dimidiatus),Small Ovals - Damselfishes > Damselfishes (Pomacentridae) > Indian Half-and-Half (Pycnochromis dimidiatus),37804,Gx011724.mp4,[175.9508615],2943057
3450909,Indian Half-and-Half (Pycnochromis dimidiatus),Small Ovals - Damselfishes > Damselfishes (Pomacentridae) > Indian Half-and-Half (Pycnochromis dimidiatus),37804,Gx011724.mp4,[175.9508615],2943058
3450910,Indian Half-and-Half (Pycnochromis dimidiatus),Small Ovals - Damselfishes > Damselfishes (Pomacentridae) > Indian Half-and-Half (Pycnochromis dimidiatus),37804,Gx011724.mp4,[175.9508615],2943059
3450911,Indian Half-and-Half (Pycnochromis dimidiatus),Small Ovals - Damselfishes > Damselfishes (Pomacentridae) > Indian Half-and-Half (Pycnochromis dimidiatus),37804,Gx011724.mp4,[175.9508615],2943060
3450912,Indian Half-and-Half (Pycnochromis dimidiatus),Small Ovals - Damselfishes > Damselfishes (Pomacentridae) > Indian Half-and-Half (Pycnochromis dimidiatus),37804,Gx011724.mp4,[175.9508615],2943061
3450913,Indian Half-and-Half (Pycnochromis dimidiatus),Small Ovals - Damselfishes > Damselfishes (Pomacentridae) > Indian Half-and-Half (Pycnochromis dimidiatus),37804,Gx011724.mp4,[175.9508615],2943062
3450914,Indian Half-and-Half (Pycnochromis dimidiatus),Small Ovals - Damselfishes > Damselfishes (Pomacentridae) > Indian Half-and-Half (Pycnochromis dimidiatus),37804,Gx011724.mp4,[175.9508615],2943063
3450915,Indian Half-and-Half (Pycnochromis dimidiatus),Small Ovals - Damselfishes > Damselfishes (Pomacentridae) > Indian Half-and-Half (Pycnochromis dimidiatus),37804,Gx011724.mp4,[175.9508615],2943064
3450916,Indian Half-and-Half (Pycnochromis dimidiatus),Small Ovals - Damselfishes > Damselfishes (Pomacentridae) > Indian Half-and-Half (Pycnochromis dimidiatus),37804,Gx011724.mp4,[175.9508615],2943065
3450917,Indian Half-and-Half (Pycnochromis dimidiatus),Small Ovals - Damselfishes > Damselfishes (Pomacentridae) > Indian Half-and-Half (Pycnochromis dimidiatus),37804,Gx011724.mp4,[175.9508615],2943066
3450918,Indian Half-and-Half (Pycnochromis dimidiatus),Small Ovals - Damselfishes > Damselfishes (Pomacentridae) > Indian Half-and-Half (Pycnochromis dimidiatus),37804,Gx011724.mp4,[175.9508615],2943067
3450919,Indian Half-and-Half (Pycnochromis dimidiatus),Small Ovals - Damselfishes > Damselfishes (Pomacentridae) > Indian Half-and-Half (Pycnochromis dimidiatus),37804,Gx011724.mp4,[175.9508615],2943068
3450920,Indian Half-and-Half (Pycnochromis dimidiatus),Small Ovals - Damselfishes > Damselfishes (Pomacentridae) > Indian Half-and-Half (Pycnochromis dimidiatus),37804,Gx011724.mp4,[175.9508615],2943069
3450921,Indian Half-and-Half (Pycnochromis dimidiatus),Small Ovals - Damselfishes > Damselfishes (Pomacentridae) > Indian Half-and-Half (Pycnochromis dimidiatus),37804,Gx011724.mp4,[175.9508615],2943070
3450922,Indian Half-and-Half (Pycnochromis dimidiatus),Small Ovals - Damselfishes > Damselfishes (Pomacentridae) > Indian Half-and-Half (Pycnochromis dimidiatus),37804,Gx011724.mp4,[175.9508615],2943071
3450923,Indian Half-and-Half (Pycnochromis dimidiatus),Small Ovals - Damselfishes > Damselfishes (Pomacentridae) > Indian Half-and-Half (Pycnochromis dimidiatus),37804,Gx011724.mp4,[175.9508615],2943072
3450924,Indian Half-and-Half (Pycnochromis dimidiatus),Small Ovals - Damselfishes > Damselfishes (Pomacentridae) > Indian Half-and-Half (Pycnochromis dimidiatus),37804,Gx011724.mp4,[175.9508615],2943073
3450925,Indian Half-and-Half (Pycnochromis dimidiatus),Small Ovals - Damselfishes > Damselfishes (Pomacentridae) > Indian Half-and-Half (Pycnochromis dimidiatus),37804,Gx011724.mp4,[175.9508615],2943074
3450926,Indian Half-and-Half (Pycnochromis dimidiatus),Small Ovals - Damselfishes > Damselfishes (Pomacentridae) > Indian Half-and-Half (Pycnochromis dimidiatus),37804,Gx011724.mp4,[175.9508615],2943075
3450927,Indian Half-and-Half (Pycnochromis dimidiatus),Small Ovals - Damselfishes > Damselfishes (Pomacentridae) > Indian Half-and-Half (Pycnochromis dimidiatus),37804,Gx011724.mp4,[175.9508615],2943076
3450928,Indian Half-and-Half (Pycnochromis dimidiatus),Small Ovals - Damselfishes > Damselfishes (Pomacentridae) > Indian Half-and-Half (Pycnochromis dimidiatus),37804,Gx011724.mp4,[175.9508615],2943077
3450929,Indian Half-and-Half (Pycnochromis dimidiatus),Small Ovals - Damselfishes > Damselfishes (Pomacentridae) > Indian Half-and-Half (Pycnochromis dimidiatus),37804,Gx011724.mp4,[175.9508615],2943078
3450930,Indian Half-and-Half (Pycnochromis dimidiatus),Small Ovals - Damselfishes > Damselfishes (Pomacentridae) > Indian Half-and-Half (Pycnochromis dimidiatus),37804,Gx011724.mp4,[175.9508615],2943079
3450931,Indian Half-and-Half (Pycnochromis dimidiatus),Small Ovals - Damselfishes > Damselfishes (Pomacentridae) > Indian Half-and-Half (Pycnochromis dimidiatus),37804,Gx011724.mp4,[175.9508615],2943080
3450932,Indian Half-and-Half (Pycnochromis dimidiatus),Small Ovals - Damselfishes > Damselfishes (Pomacentridae) > Indian Half-and-Half (Pycnochromis dimidiatus),37804,Gx011724.mp4,[175.9508615],2943081
3450933,Indian Half-and-Half (Pycnochromis dimidiatus),Small Ovals - Damselfishes > Damselfishes (Pomacentridae) > Indian Half-and-Half (Pycnochromis dimidiatus),37804,Gx011724.mp4,[175.9508615],2943082
3450934,Indian Half-and-Half (Pycnochromis dimidiatus),Small Ovals - Damselfishes > Damselfishes (Pomacentridae) > Indian Half-and-Half (Pycnochromis dimidiatus),37804,Gx011724.mp4,[175.9508615],2943083
3450935,Indian Half-and-Half (Pycnochromis dimidiatus),Small Ovals - Damselfishes > Damselfishes (Pomacentridae) > Indian Half-and-Half (Pycnochromis dimidiatus),37804,Gx011724.mp4,[175.9508615],2943084
3450936,Indian Half-and-Half (Pycnochromis dimidiatus),Small Ovals - Damselfishes > Damselfishes (Pomacentridae) > Indian Half-and-Half (Pycnochromis dimidiatus),37804,Gx011724.mp4,[175.9508615],2943085
3450937,Indian Half-and-Half (Pycnochromis dimidiatus),Small Ovals - Damselfishes > Damselfishes (Pomacentridae) > Indian Half-and-Half (Pycnochromis dimidiatus),37804,Gx011724.mp4,[175.9508615],2943086
3450938,Indian Half-and-Half (Pycnochromis dimidiatus),Small Ovals - Damselfishes > Damselfishes (Pomacentridae) > Indian Half-and-Half (Pycnochromis dimidiatus),37804,Gx011724.mp4,[175.9508615],2943087
3450939,Indian Half-and-Half (Pycnochromis dimidiatus),Small Ovals - Damselfishes > Damselfishes (Pomacentridae) > Indian Half-and-Half (Pycnochromis dimidiatus),37804,Gx011724.mp4,[175.9508615],2943088
3450940,Indian Half-and-Half (Pycnochromis dimidiatus),Small Ovals - Damselfishes > Damselfishes (Pomacentridae) > Indian Half-and-Half (Pycnochromis dimidiatus),37804,Gx011724.mp4,[175.9508615],2943089
3450941,Indian Half-and-Half (Pycnochromis dimidiatus),Small Ovals - Damselfishes > Damselfishes (Pomacentridae) > Indian Half-and-Half (Pycnochromis dimidiatus),37804,Gx011724.mp4,[175.9508615],2943090
3450942,Indian Half-and-Half (Pycnochromis dimidiatus),Small Ovals - Damselfishes > Damselfishes (Pomacentridae) > Indian Half-and-Half (Pycnochromis dimidiatus),37804,Gx011724.mp4,[175.9508615],2943091
3450943,Indian Half-and-Half (Pycnochromis dimidiatus),Small Ovals - Damselfishes > Damselfishes (Pomacentridae) > Indian Half-and-Half (Pycnochromis dimidiatus),37804,Gx011724.mp4,[175.9508615],2943092
3450944,Indian Half-and-Half (Pycnochromis dimidiatus),Small Ovals - Damselfishes > Damselfishes (Pomacentridae) > Indian Half-and-Half (Pycnochromis dimidiatus),37804,Gx011724.mp4,[175.9508615],2943093
3450945,Indian Half-and-Half (Pycnochromis dimidiatus),Small Ovals - Damselfishes > Damselfishes (Pomacentridae) > Indian Half-and-Half (Pycnochromis dimidiatus),37804,Gx011724.mp4,[175.9508615],2943094
3450946,Indian Half-and-Half (Pycnochromis dimidiatus),Small Ovals - Damselfishes > Damselfishes (Pomacentridae) > Indian Half-and-Half (Pycnochromis dimidiatus),37804,Gx011724.mp4,[175.9508615],2943095
3450947,Indian Half-and-Half (Pycnochromis dimidiatus),Small Ovals - Damselfishes > Damselfishes (Pomacentridae) > Indian Half-and-Half (Pycnochromis dimidiatus),37804,Gx011724.mp4,[175.9508615],2943096
3450948,Indian Half-and-Half (Pycnochromis dimidiatus),Small Ovals - Damselfishes > Damselfishes (Pomacentridae) > Indian Half-and-Half (Pycnochromis dimidiatus),37804,Gx011724.mp4,[175.9508615],2943097
3450949,Indian Half-and-Half (Pycnochromis dimidiatus),Small Ovals - Damselfishes > Damselfishes (Pomacentridae) > Indian Half-and-Half (Pycnochromis dimidiatus),37804,Gx011724.mp4,[175.9508615],2943098
3450950,Indian Half-and-Half (Pycnochromis dimidiatus),Small Ovals - Damselfishes > Damselfishes (Pomacentridae) > Indian Half-and-Half (Pycnochromis dimidiatus),37804,Gx011724.mp4,[175.9508615],2943099
3450951,Indian Half-and-Half (Pycnochromis dimidiatus),Small Ovals - Damselfishes > Damselfishes (Pomacentridae) > Indian Half-and-Half (Pycnochromis dimidiatus),37804,Gx011724.mp4,[175.9508615],2943100
3450952,Indian Half-and-Half (Pycnochromis dimidiatus),Small Ovals - Damselfishes > Damselfishes (Pomacentridae) > Indian Half-and-Half (Pycnochromis dimidiatus),37804,Gx011724.mp4,[175.9508615],2943101
3450953,Indian Half-and-Half (Pycnochromis dimidiatus),Small Ovals - Damselfishes > Damselfishes (Pomacentridae) > Indian Half-and-Half (Pycnochromis dimidiatus),37804,Gx011724.mp4,[175.9508615],2943102
3450954,Indian Half-and-Half (Pycnochromis dimidiatus),Small Ovals - Damselfishes > Damselfishes (Pomacentridae) > Indian Half-and-Half (Pycnochromis dimidiatus),37804,Gx011724.mp4,[175.9508615],2943103
3450955,Indian Half-and-Half (Pycnochromis dimidiatus),Small Ovals - Damselfishes > Damselfishes (Pomacentridae) > Indian Half-and-Half (Pycnochromis dimidiatus),37804,Gx011724.mp4,[175.9508615],2943104
3450956,Indian Half-and-Half (Pycnochromis dimidiatus),Small Ovals - Damselfishes > Damselfishes (Pomacentridae) > Indian Half-and-Half (Pycnochromis dimidiatus),37804,Gx011724.mp4,[175.9508615],2943105
3450957,Indian Half-and-Half (Pycnochromis dimidiatus),Small Ovals - Damselfishes > Damselfishes (Pomacentridae) > Indian Half-and-Half (Pycnochromis dimidiatus),37804,Gx011724.mp4,[175.9508615],2943106
3450958,Indian Half-and-Half (Pycnochromis dimidiatus),Small Ovals - Damselfishes > Damselfishes (Pomacentridae) > Indian Half-and-Half (Pycnochromis dimidiatus),37804,Gx011724.mp4,[175.9508615],2943107
3450959,Indian Half-and-Half (Pycnochromis dimidiatus),Small Ovals - Damselfishes > Damselfishes (Pomacentridae) > Indian Half-and-Half (Pycnochromis dimidiatus),37804,Gx011724.mp4,[175.9508615],2943108
3450960,Indian Half-and-Half (Pycnochromis dimidiatus),Small Ovals - Damselfishes > Damselfishes (Pomacentridae) > Indian Half-and-Half (Pycnochromis dimidiatus),37804,Gx011724.mp4,[175.9508615],2943109
3450961,Indian Half-and-Half (Pycnochromis dimidiatus),Small Ovals - Damselfishes > Damselfishes (Pomacentridae) > Indian Half-and-Half (Pycnochromis dimidiatus),37804,Gx011724.mp4,[175.9508615],2943110
3450962,Indian Half-and-Half (Pycnochromis dimidiatus),Small Ovals - Damselfishes > Damselfishes (Pomacentridae) > Indian Half-and-Half (Pycnochromis dimidiatus),37804,Gx011724.mp4,[175.9508615],2943111
3450963,Indian Half-and-Half (Pycnochromis dimidiatus),Small Ovals - Damselfishes > Damselfishes (Pomacentridae) > Indian Half-and-Half (Pycnochromis dimidiatus),37804,Gx011724.mp4,[175.9508615],2943112
3450964,Indian Half-and-Half (Pycnochromis dimidiatus),Small Ovals - Damselfishes > Damselfishes (Pomacentridae) > Indian Half-and-Half (Pycnochromis dimidiatus),37804,Gx011724.mp4,[175.9508615],2943113
3450965,Indian Half-and-Half (Pycnochromis dimidiatus),Small Ovals - Damselfishes > Damselfishes (Pomacentridae) > Indian Half-and-Half (Pycnochromis dimidiatus),37804,Gx011724.mp4,[175.9508615],2943114
3450966,Indian Half-and-Half (Pycnochromis dimidiatus),Small Ovals - Damselfishes > Damselfishes (Pomacentridae) > Indian Half-and-Half (Pycnochromis dimidiatus),37804,Gx011724.mp4,[175.9508615],2943115
3450967,Indian Half-and-Half (Pycnochromis dimidiatus),Small Ovals - Damselfishes > Damselfishes (Pomacentridae) > Indian Half-and-Half (Pycnochromis dimidiatus),37804,Gx011724.mp4,[175.9508615],2943116
3450968,Indian Half-and-Half (Pycnochromis dimidiatus),Small Ovals - Damselfishes > Damselfishes (Pomacentridae) > Indian Half-and-Half (Pycnochromis dimidiatus),37804,Gx011724.mp4,[175.9508615],2943117
3450969,Indian Half-and-Half (Pycnochromis dimidiatus),Small Ovals - Damselfishes > Damselfishes (Pomacentridae) > Indian Half-and-Half (Pycnochromis dimidiatus),37804,Gx011724.mp4,[175.9508615],2943118
3450970,Indian Half-and-Half (Pycnochromis dimidiatus),Small Ovals - Damselfishes > Damselfishes (Pomacentridae) > Indian Half-and-Half (Pycnochromis dimidiatus),37804,Gx011724.mp4,[175.9508615],2943119
3450971,Indian Half-and-Half (Pycnochromis dimidiatus),Small Ovals - Damselfishes > Damselfishes (Pomacentridae) > Indian Half-and-Half (Pycnochromis dimidiatus),37804,Gx011724.mp4,[175.9508615],2943120
3450972,Indian Half-and-Half (Pycnochromis dimidiatus),Small Ovals - Damselfishes > Damselfishes (Pomacentridae) > Indian Half-and-Half (Pycnochromis dimidiatus),37804,Gx011724.mp4,[175.9508615],2943121
3450973,Indian Half-and-Half (Pycnochromis dimidiatus),Small Ovals - Damselfishes > Damselfishes (Pomacentridae) > Indian Half-and-Half (Pycnochromis dimidiatus),37804,Gx011724.mp4,[175.9508615],2943122
3450974,Indian Half-and-Half (Pycnochromis dimidiatus),Small Ovals - Damselfishes > Damselfishes (Pomacentridae) > Indian Half-and-Half (Pycnochromis dimidiatus),37804,Gx011724.mp4,[175.9508615],2943123
3450975,Indian Half-and-Half (Pycnochromis dimidiatus),Small Ovals - Damselfishes > Damselfishes (Pomacentridae) > Indian Half-and-Half (Pycnochromis dimidiatus),37804,Gx011724.mp4,[175.9508615],2943124
3450976,Indian Half-and-Half (Pycnochromis dimidiatus),Small Ovals - Damselfishes > Damselfishes (Pomacentridae) > Indian Half-and-Half (Pycnochromis dimidiatus),37804,Gx011724.mp4,[175.9508615],2943125
3450977,Indian Half-and-Half (Pycnochromis dimidiatus),Small Ovals - Damselfishes > Damselfishes (Pomacentridae) > Indian Half-and-Half (Pycnochromis dimidiatus),37804,Gx011724.mp4,[175.9508615],2943126
3450978,Indian Half-and-Half (Pycnochromis dimidiatus),Small Ovals - Damselfishes > Damselfishes (Pomacentridae) > Indian Half-and-Half (Pycnochromis dimidiatus),37804,Gx011724.mp4,[175.9508615],2943127
3450979,Indian Half-and-Half (Pycnochromis dimidiatus),Small Ovals - Damselfishes > Damselfishes (Pomacentridae) > Indian Half-and-Half (Pycnochromis dimidiatus),37804,Gx011724.mp4,[175.9508615],2943128
3450980,Indian Half-and-Half (Pycnochromis dimidiatus),Small Ovals - Damselfishes > Damselfishes (Pomacentridae) > Indian Half-and-Half (Pycnochromis dimidiatus),37804,Gx011724.mp4,[175.9508615],2943129
3450981,Indian Half-and-Half (Pycnochromis dimidiatus),Small Ovals - Damselfishes > Damselfishes (Pomacentridae) > Indian Half-and-Half (Pycnochromis dimidiatus),37804,Gx011724.mp4,[175.9508615],2943130
3450982,Indian Half-and-Half (Pycnochromis dimidiatus),Small Ovals - Damselfishes > Damselfishes (Pomacentridae) > Indian Half-and-Half (Pycnochromis dimidiatus),37804,Gx011724.mp4,[175.9508615],2943131
3450983,Indian Half-and-Half (Pycnochromis dimidiatus),Small Ovals - Damselfishes > Damselfishes (Pomacentridae) > Indian Half-and-Half (Pycnochromis dimidiatus),37804,Gx011724.mp4,[175.9508615],2943132
3450984,Indian Half-and-Half (Pycnochromis dimidiatus),Small Ovals - Damselfishes > Damselfishes (Pomacentridae) > Indian Half-and-Half (Pycnochromis dimidiatus),37804,Gx011724.mp4,[175.9508615],2943133
3450985,Indian Half-and-Half (Pycnochromis dimidiatus),Small Ovals - Damselfishes > Damselfishes (Pomacentridae) > Indian Half-and-Half (Pycnochromis dimidiatus),37804,Gx011724.mp4,[175.9508615],2943134
3450986,Indian Half-and-Half (Pycnochromis dimidiatus),Small Ovals - Damselfishes > Damselfishes (Pomacentridae) > Indian Half-and-Half (Pycnochromis dimidiatus),37804,Gx011724.mp4,[175.9508615],2943135
3450987,Indian Half-and-Half (Pycnochromis dimidiatus),Small Ovals - Damselfishes > Damselfishes (Pomacentridae) > Indian Half-and-Half (Pycnochromis dimidiatus),37804,Gx011724.mp4,[175.9508615],2943136
3450988,Indian Half-and-Half (Pycnochromis dimidiatus),Small Ovals - Damselfishes > Damselfishes (Pomacentridae) > Indian Half-and-Half (Pycnochromis dimidiatus),37804,Gx011724.mp4,[175.9508615],2943137
3450989,Indian Half-and-Half (Pycnochromis dimidiatus),Small Ovals - Damselfishes > Damselfishes (Pomacentridae) > Indian Half-and-Half (Pycnochromis dimidiatus),37804,Gx011724.mp4,[175.9508615],2943138
3450990,Indian Half-and-Half (Pycnochromis dimidiatus),Small Ovals - Damselfishes > Damselfishes (Pomacentridae) > Indian Half-and-Half (Pycnochromis dimidiatus),37804,Gx011724.mp4,[175.9508615],2943139
3450991,Indian Half-and-Half (Pycnochromis dimidiatus),Small Ovals - Damselfishes > Damselfishes (Pomacentridae) > Indian Half-and-Half (Pycnochromis dimidiatus),37804,Gx011724.mp4,[175.9508615],2943140
3450992,Indian Half-and-Half (Pycnochromis dimidiatus),Small Ovals - Damselfishes > Damselfishes (Pomacentridae) > Indian Half-and-Half (Pycnochromis dimidiatus),37804,Gx011724.mp4,[175.9508615],2943141
3450993,Indian Half-and-Half (Pycnochromis dimidiatus),Small Ovals - Damselfishes > Damselfishes (Pomacentridae) > Indian Half-and-Half (Pycnochromis dimidiatus),37804,Gx011724.mp4,[175.9508615],2943142
3450994,Indian Half-and-Half (Pycnochromis dimidiatus),Small Ovals - Damselfishes > Damselfishes (Pomacentridae) > Indian Half-and-Half (Pycnochromis dimidiatus),37804,Gx011724.mp4,[175.9508615],2943143
3450995,Indian Half-and-Half (Pycnochromis dimidiatus),Small Ovals - Damselfishes > Damselfishes (Pomacentridae) > Indian Half-and-Half (Pycnochromis dimidiatus),37804,Gx011724.mp4,[175.9508615],2943144
3450996,Indian Half-and-Half (Pycnochromis dimidiatus),Small Ovals - Damselfishes > Damselfishes (Pomacentridae) > Indian Half-and-Half (Pycnochromis dimidiatus),37804,Gx011724.mp4,[175.9508615],2943145
3450997,Indian Half-and-Half (Pycnochromis dimidiatus),Small Ovals - Damselfishes > Damselfishes (Pomacentridae) > Indian Half-and-Half (Pycnochromis dimidiatus),37804,Gx011724.mp4,[175.9508615],2943146
3450998,Indian Half-and-Half (Pycnochromis dimidiatus),Small Ovals - Damselfishes > Damselfishes (Pomacentridae) > Indian Half-and-Half (Pycnochromis dimidiatus),37804,Gx011724.mp4,[175.9508615],2943147
3450999,Indian Half-and-Half (Pycnochromis dimidiatus),Small Ovals - Damselfishes > Damselfishes (Pomacentridae) > Indian Half-and-Half (Pycnochromis dimidiatus),37804,Gx011724.mp4,[175.9508615],2943148
3451000,Indian Half-and-Half (Pycnochromis dimidiatus),Small Ovals - Damselfishes > Damselfishes (Pomacentridae) > Indian Half-and-Half (Pycnochromis dimidiatus),37804,Gx011724.mp4,[175.9508615],2943149
3451001,Indian Half-and-Half (Pycnochromis dimidiatus),Small Ovals - Damselfishes > Damselfishes (Pomacentridae) > Indian Half-and-Half (Pycnochromis dimidiatus),37804,Gx011724.mp4,[175.9508615],2943150
3451002,Indian Half-and-Half (Pycnochromis dimidiatus),Small Ovals - Damselfishes > Damselfishes (Pomacentridae) > Indian Half-and-Half (Pycnochromis dimidiatus),37804,Gx011724.mp4,[175.9508615],2943151
3451003,Indian Half-and-Half (Pycnochromis dimidiatus),Small Ovals - Damselfishes > Damselfishes (Pomacentridae) > Indian Half-and-Half (Pycnochromis dimidiatus),37804,Gx011724.mp4,[175.9508615],2943152
3451004,Indian Half-and-Half (Pycnochromis dimidiatus),Small Ovals - Damselfishes > Damselfishes (Pomacentridae) > Indian Half-and-Half (Pycnochromis dimidiatus),37804,Gx011724.mp4,[175.9508615],2943153
3451007,Genus Chromis,Small Ovals - Damselfishes > Damselfishes (Pomacentridae) > Genus Chromis,37804,Gx011724.mp4,[216.275239],2943156
3451008,Genus Chromis,Small Ovals - Damselfishes > Damselfishes (Pomacentridae) > Genus Chromis,37804,Gx011724.mp4,[216.275239],2943157
3451009,Genus Chromis,Small Ovals - Damselfishes > Damselfishes (Pomacentridae) > Genus Chromis,37804,Gx011724.mp4,[216.275239],2943158
3451010,Genus Chromis,Small Ovals - Damselfishes > Damselfishes (Pomacentridae) > Genus Chromis,37804,Gx011724.mp4,[216.275239],2943159
3451011,Genus Chromis,Small Ovals - Damselfishes > Damselfishes (Pomacentridae) > Genus Chromis,37804,Gx011724.mp4,[216.275239],2943160
3451012,Genus Chromis,Small Ovals - Damselfishes > Damselfishes (Pomacentridae) > Genus Chromis,37804,Gx011724.mp4,[216.275239],2943161
3451013,Genus Chromis,Small Ovals - Damselfishes > Damselfishes (Pomacentridae) > Genus Chromis,37804,Gx011724.mp4,[216.275239],2943162
3451014,Genus Chromis,Small Ovals - Damselfishes > Damselfishes (Pomacentridae) > Genus Chromis,37804,Gx011724.mp4,[216.275239],2943163
3451015,Genus Chromis,Small Ovals - Damselfishes > Damselfishes (Pomacentridae) > Genus Chromis,37804,Gx011724.mp4,[216.275239],2943164
3451016,Genus Chromis,Small Ovals - Damselfishes > Damselfishes (Pomacentridae) > Genus Chromis,37804,Gx011724.mp4,[216.275239],2943165
3451017,Genus Chromis,Small Ovals - Damselfishes > Damselfishes (Pomacentridae) > Genus Chromis,37804,Gx011724.mp4,[216.275239],2943166
3451018,Genus Chromis,Small Ovals - Damselfishes > Damselfishes (Pomacentridae) > Genus Chromis,37804,Gx011724.mp4,[216.275239],2943167
3451019,Genus Chromis,Small Ovals - Damselfishes > Damselfishes (Pomacentridae) > Genus Chromis,37804,Gx011724.mp4,[216.275239],2943168
3451020,Genus Chromis,Small Ovals - Damselfishes > Damselfishes (Pomacentridae) > Genus Chromis,37804,Gx011724.mp4,[216.275239],2943169
3451022,Genus Chromis,Small Ovals - Damselfishes > Damselfishes (Pomacentridae) > Genus Chromis,37804,Gx011724.mp4,[216.275239],2943171
3451023,Genus Chromis,Small Ovals - Damselfishes > Damselfishes (Pomacentridae) > Genus Chromis,37804,Gx011724.mp4,[216.275239],2943172
3451025,Genus Chromis,Small Ovals - Damselfishes > Damselfishes (Pomacentridae) > Genus Chromis,37804,Gx011724.mp4,[216.275239],2943174
3451026,Genus Chromis,Small Ovals - Damselfishes > Damselfishes (Pomacentridae) > Genus Chromis,37804,Gx011724.mp4,[216.275239],2943175
3451027,Genus Chromis,Small Ovals - Damselfishes > Damselfishes (Pomacentridae) > Genus Chromis,37804,Gx011724.mp4,[216.275239],2943176
3451029,Genus Chromis,Small Ovals - Damselfishes > Damselfishes (Pomacentridae) > Genus Chromis,37804,Gx011724.mp4,[216.275239],2943178
3451030,Genus Chromis,Small Ovals - Damselfishes > Damselfishes (Pomacentridae) > Genus Chromis,37804,Gx011724.mp4,[216.275239],2943179
3451031,Genus Chromis,Small Ovals - Damselfishes > Damselfishes (Pomacentridae) > Genus Chromis,37804,Gx011724.mp4,[216.275239],2943180
3451033,Genus Chromis,Small Ovals - Damselfishes > Damselfishes (Pomacentridae) > Genus Chromis,37804,Gx011724.mp4,[216.275239],2943182
3451034,Genus Chromis,Small Ovals - Damselfishes > Damselfishes (Pomacentridae) > Genus Chromis,37804,Gx011724.mp4,[216.275239],2943183
3451035,Genus Chromis,Small Ovals - Damselfishes > Damselfishes (Pomacentridae) > Genus Chromis,37804,Gx011724.mp4,[216.275239],2943184
3451036,Genus Chromis,Small Ovals - Damselfishes > Damselfishes (Pomacentridae) > Genus Chromis,37804,Gx011724.mp4,[216.275239],2943185
3451037,Genus Chromis,Small Ovals - Damselfishes > Damselfishes (Pomacentridae) > Genus Chromis,37804,Gx011724.mp4,[216.275239],2943186
3451038,Genus Chromis,Small Ovals - Damselfishes > Damselfishes (Pomacentridae) > Genus Chromis,37804,Gx011724.mp4,[216.275239],2943187
3451040,Genus Chromis,Small Ovals - Damselfishes > Damselfishes (Pomacentridae) > Genus Chromis,37804,Gx011724.mp4,[216.275239],2943189
3451042,Genus Chromis,Small Ovals - Damselfishes > Damselfishes (Pomacentridae) > Genus Chromis,37804,Gx011724.mp4,[216.275239],2943191
3451043,Genus Chromis,Small Ovals - Damselfishes > Damselfishes (Pomacentridae) > Genus Chromis,37804,Gx011724.mp4,[216.275239],2943192
3451045,Genus Chromis,Small Ovals - Damselfishes > Damselfishes (Pomacentridae) > Genus Chromis,37804,Gx011724.mp4,[216.275239],2943194
3451046,Genus Chromis,Small Ovals - Damselfishes > Damselfishes (Pomacentridae) > Genus Chromis,37804,Gx011724.mp4,[216.275239],2943195
3451047,Genus Chromis,Small Ovals - Damselfishes > Damselfishes (Pomacentridae) > Genus Chromis,37804,Gx011724.mp4,[216.275239],2943196
3451049,Genus Chromis,Small Ovals - Damselfishes > Damselfishes (Pomacentridae) > Genus Chromis,37804,Gx011724.mp4,[216.275239],2943198
3451050,Genus Chromis,Small Ovals - Damselfishes > Damselfishes (Pomacentridae) > Genus Chromis,37804,Gx011724.mp4,[216.275239],2943199
3451051,Genus Chromis,Small Ovals - Damselfishes > Damselfishes (Pomacentridae) > Genus Chromis,37804,Gx011724.mp4,[216.275239],2943200
3451053,Genus Chromis,Small Ovals - Damselfishes > Damselfishes (Pomacentridae) > Genus Chromis,37804,Gx011724.mp4,[216.275239],2943202
3451054,Genus Chromis,Small Ovals - Damselfishes > Damselfishes (Pomacentridae) > Genus Chromis,37804,Gx011724.mp4,[216.275239],2943203
3451055,Genus Chromis,Small Ovals - Damselfishes > Damselfishes (Pomacentridae) > Genus Chromis,37804,Gx011724.mp4,[216.275239],2943204
3451056,Genus Chromis,Small Ovals - Damselfishes > Damselfishes (Pomacentridae) > Genus Chromis,37804,Gx011724.mp4,[216.275239],2943205
3451057,Genus Chromis,Small Ovals - Damselfishes > Damselfishes (Pomacentridae) > Genus Chromis,37804,Gx011724.mp4,[216.275239],2943206
3451058,Genus Chromis,Small Ovals - Damselfishes > Damselfishes (Pomacentridae) > Genus Chromis,37804,Gx011724.mp4,[216.275239],2943207
3451059,Genus Chromis,Small Ovals - Damselfishes > Damselfishes (Pomacentridae) > Genus Chromis,37804,Gx011724.mp4,[216.275239],2943208
3451060,Genus Chromis,Small Ovals - Damselfishes > Damselfishes (Pomacentridae) > Genus Chromis,37804,Gx011724.mp4,[216.275239],2943209
3451062,Genus Chromis,Small Ovals - Damselfishes > Damselfishes (Pomacentridae) > Genus Chromis,37804,Gx011724.mp4,[216.275239],2943211
3451064,Genus Chromis,Small Ovals - Damselfishes > Damselfishes (Pomacentridae) > Genus Chromis,37804,Gx011724.mp4,[216.275239],2943213
3451065,Genus Chromis,Small Ovals - Damselfishes > Damselfishes (Pomacentridae) > Genus Chromis,37804,Gx011724.mp4,[216.275239],2943214
3451066,Genus Chromis,Small Ovals - Damselfishes > Damselfishes (Pomacentridae) > Genus Chromis,37804,Gx011724.mp4,[216.275239],2943215
3451067,Genus Chromis,Small Ovals - Damselfishes > Damselfishes (Pomacentridae) > Genus Chromis,37804,Gx011724.mp4,[216.275239],2943216
3451068,Genus Chromis,Small Ovals - Damselfishes > Damselfishes (Pomacentridae) > Genus Chromis,37804,Gx011724.mp4,[216.275239],2943217
3451069,Genus Chromis,Small Ovals - Damselfishes > Damselfishes (Pomacentridae) > Genus Chromis,37804,Gx011724.mp4,[216.275239],2943218
3451070,Genus Chromis,Small Ovals - Damselfishes > Damselfishes (Pomacentridae) > Genus Chromis,37804,Gx011724.mp4,[216.275239],2943219
3451078,Genus Chromis,Small Ovals - Damselfishes > Damselfishes (Pomacentridae) > Genus Chromis,37804,Gx011724.mp4,[216.275239],2943227
3451079,Genus Chromis,Small Ovals - Damselfishes > Damselfishes (Pomacentridae) > Genus Chromis,37804,Gx011724.mp4,[216.275239],2943228
3451080,Genus Chromis,Small Ovals - Damselfishes > Damselfishes (Pomacentridae) > Genus Chromis,37804,Gx011724.mp4,[216.275239],2943229
3451081,Genus Chromis,Small Ovals - Damselfishes > Damselfishes (Pomacentridae) > Genus Chromis,37804,Gx011724.mp4,[216.275239],2943230
3451082,Genus Chromis,Small Ovals - Damselfishes > Damselfishes (Pomacentridae) > Genus Chromis,37804,Gx011724.mp4,[216.275239],2943231
3451083,Genus Chromis,Small Ovals - Damselfishes > Damselfishes (Pomacentridae) > Genus Chromis,37804,Gx011724.mp4,[216.275239],2943232
3451084,Genus Chromis,Small Ovals - Damselfishes > Damselfishes (Pomacentridae) > Genus Chromis,37804,Gx011724.mp4,[216.275239],2943233
3451086,Genus Chromis,Small Ovals - Damselfishes > Damselfishes (Pomacentridae) > Genus Chromis,37804,Gx011724.mp4,[216.275239],2943235
3451087,Genus Chromis,Small Ovals - Damselfishes > Damselfishes (Pomacentridae) > Genus Chromis,37804,Gx011724.mp4,[216.275239],2943236
3451097,Genus Chromis,Small Ovals - Damselfishes > Damselfishes (Pomacentridae) > Genus Chromis,37804,Gx011724.mp4,[216.275239],2943246
3451098,Genus Chromis,Small Ovals - Damselfishes > Damselfishes (Pomacentridae) > Genus Chromis,37804,Gx011724.mp4,[216.275239],2943247
3451099,Genus Chromis,Small Ovals - Damselfishes > Damselfishes (Pomacentridae) > Genus Chromis,37804,Gx011724.mp4,[216.275239],2943248
3451100,Genus Chromis,Small Ovals - Damselfishes > Damselfishes (Pomacentridae) > Genus Chromis,37804,Gx011724.mp4,[216.275239],2943249
3451101,Genus Chromis,Small Ovals - Damselfishes > Damselfishes (Pomacentridae) > Genus Chromis,37804,Gx011724.mp4,[216.275239],2943250
3451102,Genus Chromis,Small Ovals - Damselfishes > Damselfishes (Pomacentridae) > Genus Chromis,37804,Gx011724.mp4,[216.275239],2943251
3451103,Genus Chromis,Small Ovals - Damselfishes > Damselfishes (Pomacentridae) > Genus Chromis,37804,Gx011724.mp4,[216.275239],2943252
3451104,Genus Chromis,Small Ovals - Damselfishes > Damselfishes (Pomacentridae) > Genus Chromis,37804,Gx011724.mp4,[216.275239],2943253
3451105,Genus Chromis,Small Ovals - Damselfishes > Damselfishes (Pomacentridae) > Genus Chromis,37804,Gx011724.mp4,[216.275239],2943254
3451106,Genus Chromis,Small Ovals - Damselfishes > Damselfishes (Pomacentridae) > Genus Chromis,37804,Gx011724.mp4,[216.275239],2943255
3451107,Blue-green (Chromis viridis),Small Ovals - Damselfishes > Damselfishes (Pomacentridae) > Blue-green (Chromis viridis),37804,Gx011724.mp4,[275.4117908],2943256
3451108,Blue-green (Chromis viridis),Small Ovals - Damselfishes > Damselfishes (Pomacentridae) > Blue-green (Chromis viridis),37804,Gx011724.mp4,[275.4117908],2943257
3451109,Blue-green (Chromis viridis),Small Ovals - Damselfishes > Damselfishes (Pomacentridae) > Blue-green (Chromis viridis),37804,Gx011724.mp4,[275.4117908],2943258
3451110,Blue-green (Chromis viridis),Small Ovals - Damselfishes > Damselfishes (Pomacentridae) > Blue-green (Chromis viridis),37804,Gx011724.mp4,[275.4117908],2943259
3451120,Ternate (Chromis ternatensis),Small Ovals - Damselfishes > Damselfishes (Pomacentridae) > Ternate (Chromis ternatensis),37807,Gx041724.mp4,[350.1027868],2943269
3451121,Ternate (Chromis ternatensis),Small Ovals - Damselfishes > Damselfishes (Pomacentridae) > Ternate (Chromis ternatensis),37807,Gx041724.mp4,[350.1027868],2943270
3451122,Ternate (Chromis ternatensis),Small Ovals - Damselfishes > Damselfishes (Pomacentridae) > Ternate (Chromis ternatensis),37807,Gx041724.mp4,[350.1027868],2943271
3451123,Ternate (Chromis ternatensis),Small Ovals - Damselfishes > Damselfishes (Pomacentridae) > Ternate (Chromis ternatensis),37807,Gx041724.mp4,[350.1027868],2943272
3451124,Ternate (Chromis ternatensis),Small Ovals - Damselfishes > Damselfishes (Pomacentridae) > Ternate (Chromis ternatensis),37807,Gx041724.mp4,[350.1027868],2943273
3451125,Ternate (Chromis ternatensis),Small Ovals - Damselfishes > Damselfishes (Pomacentridae) > Ternate (Chromis ternatensis),37807,Gx041724.mp4,[350.1027868],2943274
3451126,Ternate (Chromis ternatensis),Small Ovals - Damselfishes > Damselfishes (Pomacentridae) > Ternate (Chromis ternatensis),37807,Gx041724.mp4,[350.1027868],2943275
3451127,Ternate (Chromis ternatensis),Small Ovals - Damselfishes > Damselfishes (Pomacentridae) > Ternate (Chromis ternatensis),37807,Gx041724.mp4,[350.1027868],2943276
3451128,Ternate (Chromis ternatensis),Small Ovals - Damselfishes > Damselfishes (Pomacentridae) > Ternate (Chromis ternatensis),37807,Gx041724.mp4,[350.1027868],2943277
3451129,Ternate (Chromis ternatensis),Small Ovals - Damselfishes > Damselfishes (Pomacentridae) > Ternate (Chromis ternatensis),37807,Gx041724.mp4,[350.1027868],2943278
3451130,Ternate (Chromis ternatensis),Small Ovals - Damselfishes > Damselfishes (Pomacentridae) > Ternate (Chromis ternatensis),37807,Gx041724.mp4,[350.1027868],2943279
3451131,Ternate (Chromis ternatensis),Small Ovals - Damselfishes > Damselfishes (Pomacentridae) > Ternate (Chromis ternatensis),37807,Gx041724.mp4,[350.1027868],2943280
3451132,Ternate (Chromis ternatensis),Small Ovals - Damselfishes > Damselfishes (Pomacentridae) > Ternate (Chromis ternatensis),37807,Gx041724.mp4,[350.1027868],2943281
3451133,Ternate (Chromis ternatensis),Small Ovals - Damselfishes > Damselfishes (Pomacentridae) > Ternate (Chromis ternatensis),37807,Gx041724.mp4,[350.1027868],2943282
3451134,Ternate (Chromis ternatensis),Small Ovals - Damselfishes > Damselfishes (Pomacentridae) > Ternate (Chromis ternatensis),37807,Gx041724.mp4,[350.1027868],2943283
3451135,Ternate (Chromis ternatensis),Small Ovals - Damselfishes > Damselfishes (Pomacentridae) > Ternate (Chromis ternatensis),37807,Gx041724.mp4,[350.1027868],2943284
3451136,Ternate (Chromis ternatensis),Small Ovals - Damselfishes > Damselfishes (Pomacentridae) > Ternate (Chromis ternatensis),37807,Gx041724.mp4,[350.1027868],2943285
3451137,Ternate (Chromis ternatensis),Small Ovals - Damselfishes > Damselfishes (Pomacentridae) > Ternate (Chromis ternatensis),37807,Gx041724.mp4,[350.1027868],2943286
3451138,Ternate (Chromis ternatensis),Small Ovals - Damselfishes > Damselfishes (Pomacentridae) > Ternate (Chromis ternatensis),37807,Gx041724.mp4,[350.1027868],2943287
3451139,Ternate (Chromis ternatensis),Small Ovals - Damselfishes > Damselfishes (Pomacentridae) > Ternate (Chromis ternatensis),37807,Gx041724.mp4,[350.1027868],2943288
3451140,Ternate (Chromis ternatensis),Small Ovals - Damselfishes > Damselfishes (Pomacentridae) > Ternate (Chromis ternatensis),37807,Gx041724.mp4,[350.1027868],2943289
3451141,Ternate (Chromis ternatensis),Small Ovals - Damselfishes > Damselfishes (Pomacentridae) > Ternate (Chromis ternatensis),37807,Gx041724.mp4,[350.1027868],2943290
3451142,Ternate (Chromis ternatensis),Small Ovals - Damselfishes > Damselfishes (Pomacentridae) > Ternate (Chromis ternatensis),37807,Gx041724.mp4,[350.1027868],2943291
3451143,Ternate (Chromis ternatensis),Small Ovals - Damselfishes > Damselfishes (Pomacentridae) > Ternate (Chromis ternatensis),37807,Gx041724.mp4,[350.1027868],2943292
3451144,Ternate (Chromis ternatensis),Small Ovals - Damselfishes > Damselfishes (Pomacentridae) > Ternate (Chromis ternatensis),37807,Gx041724.mp4,[350.1027868],2943293
3451145,Ternate (Chromis ternatensis),Small Ovals - Damselfishes > Damselfishes (Pomacentridae) > Ternate (Chromis ternatensis),37807,Gx041724.mp4,[350.1027868],2943294
3451146,Ternate (Chromis ternatensis),Small Ovals - Damselfishes > Damselfishes (Pomacentridae) > Ternate (Chromis ternatensis),37807,Gx041724.mp4,[350.1027868],2943295
3451147,Ternate (Chromis ternatensis),Small Ovals - Damselfishes > Damselfishes (Pomacentridae) > Ternate (Chromis ternatensis),37807,Gx041724.mp4,[350.1027868],2943296
3451148,Ternate (Chromis ternatensis),Small Ovals - Damselfishes > Damselfishes (Pomacentridae) > Ternate (Chromis ternatensis),37807,Gx041724.mp4,[350.1027868],2943297
3451149,Ternate (Chromis ternatensis),Small Ovals - Damselfishes > Damselfishes (Pomacentridae) > Ternate (Chromis ternatensis),37807,Gx041724.mp4,[350.1027868],2943298
3451150,Ternate (Chromis ternatensis),Small Ovals - Damselfishes > Damselfishes (Pomacentridae) > Ternate (Chromis ternatensis),37807,Gx041724.mp4,[350.1027868],2943299
3451151,Ternate (Chromis ternatensis),Small Ovals - Damselfishes > Damselfishes (Pomacentridae) > Ternate (Chromis ternatensis),37807,Gx041724.mp4,[350.1027868],2943300
3451152,Ternate (Chromis ternatensis),Small Ovals - Damselfishes > Damselfishes (Pomacentridae) > Ternate (Chromis ternatensis),37807,Gx041724.mp4,[350.1027868],2943301
3451153,Ternate (Chromis ternatensis),Small Ovals - Damselfishes > Damselfishes (Pomacentridae) > Ternate (Chromis ternatensis),37807,Gx041724.mp4,[350.1027868],2943302
3451154,Ternate (Chromis ternatensis),Small Ovals - Damselfishes > Damselfishes (Pomacentridae) > Ternate (Chromis ternatensis),37807,Gx041724.mp4,[350.1027868],2943303
3451155,Ternate (Chromis ternatensis),Small Ovals - Damselfishes > Damselfishes (Pomacentridae) > Ternate (Chromis ternatensis),37807,Gx041724.mp4,[350.1027868],2943304
3451156,Ternate (Chromis ternatensis),Small Ovals - Damselfishes > Damselfishes (Pomacentridae) > Ternate (Chromis ternatensis),37807,Gx041724.mp4,[350.1027868],2943305
3451157,Ternate (Chromis ternatensis),Small Ovals - Damselfishes > Damselfishes (Pomacentridae) > Ternate (Chromis ternatensis),37807,Gx041724.mp4,[350.1027868],2943306
3451158,Ternate (Chromis ternatensis),Small Ovals - Damselfishes > Damselfishes (Pomacentridae) > Ternate (Chromis ternatensis),37807,Gx041724.mp4,[350.1027868],2943307
3451159,Ternate (Chromis ternatensis),Small Ovals - Damselfishes > Damselfishes (Pomacentridae) > Ternate (Chromis ternatensis),37807,Gx041724.mp4,[350.1027868],2943308
3451160,Ternate (Chromis ternatensis),Small Ovals - Damselfishes > Damselfishes (Pomacentridae) > Ternate (Chromis ternatensis),37807,Gx041724.mp4,[350.1027868],2943309
3451161,Ternate (Chromis ternatensis),Small Ovals - Damselfishes > Damselfishes (Pomacentridae) > Ternate (Chromis ternatensis),37807,Gx041724.mp4,[350.1027868],2943310
3451162,Ternate (Chromis ternatensis),Small Ovals - Damselfishes > Damselfishes (Pomacentridae) > Ternate (Chromis ternatensis),37807,Gx041724.mp4,[350.1027868],2943311
3451163,Ternate (Chromis ternatensis),Small Ovals - Damselfishes > Damselfishes (Pomacentridae) > Ternate (Chromis ternatensis),37807,Gx041724.mp4,[350.1027868],2943312
3451164,Ternate (Chromis ternatensis),Small Ovals - Damselfishes > Damselfishes (Pomacentridae) > Ternate (Chromis ternatensis),37807,Gx041724.mp4,[350.1027868],2943313
3451165,Ternate (Chromis ternatensis),Small Ovals - Damselfishes > Damselfishes (Pomacentridae) > Ternate (Chromis ternatensis),37807,Gx041724.mp4,[350.1027868],2943314
3451166,Ternate (Chromis ternatensis),Small Ovals - Damselfishes > Damselfishes (Pomacentridae) > Ternate (Chromis ternatensis),37807,Gx041724.mp4,[350.1027868],2943315
3451167,Ternate (Chromis ternatensis),Small Ovals - Damselfishes > Damselfishes (Pomacentridae) > Ternate (Chromis ternatensis),37807,Gx041724.mp4,[350.1027868],2943316
3451168,Ternate (Chromis ternatensis),Small Ovals - Damselfishes > Damselfishes (Pomacentridae) > Ternate (Chromis ternatensis),37807,Gx041724.mp4,[350.1027868],2943317
3451169,Ternate (Chromis ternatensis),Small Ovals - Damselfishes > Damselfishes (Pomacentridae) > Ternate (Chromis ternatensis),37807,Gx041724.mp4,[350.1027868],2943318
3451170,Ternate (Chromis ternatensis),Small Ovals - Damselfishes > Damselfishes (Pomacentridae) > Ternate (Chromis ternatensis),37807,Gx041724.mp4,[350.1027868],2943319
3451171,Ternate (Chromis ternatensis),Small Ovals - Damselfishes > Damselfishes (Pomacentridae) > Ternate (Chromis ternatensis),37807,Gx041724.mp4,[350.1027868],2943320
3451172,Ternate (Chromis ternatensis),Small Ovals - Damselfishes > Damselfishes (Pomacentridae) > Ternate (Chromis ternatensis),37807,Gx041724.mp4,[350.1027868],2943321
3451173,Ternate (Chromis ternatensis),Small Ovals - Damselfishes > Damselfishes (Pomacentridae) > Ternate (Chromis ternatensis),37807,Gx041724.mp4,[350.1027868],2943322
3451174,Ternate (Chromis ternatensis),Small Ovals - Damselfishes > Damselfishes (Pomacentridae) > Ternate (Chromis ternatensis),37807,Gx041724.mp4,[350.1027868],2943323
3451175,Ternate (Chromis ternatensis),Small Ovals - Damselfishes > Damselfishes (Pomacentridae) > Ternate (Chromis ternatensis),37807,Gx041724.mp4,[350.1027868],2943324
3451176,Ternate (Chromis ternatensis),Small Ovals - Damselfishes > Damselfishes (Pomacentridae) > Ternate (Chromis ternatensis),37807,Gx041724.mp4,[350.1027868],2943325
3451177,Ternate (Chromis ternatensis),Small Ovals - Damselfishes > Damselfishes (Pomacentridae) > Ternate (Chromis ternatensis),37807,Gx041724.mp4,[350.1027868],2943326
3451178,Ternate (Chromis ternatensis),Small Ovals - Damselfishes > Damselfishes (Pomacentridae) > Ternate (Chromis ternatensis),37807,Gx041724.mp4,[350.1027868],2943327
3451179,Ternate (Chromis ternatensis),Small Ovals - Damselfishes > Damselfishes (Pomacentridae) > Ternate (Chromis ternatensis),37807,Gx041724.mp4,[350.1027868],2943328
3451180,Ternate (Chromis ternatensis),Small Ovals - Damselfishes > Damselfishes (Pomacentridae) > Ternate (Chromis ternatensis),37807,Gx041724.mp4,[350.1027868],2943329
3451181,Ternate (Chromis ternatensis),Small Ovals - Damselfishes > Damselfishes (Pomacentridae) > Ternate (Chromis ternatensis),37807,Gx041724.mp4,[350.1027868],2943330
3451182,Ternate (Chromis ternatensis),Small Ovals - Damselfishes > Damselfishes (Pomacentridae) > Ternate (Chromis ternatensis),37807,Gx041724.mp4,[350.1027868],2943331
3451183,Ternate (Chromis ternatensis),Small Ovals - Damselfishes > Damselfishes (Pomacentridae) > Ternate (Chromis ternatensis),37807,Gx041724.mp4,[350.1027868],2943332
3451184,Ternate (Chromis ternatensis),Small Ovals - Damselfishes > Damselfishes (Pomacentridae) > Ternate (Chromis ternatensis),37807,Gx041724.mp4,[350.1027868],2943333
3451185,Ternate (Chromis ternatensis),Small Ovals - Damselfishes > Damselfishes (Pomacentridae) > Ternate (Chromis ternatensis),37807,Gx041724.mp4,[350.1027868],2943334
3451186,Ternate (Chromis ternatensis),Small Ovals - Damselfishes > Damselfishes (Pomacentridae) > Ternate (Chromis ternatensis),37807,Gx041724.mp4,[350.1027868],2943335
3451187,Ternate (Chromis ternatensis),Small Ovals - Damselfishes > Damselfishes (Pomacentridae) > Ternate (Chromis ternatensis),37807,Gx041724.mp4,[350.1027868],2943336
3451188,Ternate (Chromis ternatensis),Small Ovals - Damselfishes > Damselfishes (Pomacentridae) > Ternate (Chromis ternatensis),37807,Gx041724.mp4,[350.1027868],2943337
3451189,Ternate (Chromis ternatensis),Small Ovals - Damselfishes > Damselfishes (Pomacentridae) > Ternate (Chromis ternatensis),37807,Gx041724.mp4,[350.1027868],2943338
3451190,Ternate (Chromis ternatensis),Small Ovals - Damselfishes > Damselfishes (Pomacentridae) > Ternate (Chromis ternatensis),37807,Gx041724.mp4,[350.1027868],2943339
3451191,Ternate (Chromis ternatensis),Small Ovals - Damselfishes > Damselfishes (Pomacentridae) > Ternate (Chromis ternatensis),37807,Gx041724.mp4,[350.1027868],2943340
3451192,Ternate (Chromis ternatensis),Small Ovals - Damselfishes > Damselfishes (Pomacentridae) > Ternate (Chromis ternatensis),37807,Gx041724.mp4,[350.1027868],2943341
3451193,Ternate (Chromis ternatensis),Small Ovals - Damselfishes > Damselfishes (Pomacentridae) > Ternate (Chromis ternatensis),37807,Gx041724.mp4,[350.1027868],2943342
3451194,Ternate (Chromis ternatensis),Small Ovals - Damselfishes > Damselfishes (Pomacentridae) > Ternate (Chromis ternatensis),37807,Gx041724.mp4,[350.1027868],2943343
3451195,Ternate (Chromis ternatensis),Small Ovals - Damselfishes > Damselfishes (Pomacentridae) > Ternate (Chromis ternatensis),37807,Gx041724.mp4,[350.1027868],2943344
3451196,Ternate (Chromis ternatensis),Small Ovals - Damselfishes > Damselfishes (Pomacentridae) > Ternate (Chromis ternatensis),37807,Gx041724.mp4,[350.1027868],2943345
3451197,Ternate (Chromis ternatensis),Small Ovals - Damselfishes > Damselfishes (Pomacentridae) > Ternate (Chromis ternatensis),37807,Gx041724.mp4,[350.1027868],2943346
3451198,Ternate (Chromis ternatensis),Small Ovals - Damselfishes > Damselfishes (Pomacentridae) > Ternate (Chromis ternatensis),37807,Gx041724.mp4,[350.1027868],2943347
3451199,Ternate (Chromis ternatensis),Small Ovals - Damselfishes > Damselfishes (Pomacentridae) > Ternate (Chromis ternatensis),37807,Gx041724.mp4,[350.1027868],2943348
3451200,Ternate (Chromis ternatensis),Small Ovals - Damselfishes > Damselfishes (Pomacentridae) > Ternate (Chromis ternatensis),37807,Gx041724.mp4,[350.1027868],2943349
3451201,Ternate (Chromis ternatensis),Small Ovals - Damselfishes > Damselfishes (Pomacentridae) > Ternate (Chromis ternatensis),37807,Gx041724.mp4,[350.1027868],2943350
3451202,Ternate (Chromis ternatensis),Small Ovals - Damselfishes > Damselfishes (Pomacentridae) > Ternate (Chromis ternatensis),37807,Gx041724.mp4,[350.1027868],2943351
3451203,Ternate (Chromis ternatensis),Small Ovals - Damselfishes > Damselfishes (Pomacentridae) > Ternate (Chromis ternatensis),37807,Gx041724.mp4,[350.1027868],2943352
3451204,Ternate (Chromis ternatensis),Small Ovals - Damselfishes > Damselfishes (Pomacentridae) > Ternate (Chromis ternatensis),37807,Gx041724.mp4,[350.1027868],2943353
3451205,Ternate (Chromis ternatensis),Small Ovals - Damselfishes > Damselfishes (Pomacentridae) > Ternate (Chromis ternatensis),37807,Gx041724.mp4,[350.1027868],2943354
3451206,Ternate (Chromis ternatensis),Small Ovals - Damselfishes > Damselfishes (Pomacentridae) > Ternate (Chromis ternatensis),37807,Gx041724.mp4,[350.1027868],2943355
3451207,Ternate (Chromis ternatensis),Small Ovals - Damselfishes > Damselfishes (Pomacentridae) > Ternate (Chromis ternatensis),37807,Gx041724.mp4,[350.1027868],2943356
3451208,Ternate (Chromis ternatensis),Small Ovals - Damselfishes > Damselfishes (Pomacentridae) > Ternate (Chromis ternatensis),37807,Gx041724.mp4,[350.1027868],2943357
3451209,Ternate (Chromis ternatensis),Small Ovals - Damselfishes > Damselfishes (Pomacentridae) > Ternate (Chromis ternatensis),37807,Gx041724.mp4,[350.1027868],2943358
3451210,Ternate (Chromis ternatensis),Small Ovals - Damselfishes > Damselfishes (Pomacentridae) > Ternate (Chromis ternatensis),37807,Gx041724.mp4,[350.1027868],2943359
3451211,Ternate (Chromis ternatensis),Small Ovals - Damselfishes > Damselfishes (Pomacentridae) > Ternate (Chromis ternatensis),37807,Gx041724.mp4,[350.1027868],2943360
3451212,Ternate (Chromis ternatensis),Small Ovals - Damselfishes > Damselfishes (Pomacentridae) > Ternate (Chromis ternatensis),37807,Gx041724.mp4,[350.1027868],2943361
3451213,Ternate (Chromis ternatensis),Small Ovals - Damselfishes > Damselfishes (Pomacentridae) > Ternate (Chromis ternatensis),37807,Gx041724.mp4,[350.1027868],2943362
3451214,Ternate (Chromis ternatensis),Small Ovals - Damselfishes > Damselfishes (Pomacentridae) > Ternate (Chromis ternatensis),37807,Gx041724.mp4,[350.1027868],2943363
3451215,Ternate (Chromis ternatensis),Small Ovals - Damselfishes > Damselfishes (Pomacentridae) > Ternate (Chromis ternatensis),37807,Gx041724.mp4,[350.1027868],2943364
3451216,Ternate (Chromis ternatensis),Small Ovals - Damselfishes > Damselfishes (Pomacentridae) > Ternate (Chromis ternatensis),37807,Gx041724.mp4,[350.1027868],2943365
3451217,Ternate (Chromis ternatensis),Small Ovals - Damselfishes > Damselfishes (Pomacentridae) > Ternate (Chromis ternatensis),37807,Gx041724.mp4,[350.1027868],2943366
3451218,Ternate (Chromis ternatensis),Small Ovals - Damselfishes > Damselfishes (Pomacentridae) > Ternate (Chromis ternatensis),37807,Gx041724.mp4,[350.1027868],2943367
3451219,Ternate (Chromis ternatensis),Small Ovals - Damselfishes > Damselfishes (Pomacentridae) > Ternate (Chromis ternatensis),37807,Gx041724.mp4,[350.1027868],2943368
3451220,Ternate (Chromis ternatensis),Small Ovals - Damselfishes > Damselfishes (Pomacentridae) > Ternate (Chromis ternatensis),37807,Gx041724.mp4,[350.1027868],2943369
3451221,Ternate (Chromis ternatensis),Small Ovals - Damselfishes > Damselfishes (Pomacentridae) > Ternate (Chromis ternatensis),37807,Gx041724.mp4,[350.1027868],2943370
3451222,Ternate (Chromis ternatensis),Small Ovals - Damselfishes > Damselfishes (Pomacentridae) > Ternate (Chromis ternatensis),37807,Gx041724.mp4,[350.1027868],2943371
3451223,Ternate (Chromis ternatensis),Small Ovals - Damselfishes > Damselfishes (Pomacentridae) > Ternate (Chromis ternatensis),37807,Gx041724.mp4,[350.1027868],2943372
3451224,Ternate (Chromis ternatensis),Small Ovals - Damselfishes > Damselfishes (Pomacentridae) > Ternate (Chromis ternatensis),37807,Gx041724.mp4,[350.1027868],2943373
3451225,Ternate (Chromis ternatensis),Small Ovals - Damselfishes > Damselfishes (Pomacentridae) > Ternate (Chromis ternatensis),37807,Gx041724.mp4,[350.1027868],2943374
3451226,Ternate (Chromis ternatensis),Small Ovals - Damselfishes > Damselfishes (Pomacentridae) > Ternate (Chromis ternatensis),37807,Gx041724.mp4,[350.1027868],2943375
3451227,Ternate (Chromis ternatensis),Small Ovals - Damselfishes > Damselfishes (Pomacentridae) > Ternate (Chromis ternatensis),37807,Gx041724.mp4,[350.1027868],2943376
3451228,Ternate (Chromis ternatensis),Small Ovals - Damselfishes > Damselfishes (Pomacentridae) > Ternate (Chromis ternatensis),37807,Gx041724.mp4,[350.1027868],2943377
3451229,Ternate (Chromis ternatensis),Small Ovals - Damselfishes > Damselfishes (Pomacentridae) > Ternate (Chromis ternatensis),37807,Gx041724.mp4,[350.1027868],2943378
3451230,Ternate (Chromis ternatensis),Small Ovals - Damselfishes > Damselfishes (Pomacentridae) > Ternate (Chromis ternatensis),37807,Gx041724.mp4,[350.1027868],2943379
3451231,Ternate (Chromis ternatensis),Small Ovals - Damselfishes > Damselfishes (Pomacentridae) > Ternate (Chromis ternatensis),37807,Gx041724.mp4,[350.1027868],2943380
3451232,Ternate (Chromis ternatensis),Small Ovals - Damselfishes > Damselfishes (Pomacentridae) > Ternate (Chromis ternatensis),37807,Gx041724.mp4,[350.1027868],2943381
3451233,Ternate (Chromis ternatensis),Small Ovals - Damselfishes > Damselfishes (Pomacentridae) > Ternate (Chromis ternatensis),37807,Gx041724.mp4,[350.1027868],2943382
3451234,Ternate (Chromis ternatensis),Small Ovals - Damselfishes > Damselfishes (Pomacentridae) > Ternate (Chromis ternatensis),37807,Gx041724.mp4,[350.1027868],2943383
3451235,Ternate (Chromis ternatensis),Small Ovals - Damselfishes > Damselfishes (Pomacentridae) > Ternate (Chromis ternatensis),37807,Gx041724.mp4,[350.1027868],2943384
3451236,Ternate (Chromis ternatensis),Small Ovals - Damselfishes > Damselfishes (Pomacentridae) > Ternate (Chromis ternatensis),37807,Gx041724.mp4,[350.1027868],2943385
3451237,Ternate (Chromis ternatensis),Small Ovals - Damselfishes > Damselfishes (Pomacentridae) > Ternate (Chromis ternatensis),37807,Gx041724.mp4,[350.1027868],2943386
3451238,Ternate (Chromis ternatensis),Small Ovals - Damselfishes > Damselfishes (Pomacentridae) > Ternate (Chromis ternatensis),37807,Gx041724.mp4,[350.1027868],2943387
3451239,Ternate (Chromis ternatensis),Small Ovals - Damselfishes > Damselfishes (Pomacentridae) > Ternate (Chromis ternatensis),37807,Gx041724.mp4,[350.1027868],2943388
3451240,Ternate (Chromis ternatensis),Small Ovals - Damselfishes > Damselfishes (Pomacentridae) > Ternate (Chromis ternatensis),37807,Gx041724.mp4,[350.1027868],2943389
3451241,Ternate (Chromis ternatensis),Small Ovals - Damselfishes > Damselfishes (Pomacentridae) > Ternate (Chromis ternatensis),37804,Gx011724.mp4,[219.2499716],2943390
3617964,False-eye (Abudefduf sparoides),Small Ovals - Damselfishes > Damselfishes (Pomacentridae) > False-eye (Abudefduf sparoides),37804,Gx011724.mp4,[1.788538],3077322
3620645,Linedcheeked (Oxycheilinus digramma),Wrasses > Wrasses (Labridae) > Linedcheeked (Oxycheilinus digramma),37805,Gx021724.mp4,[110.80765],3079986
3620646,Wrasses (Labridae),Wrasses > Wrasses (Labridae),37806,Gx031724.mp4,[397.421757],3079987
3620647,Wrasses (Labridae),Wrasses > Wrasses (Labridae),37806,Gx031724.mp4,[397.421757],3079988
3620648,Whiteline (Stethojulis albovittata),Wrasses > Wrasses (Labridae) > Whiteline (Stethojulis albovittata),37807,Gx041724.mp4,[623.837546],3079989
3620854,Threespot Dascyllus (Dascyllus trimaculatus),Small Ovals - Damselfishes > Damselfishes (Pomacentridae) > Threespot Dascyllus (Dascyllus trimaculatus),37806,Gx031724.mp4,[208.903236],3080195
